_id,customer,quakeId,howIFelt,accuracy,coordinates[0],coordinates[1],createdAt
69bbde4fb409d60963ddaf27,5e1f25f2965553ffafa5aaac,2850d217-45bb-4a84-8175-f159c386f1ae,didnt-feel,correct,-99.2420905,19.3557646,2026-03-19T11:30:23.483Z
69bbde536e5e34587997007d,614287f2d9f8685330688065,2850d217-45bb-4a84-8175-f159c386f1ae,didnt-feel,correct,-99.10830521987289,19.30823562500184,2026-03-19T11:30:27.901Z
69bbde5933881af97062218b,5eb1125087a878000abe08ec,2850d217-45bb-4a84-8175-f159c386f1ae,didnt-feel,dont-know,-99.1373136,19.4302678,2026-03-19T11:30:33.646Z
69bbde5996943ca0faace8fa,5eb1125087a878000abe08ec,2850d217-45bb-4a84-8175-f159c386f1ae,didnt-feel,dont-know,-99.1373136,19.4302678,2026-03-19T11:30:33.707Z
69bbde7296943ca0faace97d,68c0c0c4c51f3c9adaf62638,2850d217-45bb-4a84-8175-f159c386f1ae,weak,correct,-99.69272061264692,19.265231517793342,2026-03-19T11:30:58.345Z
69bbde773d8f0a6fe7086a4a,62ec213ca20dffb7f324f330,2850d217-45bb-4a84-8175-f159c386f1ae,didnt-feel,correct,-99.1242057,19.2906465,2026-03-19T11:31:03.116Z
69bbde7a8c829929f30120e3,5af0deee4df1d890456d21b5,2850d217-45bb-4a84-8175-f159c386f1ae,didnt-feel,dont-know,-99.1442316,19.4431779,2026-03-19T11:31:06.276Z
69bbde8696943ca0faace9b8,6957d1b879f7efc3480be0e6,2850d217-45bb-4a84-8175-f159c386f1ae,didnt-feel,dont-know,-99.214829,19.550088799999997,2026-03-19T11:31:18.007Z
69bbde9696943ca0faace9f3,59f64e8492c50710c3ecb271,2850d217-45bb-4a84-8175-f159c386f1ae,weak,correct,-99.1089562,19.324890099999998,2026-03-19T11:31:34.647Z
69bbdea23d8f0a6fe7086ade,6957d08e390c7a50e9de9631,2850d217-45bb-4a84-8175-f159c386f1ae,weak,correct,-101.1762341,19.6820494,2026-03-19T11:31:46.530Z
69bbdecf21e7d9be65f5a2dd,59f7204e178b28f9fbf4065b,2850d217-45bb-4a84-8175-f159c386f1ae,didnt-feel,dont-know,-99.2072003,19.4437197,2026-03-19T11:32:31.344Z
69bbdf3033f58ed4c61d1d41,5a0c977b81710def8248b05e,2850d217-45bb-4a84-8175-f159c386f1ae,didnt-feel,dont-know,-99.2446093,19.3416095,2026-03-19T11:34:08.052Z
69bbdfa6733b8958239f5c75,5a08c64695975e38ad365f2c,2850d217-45bb-4a84-8175-f159c386f1ae,strong,stronger,-99.502004,17.5539614,2026-03-19T11:36:07.002Z
69bbe01b9ab22f0ea43c50e1,63cd4ab2b9c41aee35c8921a,2850d217-45bb-4a84-8175-f159c386f1ae,didnt-feel,correct,-99.1310486,19.4318565,2026-03-19T11:38:03.376Z
69bbe02eca8ee595099e558c,5bea19f03e74669d779fba05,2850d217-45bb-4a84-8175-f159c386f1ae,didnt-feel,correct,-99.0613859,19.4925645,2026-03-19T11:38:22.584Z
69bbe02fca8ee595099e5592,665483f7a5345dcaf29752f8,2850d217-45bb-4a84-8175-f159c386f1ae,weak,correct,-99.05473111197352,19.514068007375542,2026-03-19T11:38:23.513Z
69bbe031b8fdcdb7e1b227ae,613939593d89f60856c27670,2850d217-45bb-4a84-8175-f159c386f1ae,weak,correct,-99.9121457,16.8597541,2026-03-19T11:38:25.309Z
69bbe0333ae94e89738495b2,65983c00e49c482a5f9dc85b,2850d217-45bb-4a84-8175-f159c386f1ae,didnt-feel,correct,-99.0267076,19.600887999999998,2026-03-19T11:38:27.344Z
69bbe0338c829929f3012563,69b204a94529cf488d4e4378,2850d217-45bb-4a84-8175-f159c386f1ae,strong,correct,-100.2487967,17.2522619,2026-03-19T11:38:27.597Z
69bbe0353ae94e89738495b8,687789418f83042cff2298aa,2850d217-45bb-4a84-8175-f159c386f1ae,weak,correct,-99.19128970000001,19.3465231,2026-03-19T11:38:29.969Z
69bbe03633881af97062268b,6328101447e13e53f4d13d65,2850d217-45bb-4a84-8175-f159c386f1ae,didnt-feel,correct,-99.1575772,19.2710618,2026-03-19T11:38:30.168Z
69bbe0368c829929f3012574,6327ff2ca54f690c0f0cc655,2850d217-45bb-4a84-8175-f159c386f1ae,didnt-feel,correct,-99.1601925,19.4180436,2026-03-19T11:38:30.527Z
69bbe03686e0f5f192bcf1b7,6990c496db948d54117d1787,2850d217-45bb-4a84-8175-f159c386f1ae,weak,correct,-99.83641920571584,16.81210838060212,2026-03-19T11:38:30.953Z
69bbe037b409d60963ddb4c7,59f88052543d32d8d526d8ee,2850d217-45bb-4a84-8175-f159c386f1ae,didnt-feel,dont-know,-99.1680155,19.4313163,2026-03-19T11:38:31.067Z
69bbe03756f80c19cdfe7450,687789418f83042cff2298aa,2850d217-45bb-4a84-8175-f159c386f1ae,weak,correct,-99.19128970000001,19.3465231,2026-03-19T11:38:31.328Z
69bbe0378e8ac06d49fedda8,688e54639eb6b8344b76f0c0,2850d217-45bb-4a84-8175-f159c386f1ae,didnt-feel,correct,-99.25500029999999,19.4905757,2026-03-19T11:38:31.367Z
69bbe0373d8f0a6fe7086e6d,67b203ede9bf90a9c49267f1,2850d217-45bb-4a84-8175-f159c386f1ae,didnt-feel,dont-know,-99.12566598974925,19.43272994122763,2026-03-19T11:38:31.551Z
69bbe03721e7d9be65f5a640,68cf6a784f46c51fa1887099,2850d217-45bb-4a84-8175-f159c386f1ae,moderate,correct,-99.6282581,19.2792611,2026-03-19T11:38:31.838Z
69bbe0376e5e345879970630,59f7120b26457201db673601,2850d217-45bb-4a84-8175-f159c386f1ae,didnt-feel,correct,-99.29743761710805,19.370227855778687,2026-03-19T11:38:31.924Z
69bbe0386f3ec378d96f34c8,5a02ae4a1145d83efcb85951,2850d217-45bb-4a84-8175-f159c386f1ae,didnt-feel,correct,-99.0073673,19.4102526,2026-03-19T11:38:32.335Z
69bbe03833881af970622695,610e0db7c56ea4817aeb0cc7,2850d217-45bb-4a84-8175-f159c386f1ae,didnt-feel,dont-know,-99.1251318,19.4316849,2026-03-19T11:38:32.527Z
69bbe0399c2fd53e108bd084,69361011cec4454ec3bbd4db,2850d217-45bb-4a84-8175-f159c386f1ae,didnt-feel,correct,-99.04695035889745,19.46912671576699,2026-03-19T11:38:33.188Z
69bbe03986e0f5f192bcf1c4,5a8ae40d5b7cc0cee07f924e,2850d217-45bb-4a84-8175-f159c386f1ae,strong,stronger,-99.9264371,16.867353,2026-03-19T11:38:33.296Z
69bbe0396f3ec378d96f34cd,5abcf6920162b16d8a9042ad,2850d217-45bb-4a84-8175-f159c386f1ae,didnt-feel,correct,-93.1530191,17.8593456,2026-03-19T11:38:33.455Z
69bbe03933f58ed4c61d1f75,6783e9ff29529a979f957b77,2850d217-45bb-4a84-8175-f159c386f1ae,didnt-feel,correct,-99.1497664,19.3545104,2026-03-19T11:38:33.590Z
69bbe039bf58a109b517ac2a,697f55d79ea2c7084f894314,2850d217-45bb-4a84-8175-f159c386f1ae,didnt-feel,correct,-99.53119389999999,17.5950102,2026-03-19T11:38:33.662Z
69bbe039146eacf0bb9cf221,59f70bca26457201db673398,2850d217-45bb-4a84-8175-f159c386f1ae,didnt-feel,dont-know,-99.23006409999999,19.365176299999998,2026-03-19T11:38:33.990Z
69bbe03a6e5e345879970643,692def8d556c112ab849d20f,2850d217-45bb-4a84-8175-f159c386f1ae,weak,correct,-99.11665119999999,19.4038185,2026-03-19T11:38:34.003Z
69bbe03a733b8958239f5e13,6957e5f7f8beefab4654bd1d,2850d217-45bb-4a84-8175-f159c386f1ae,weak,correct,-99.1705253,17.4129187,2026-03-19T11:38:34.405Z
69bbe03a9c2fd53e108bd08a,59f71587178b28f9fbf3fe85,2850d217-45bb-4a84-8175-f159c386f1ae,didnt-feel,dont-know,-99.1668002,19.3838043,2026-03-19T11:38:34.473Z
69bbe03a8e8ac06d49feddc3,622587700b84737c45f56594,2850d217-45bb-4a84-8175-f159c386f1ae,didnt-feel,dont-know,-99.41958026960492,19.112567572776605,2026-03-19T11:38:34.504Z
69bbe03b86e0f5f192bcf202,63df749ce19b4d08d1b2fabe,2850d217-45bb-4a84-8175-f159c386f1ae,didnt-feel,dont-know,-99.2129604,18.908895,2026-03-19T11:38:35.008Z
69bbe03bf259fd2471ba497d,5ba2804f4e540ccf6703b67f,2850d217-45bb-4a84-8175-f159c386f1ae,didnt-feel,dont-know,-99.1698333,19.472084199999998,2026-03-19T11:38:35.366Z
69bbe03ba8de4d2d75f96c01,632c0ec4434b0f0bd3ee1501,2850d217-45bb-4a84-8175-f159c386f1ae,didnt-feel,correct,-99.1762646,19.414717,2026-03-19T11:38:35.393Z
69bbe03c3ae94e89738495ff,5c3bb6a6593a3860380072a9,2850d217-45bb-4a84-8175-f159c386f1ae,weak,correct,-99.4860234,17.524718999999997,2026-03-19T11:38:36.448Z
69bbe03c146eacf0bb9cf22d,69b8e03a4529cf488d6f6955,2850d217-45bb-4a84-8175-f159c386f1ae,weak,weaker,-99.82482265681028,18.190443753674234,2026-03-19T11:38:36.797Z
69bbe03c16f32f3334e55b43,5d553e6e079747597fca1bd0,2850d217-45bb-4a84-8175-f159c386f1ae,didnt-feel,correct,-99.2203687,19.650004,2026-03-19T11:38:36.818Z
69bbe03c86e0f5f192bcf208,6896ccd2421d3798dfba3f2b,2850d217-45bb-4a84-8175-f159c386f1ae,weak,correct,-99.38230594620109,16.790260578723732,2026-03-19T11:38:36.824Z
69bbe03ceae4277c39002b5b,69b625474529cf488d64f172,2850d217-45bb-4a84-8175-f159c386f1ae,weak,correct,-99.84039589999999,16.9048186,2026-03-19T11:38:36.886Z
69bbe03c146eacf0bb9cf230,6572baebec2152cc8396e985,2850d217-45bb-4a84-8175-f159c386f1ae,didnt-feel,dont-know,-99.12530260734064,19.298157976900434,2026-03-19T11:38:36.993Z
69bbe03d8e8ac06d49feddd4,685f223424f884ad149ab41c,2850d217-45bb-4a84-8175-f159c386f1ae,weak,correct,-99.2002892,19.3718426,2026-03-19T11:38:37.138Z
69bbe03d9ab22f0ea43c526d,5a141acb49297f5a37e78e0f,2850d217-45bb-4a84-8175-f159c386f1ae,moderate,stronger,-99.8939345,16.8650524,2026-03-19T11:38:37.185Z
69bbe03dca8ee595099e55e1,6585155167467b3e07f34c7d,2850d217-45bb-4a84-8175-f159c386f1ae,moderate,correct,-99.1680155,19.4313163,2026-03-19T11:38:37.324Z
69bbe03d2db13e4ce6b95edb,5a8b05189d7756997f914463,2850d217-45bb-4a84-8175-f159c386f1ae,didnt-feel,weaker,-99.2195111,19.68732,2026-03-19T11:38:37.389Z
69bbe03d733b8958239f5e31,6450b6b037597e434adcd246,2850d217-45bb-4a84-8175-f159c386f1ae,didnt-feel,weaker,-99.1601925,19.4180436,2026-03-19T11:38:37.421Z
69bbe03d3d8f0a6fe7086e94,5a0c9a02b202584a119cbf9e,2850d217-45bb-4a84-8175-f159c386f1ae,didnt-feel,dont-know,-99.2536148,18.9768267,2026-03-19T11:38:37.440Z
69bbe03d96943ca0faacedd5,5d4cfa7f25c1e9cd224b5dab,2850d217-45bb-4a84-8175-f159c386f1ae,didnt-feel,correct,-99.2695201,19.3566598,2026-03-19T11:38:37.477Z
69bbe03d6914ae332b571271,6733b0697df6de46e3fb8e97,2850d217-45bb-4a84-8175-f159c386f1ae,didnt-feel,correct,-98.93281370000001,19.2872088,2026-03-19T11:38:37.571Z
69bbe03d86e0f5f192bcf20c,6969df6b61d71c8504d0eb3a,2850d217-45bb-4a84-8175-f159c386f1ae,didnt-feel,dont-know,-99.1744974,19.4702091,2026-03-19T11:38:37.590Z
69bbe03db409d60963ddb4ec,59f6637d178b28f9fbf370d5,2850d217-45bb-4a84-8175-f159c386f1ae,didnt-feel,dont-know,-99.1088199,19.4436767,2026-03-19T11:38:37.674Z
69bbe03e33f58ed4c61d1fa0,632e4a8dc56279a5289339fa,2850d217-45bb-4a84-8175-f159c386f1ae,didnt-feel,correct,-99.18852079999999,19.4114729,2026-03-19T11:38:38.031Z
69bbe03e6e5e345879970661,632c05d284423860712bc5d4,2850d217-45bb-4a84-8175-f159c386f1ae,didnt-feel,correct,-99.2834093,19.4471389,2026-03-19T11:38:38.071Z
69bbe03ef259fd2471ba498a,6889dabb92aa64705d26a51b,2850d217-45bb-4a84-8175-f159c386f1ae,weak,correct,-99.132101,19.434037,2026-03-19T11:38:38.237Z
69bbe03e3d8f0a6fe7086ea1,6138316652bbe7a6e61d5bd0,2850d217-45bb-4a84-8175-f159c386f1ae,weak,correct,-99.1539178,19.394073400000003,2026-03-19T11:38:38.334Z
69bbe03ea8de4d2d75f96c1a,650539b830ae245940e42439,2850d217-45bb-4a84-8175-f159c386f1ae,didnt-feel,correct,-99.132101,19.434037,2026-03-19T11:38:38.454Z
69bbe03eeae4277c39002b83,63cb6db4b172957258a8dc0f,2850d217-45bb-4a84-8175-f159c386f1ae,didnt-feel,correct,-99.2026966,19.4433631,2026-03-19T11:38:38.690Z
69bbe03e16d3535bc255f66f,5a8a7e949f71719058b25e0e,2850d217-45bb-4a84-8175-f159c386f1ae,didnt-feel,dont-know,-99.1251318,19.4316849,2026-03-19T11:38:38.875Z
69bbe03e16d3535bc255f671,63064f12e1de50de71371d15,2850d217-45bb-4a84-8175-f159c386f1ae,didnt-feel,dont-know,-99.1812794,19.4447293,2026-03-19T11:38:38.895Z
69bbe03fca8ee595099e55ea,64f6741f1f32021632492688,2850d217-45bb-4a84-8175-f159c386f1ae,didnt-feel,dont-know,-99.58473520000001,19.3710831,2026-03-19T11:38:39.037Z
69bbe03f8e8ac06d49feddf2,69b85b3b4529cf488d6ce497,2850d217-45bb-4a84-8175-f159c386f1ae,violent,stronger,-99.132101,19.434037,2026-03-19T11:38:39.146Z
69bbe03f56f80c19cdfe749d,68c17fe88e7b82939f3665bc,2850d217-45bb-4a84-8175-f159c386f1ae,didnt-feel,correct,-99.1248628,19.2909523,2026-03-19T11:38:39.250Z
69bbe03f3d8f0a6fe7086ea6,65d80658b7085d443da9d642,2850d217-45bb-4a84-8175-f159c386f1ae,didnt-feel,dont-know,-99.6362578,19.2938327,2026-03-19T11:38:39.354Z
69bbe03fca8ee595099e55ed,66ef3b8b7e4ab00f5df8a16e,2850d217-45bb-4a84-8175-f159c386f1ae,didnt-feel,correct,-98.2556973,19.0457788,2026-03-19T11:38:39.383Z
69bbe03fb409d60963ddb4f9,69ba99ab3d8f0a6fe701fdc6,2850d217-45bb-4a84-8175-f159c386f1ae,didnt-feel,dont-know,-99.16802390000001,19.3813647,2026-03-19T11:38:39.484Z
69bbe03f8e8ac06d49feddf5,67838381b265f3b083d38f3a,2850d217-45bb-4a84-8175-f159c386f1ae,didnt-feel,dont-know,-99.1379136,19.3729344,2026-03-19T11:38:39.560Z
69bbe03fbf58a109b517ac68,6969ed04e99ea5fc2d577c72,2850d217-45bb-4a84-8175-f159c386f1ae,didnt-feel,weaker,-99.07957189999999,19.670822599999997,2026-03-19T11:38:39.564Z
69bbe03f836cd96c699dfc40,613820830d92636d6d916d76,2850d217-45bb-4a84-8175-f159c386f1ae,weak,correct,-98.29544726566968,18.946637218490306,2026-03-19T11:38:39.673Z
69bbe03f33f58ed4c61d1faf,685f223424f884ad149ab41c,2850d217-45bb-4a84-8175-f159c386f1ae,weak,correct,-99.2002892,19.3718426,2026-03-19T11:38:39.685Z
69bbe03f16d3535bc255f674,5b5129cbb84f043d4d56816c,2850d217-45bb-4a84-8175-f159c386f1ae,didnt-feel,correct,-99.16083719999999,18.906402999999997,2026-03-19T11:38:39.776Z
69bbe040eae4277c39002b91,68293da7ffeff84c7b8ad0db,2850d217-45bb-4a84-8175-f159c386f1ae,weak,correct,-99.8473729,16.879681899999998,2026-03-19T11:38:40.018Z
69bbe04056f80c19cdfe74af,65c53045e49c48993069644c,2850d217-45bb-4a84-8175-f159c386f1ae,didnt-feel,dont-know,-99.8634305,16.859959,2026-03-19T11:38:40.112Z
69bbe04056f80c19cdfe74b1,66f6faa8bf4905cdf5440dc3,2850d217-45bb-4a84-8175-f159c386f1ae,didnt-feel,stronger,-99.0088119,19.6922939,2026-03-19T11:38:40.243Z
69bbe0408e8ac06d49feddf8,6234e71d5c8d9e7dd906e144,2850d217-45bb-4a84-8175-f159c386f1ae,didnt-feel,dont-know,-99.2080434,19.3920675,2026-03-19T11:38:40.255Z
69bbe04033881af9706226bb,5b9e69e94518c8f58b20b748,2850d217-45bb-4a84-8175-f159c386f1ae,weak,correct,-99.1805466,18.615909,2026-03-19T11:38:40.719Z
69bbe04021e7d9be65f5a67f,59fd2e641145d83efcb761f0,2850d217-45bb-4a84-8175-f159c386f1ae,didnt-feel,dont-know,-99.15530160000002,19.3807458,2026-03-19T11:38:40.814Z
69bbe040a8de4d2d75f96c26,5a28d9a8665c8f1fffc2016e,2850d217-45bb-4a84-8175-f159c386f1ae,didnt-feel,correct,-99.0194097,19.5886724,2026-03-19T11:38:40.835Z
69bbe04056f80c19cdfe74b4,6329e73861e1e48af47ca9e4,2850d217-45bb-4a84-8175-f159c386f1ae,didnt-feel,weaker,-99.1785571,19.358219,2026-03-19T11:38:40.909Z
69bbe04116f32f3334e55b5c,5cb9867b66e14df4cb3b5dc1,2850d217-45bb-4a84-8175-f159c386f1ae,didnt-feel,dont-know,-99.6198318,19.1609654,2026-03-19T11:38:41.447Z
69bbe041ca8ee595099e55f6,5a878e7e212109ec275f86b6,2850d217-45bb-4a84-8175-f159c386f1ae,didnt-feel,dont-know,-99.1251318,19.4316849,2026-03-19T11:38:41.469Z
69bbe041733b8958239f5e5c,5a7604b6516763ab118dbc0f,2850d217-45bb-4a84-8175-f159c386f1ae,didnt-feel,correct,-99.0982515,19.4336732,2026-03-19T11:38:41.573Z
69bbe04116d3535bc255f67b,59f67c9526457201db66be62,2850d217-45bb-4a84-8175-f159c386f1ae,didnt-feel,dont-know,-98.19669429999999,19.0444606,2026-03-19T11:38:41.616Z
69bbe041f259fd2471ba4998,6329c8cf4abe55da77c5e277,2850d217-45bb-4a84-8175-f159c386f1ae,didnt-feel,dont-know,-99.1943458,19.4287353,2026-03-19T11:38:41.645Z
69bbe0416e5e345879970677,632cb47f7a970b624029149d,2850d217-45bb-4a84-8175-f159c386f1ae,didnt-feel,dont-know,-99.0397642,19.3084979,2026-03-19T11:38:41.679Z
69bbe041eae4277c39002ba1,59f945c3543d32d8d5276fab,2850d217-45bb-4a84-8175-f159c386f1ae,didnt-feel,correct,-99.1915668,19.3895448,2026-03-19T11:38:41.755Z
69bbe0418e8ac06d49fede01,6522cd238861a00c64fb4599,2850d217-45bb-4a84-8175-f159c386f1ae,didnt-feel,correct,-99.1317408,19.3814973,2026-03-19T11:38:41.819Z
69bbe042733b8958239f5e5f,65767957899c49bfecd7ace6,2850d217-45bb-4a84-8175-f159c386f1ae,didnt-feel,dont-know,-98.99493679999999,19.65408,2026-03-19T11:38:42.106Z
69bbe04296943ca0faacedfc,59f88c88543d32d8d526edda,2850d217-45bb-4a84-8175-f159c386f1ae,didnt-feel,weaker,-99.1810011,19.3834223,2026-03-19T11:38:42.123Z
69bbe042b8fdcdb7e1b22863,68e35d2cafbc77872df061a6,2850d217-45bb-4a84-8175-f159c386f1ae,didnt-feel,dont-know,-98.2244094,19.0128239,2026-03-19T11:38:42.271Z
69bbe0428deb527581514fd2,5a02743061c0127ef035156b,2850d217-45bb-4a84-8175-f159c386f1ae,didnt-feel,correct,-98.9742237,18.9052305,2026-03-19T11:38:42.277Z
69bbe042eae4277c39002ba6,65a984e3f9e4177f08149ccc,2850d217-45bb-4a84-8175-f159c386f1ae,didnt-feel,dont-know,-99.1668002,19.3838043,2026-03-19T11:38:42.310Z
69bbe04233f58ed4c61d1fc9,5f662181e4c4c4000a5f6e50,2850d217-45bb-4a84-8175-f159c386f1ae,didnt-feel,weaker,-99.2625081,19.4247925,2026-03-19T11:38:42.311Z
69bbe042a8de4d2d75f96c32,6511efcec684aa14f7382e06,2850d217-45bb-4a84-8175-f159c386f1ae,didnt-feel,weaker,-98.1960691,19.0063402,2026-03-19T11:38:42.675Z
69bbe0426e5e34587997067d,632c0aea2391e0aac91476c0,2850d217-45bb-4a84-8175-f159c386f1ae,didnt-feel,dont-know,-99.1677741,19.3739764,2026-03-19T11:38:42.909Z
69bbe0422db13e4ce6b95ef2,60996500aba4c69bad12f349,2850d217-45bb-4a84-8175-f159c386f1ae,didnt-feel,dont-know,-99.2355169918938,18.85492525221503,2026-03-19T11:38:42.963Z
69bbe04321e7d9be65f5a695,67c7d1f9d814220aeec3ba43,2850d217-45bb-4a84-8175-f159c386f1ae,didnt-feel,dont-know,-99.16961,19.5484336,2026-03-19T11:38:43.063Z
69bbe0433d8f0a6fe7086ec6,6572358bd8ecc6a938d67b29,2850d217-45bb-4a84-8175-f159c386f1ae,didnt-feel,dont-know,-99.04467059999999,19.551344,2026-03-19T11:38:43.083Z
69bbe04386e0f5f192bcf228,62b258587f002e785f95af55,2850d217-45bb-4a84-8175-f159c386f1ae,didnt-feel,weaker,-99.189213,19.4681535,2026-03-19T11:38:43.342Z
69bbe0438deb527581514fd7,59f7484694b604ee748e62b2,2850d217-45bb-4a84-8175-f159c386f1ae,moderate,stronger,-99.5133543,17.532058,2026-03-19T11:38:43.371Z
69bbe0432db13e4ce6b95ef5,63b1a4deffacdd60468dc9ce,2850d217-45bb-4a84-8175-f159c386f1ae,moderate,correct,-99.8470382,16.8505383,2026-03-19T11:38:43.373Z
69bbe0436e5e345879970681,632b9476de854674f190f33a,2850d217-45bb-4a84-8175-f159c386f1ae,didnt-feel,correct,-99.16498910000001,19.6941112,2026-03-19T11:38:43.435Z
69bbe04321e7d9be65f5a697,6395eb735496fc3953eceea2,2850d217-45bb-4a84-8175-f159c386f1ae,didnt-feel,dont-know,-99.1821457,19.671749,2026-03-19T11:38:43.487Z
69bbe0438c829929f30125ba,59f63808178b28f9fbf356e1,2850d217-45bb-4a84-8175-f159c386f1ae,didnt-feel,correct,-99.113889,19.416667,2026-03-19T11:38:43.509Z
69bbe0436f3ec378d96f3514,5a4188df7b8b9db590cb2f0d,2850d217-45bb-4a84-8175-f159c386f1ae,weak,correct,-99.19741735583193,19.36690438223125,2026-03-19T11:38:43.549Z
69bbe043836cd96c699dfc54,59f72c24178b28f9fbf4118b,2850d217-45bb-4a84-8175-f159c386f1ae,didnt-feel,dont-know,-99.28771773548381,19.576569394883776,2026-03-19T11:38:43.582Z
69bbe04321e7d9be65f5a69b,61381476ffc01ac349c256b4,2850d217-45bb-4a84-8175-f159c386f1ae,didnt-feel,correct,-99.1933664,19.507720499999998,2026-03-19T11:38:43.752Z
69bbe043ca8ee595099e55ff,59f6630d92c50710c3ecc0b3,2850d217-45bb-4a84-8175-f159c386f1ae,didnt-feel,dont-know,-99.0010287,19.2682329,2026-03-19T11:38:43.770Z
69bbe043ca8ee595099e5602,632c006e1d6a9e674c24983d,2850d217-45bb-4a84-8175-f159c386f1ae,didnt-feel,dont-know,-99.1273418,19.3548128,2026-03-19T11:38:43.970Z
69bbe044b409d60963ddb50c,66abff9c514b1d83259ab9cd,2850d217-45bb-4a84-8175-f159c386f1ae,didnt-feel,correct,-99.0021128,19.2491164,2026-03-19T11:38:44.014Z
69bbe04416f32f3334e55b8f,59f61f4692c50710c3ec9eb7,2850d217-45bb-4a84-8175-f159c386f1ae,didnt-feel,correct,-99.0352565,19.3297184,2026-03-19T11:38:44.073Z
69bbe0448deb527581514fdb,59f7fbff7c71e00aeddc6a2a,2850d217-45bb-4a84-8175-f159c386f1ae,didnt-feel,dont-know,-99.2026966,19.4433631,2026-03-19T11:38:44.213Z
69bbe044bf58a109b517ac83,632eff81c5c5e43c756267e8,2850d217-45bb-4a84-8175-f159c386f1ae,weak,correct,-99.511058,17.5476229,2026-03-19T11:38:44.462Z
69bbe04496943ca0faacee07,688e5a68e79752732af0cea3,2850d217-45bb-4a84-8175-f159c386f1ae,didnt-feel,dont-know,-99.14891883740131,19.40894851941827,2026-03-19T11:38:44.516Z
69bbe0449c2fd53e108bd0e3,59ff336fdd313346a249a504,2850d217-45bb-4a84-8175-f159c386f1ae,didnt-feel,correct,-99.1562969,19.4286926,2026-03-19T11:38:44.604Z
69bbe0446e5e345879970686,5e343f4399afba000b68443b,2850d217-45bb-4a84-8175-f159c386f1ae,didnt-feel,dont-know,-99.1373136,19.4302678,2026-03-19T11:38:44.626Z
69bbe044146eacf0bb9cf258,59fa60e6879b74cfcf2c54bb,2850d217-45bb-4a84-8175-f159c386f1ae,didnt-feel,correct,-99.24679387360811,18.918660580061097,2026-03-19T11:38:44.628Z
69bbe0448deb527581514fdf,5a88814b4b23ae79f14d1ac0,2850d217-45bb-4a84-8175-f159c386f1ae,didnt-feel,dont-know,-98.2179978,18.9681503,2026-03-19T11:38:44.683Z
69bbe044733b8958239f5e76,5bba1226e68f9fe855795847,2850d217-45bb-4a84-8175-f159c386f1ae,weak,correct,-99.896926,16.8780152,2026-03-19T11:38:44.913Z
69bbe045eae4277c39002bb5,632e4a8dc56279a5289339fa,2850d217-45bb-4a84-8175-f159c386f1ae,didnt-feel,correct,-99.18852079999999,19.4114729,2026-03-19T11:38:45.144Z
69bbe045bf58a109b517ac8b,5f2b080b8dbac4000a12bb09,2850d217-45bb-4a84-8175-f159c386f1ae,didnt-feel,correct,-99.1386972,19.4139923,2026-03-19T11:38:45.255Z
69bbe045f259fd2471ba49b8,5a41606f7b8b9db590ca90ca,2850d217-45bb-4a84-8175-f159c386f1ae,didnt-feel,dont-know,-99.0523463,19.4659959,2026-03-19T11:38:45.686Z
69bbe0456e5e34587997068e,5a4a438b1a234697c32f44e9,2850d217-45bb-4a84-8175-f159c386f1ae,didnt-feel,dont-know,-98.72582288458943,18.901655189745295,2026-03-19T11:38:45.711Z
69bbe0452db13e4ce6b95f0a,66785aaa2344efd2e927254d,2850d217-45bb-4a84-8175-f159c386f1ae,didnt-feel,correct,-99.132101,19.434037,2026-03-19T11:38:45.712Z
69bbe045733b8958239f5e84,59f74235178b28f9fbf45a2c,2850d217-45bb-4a84-8175-f159c386f1ae,weak,correct,-99.905304,16.8528153,2026-03-19T11:38:45.723Z
69bbe04516f32f3334e55b9e,66ecad746e1986b31693f7a0,2850d217-45bb-4a84-8175-f159c386f1ae,didnt-feel,correct,-99.23075659999999,19.3467318,2026-03-19T11:38:45.848Z
69bbe045733b8958239f5e86,59f6888892c50710c3ece425,2850d217-45bb-4a84-8175-f159c386f1ae,weak,correct,-99.1317797,19.689912,2026-03-19T11:38:45.896Z
69bbe04533881af9706226f9,66a4d93061defd1b3da7b174,2850d217-45bb-4a84-8175-f159c386f1ae,didnt-feel,correct,-98.9769851,19.4264968,2026-03-19T11:38:45.899Z
69bbe046f259fd2471ba49ba,59f93772543d32d8d527640f,2850d217-45bb-4a84-8175-f159c386f1ae,didnt-feel,correct,-99.1253549,19.3335822,2026-03-19T11:38:46.071Z
69bbe0462db13e4ce6b95f0c,613a3e17918acd465e93850d,2850d217-45bb-4a84-8175-f159c386f1ae,didnt-feel,dont-know,-99.04467059999999,19.2920048,2026-03-19T11:38:46.168Z
69bbe046eae4277c39002bbb,66d7d6653c3b61c63d14b6d9,2850d217-45bb-4a84-8175-f159c386f1ae,weak,weaker,-100.2074507,18.617682600000002,2026-03-19T11:38:46.496Z
69bbe0468deb527581514fea,5a1722247a124b6c66f1f8a5,2850d217-45bb-4a84-8175-f159c386f1ae,didnt-feel,dont-know,-99.0536258,19.2991497,2026-03-19T11:38:46.549Z
69bbe046b409d60963ddb520,632c07c34270c79c878e1bea,2850d217-45bb-4a84-8175-f159c386f1ae,didnt-feel,dont-know,-99.15936438390315,19.449884477498887,2026-03-19T11:38:46.578Z
69bbe046a8de4d2d75f96ca3,5ba960914518c8f58b2b238a,2850d217-45bb-4a84-8175-f159c386f1ae,didnt-feel,correct,-99.23698999999999,19.4193192,2026-03-19T11:38:46.641Z
69bbe0468e8ac06d49fede24,60592ae2aac2e4000a182faf,2850d217-45bb-4a84-8175-f159c386f1ae,didnt-feel,dont-know,-99.1943458,19.4287353,2026-03-19T11:38:46.698Z
69bbe0469ab22f0ea43c52c9,64e0d30962064cd4f1327e77,2850d217-45bb-4a84-8175-f159c386f1ae,didnt-feel,dont-know,-99.2673003571088,19.378158569335938,2026-03-19T11:38:46.779Z
69bbe046836cd96c699dfc64,59f6536e178b28f9fbf36533,2850d217-45bb-4a84-8175-f159c386f1ae,didnt-feel,correct,-99.12988040596247,19.35537021042935,2026-03-19T11:38:46.781Z
69bbe04786e0f5f192bcf246,65e5c3ab9898120a7016cf8e,2850d217-45bb-4a84-8175-f159c386f1ae,didnt-feel,correct,-99.2993504,19.355750699999998,2026-03-19T11:38:47.232Z
69bbe0479c2fd53e108bd102,59fb45de9d5e8d8ae7eb7503,2850d217-45bb-4a84-8175-f159c386f1ae,didnt-feel,correct,-99.1766598,19.341314,2026-03-19T11:38:47.246Z
69bbe0478deb527581514fef,5ef43049e63b8c000af9de99,2850d217-45bb-4a84-8175-f159c386f1ae,strong,stronger,-99.8976918,16.8374297,2026-03-19T11:38:47.400Z
69bbe0473d8f0a6fe7086ef2,5d377fa7becb0de372ba18ba,2850d217-45bb-4a84-8175-f159c386f1ae,didnt-feel,dont-know,-98.19046,19.0486559,2026-03-19T11:38:47.542Z
69bbe047bf58a109b517aca0,6823d9929ae7dbff22c2fdc9,2850d217-45bb-4a84-8175-f159c386f1ae,didnt-feel,correct,-99.21898379999999,19.5425094,2026-03-19T11:38:47.633Z
69bbe0478c829929f30125e1,632cb88463c93ddaecf5af3f,2850d217-45bb-4a84-8175-f159c386f1ae,didnt-feel,dont-know,-99.1310486,19.4318565,2026-03-19T11:38:47.778Z
69bbe048f259fd2471ba49c4,5ef22fd43935c8000950168d,2850d217-45bb-4a84-8175-f159c386f1ae,didnt-feel,weaker,-99.2241609,19.3074919,2026-03-19T11:38:48.005Z
69bbe04821e7d9be65f5a6c7,6509c403a2fe930164b22791,2850d217-45bb-4a84-8175-f159c386f1ae,weak,correct,-99.0584911,19.6449856,2026-03-19T11:38:48.051Z
69bbe04821e7d9be65f5a6cb,688e58e24d948a3a236d4aa8,2850d217-45bb-4a84-8175-f159c386f1ae,weak,correct,-99.1539178,19.394073400000003,2026-03-19T11:38:48.384Z
69bbe048146eacf0bb9cf274,6723ef5ac696eb39fe30e6d1,2850d217-45bb-4a84-8175-f159c386f1ae,weak,correct,-99.15873837808235,19.419895812492697,2026-03-19T11:38:48.446Z
69bbe04886e0f5f192bcf266,64fb84c32782601f254a16ea,2850d217-45bb-4a84-8175-f159c386f1ae,didnt-feel,dont-know,-99.1927176,19.3872806,2026-03-19T11:38:48.535Z
69bbe0489ab22f0ea43c52d2,689b468c5bc06e2d0b674b2e,2850d217-45bb-4a84-8175-f159c386f1ae,didnt-feel,weaker,-99.0499287,19.5123662,2026-03-19T11:38:48.548Z
69bbe0482db13e4ce6b95f15,5ef22d504dcea7000af91447,2850d217-45bb-4a84-8175-f159c386f1ae,weak,correct,-98.19257719844573,19.0456446623319,2026-03-19T11:38:48.710Z
69bbe048eae4277c39002bc3,6984548852474e3c29f61d7b,2850d217-45bb-4a84-8175-f159c386f1ae,weak,correct,-101.1334739,19.6840377,2026-03-19T11:38:48.747Z
69bbe0489c2fd53e108bd108,6503959cd742f423d7590567,2850d217-45bb-4a84-8175-f159c386f1ae,didnt-feel,correct,-99.1131054,19.4528516,2026-03-19T11:38:48.918Z
69bbe0482db13e4ce6b95f17,66fa197077ebd4919db22011,2850d217-45bb-4a84-8175-f159c386f1ae,weak,stronger,-99.25777149999999,19.313696999999998,2026-03-19T11:38:48.930Z
69bbe0493ae94e8973849663,6898b7786bc922a8bbf286bd,2850d217-45bb-4a84-8175-f159c386f1ae,didnt-feel,dont-know,-99.19288660166603,19.6015406014773,2026-03-19T11:38:49.185Z
69bbe0493d8f0a6fe7086efb,6076fb14fcf79c000a2ba31d,2850d217-45bb-4a84-8175-f159c386f1ae,didnt-feel,dont-know,-102.0417168002336,19.40789054568912,2026-03-19T11:38:49.250Z
69bbe04916d3535bc255f6ba,5e27faf81ba71f000cbbcb3d,2850d217-45bb-4a84-8175-f159c386f1ae,moderate,correct,-98.1734651,19.0528653,2026-03-19T11:38:49.473Z
69bbe04933881af97062270a,59f7680aae9196d83db14fca,2850d217-45bb-4a84-8175-f159c386f1ae,weak,stronger,-99.113889,19.416667,2026-03-19T11:38:49.523Z
69bbe04986e0f5f192bcf26b,59f73fce26457201db676930,2850d217-45bb-4a84-8175-f159c386f1ae,didnt-feel,dont-know,-99.17744619999999,19.4002495,2026-03-19T11:38:49.689Z
69bbe04956f80c19cdfe74f9,5a98d598bab9f1f2fff2a3f4,2850d217-45bb-4a84-8175-f159c386f1ae,didnt-feel,correct,-99.16582502433953,19.410509071327976,2026-03-19T11:38:49.733Z
69bbe049f259fd2471ba49cb,6969e5c1fd0cf71f6c2a462e,2850d217-45bb-4a84-8175-f159c386f1ae,weak,weaker,-99.132101,19.434037,2026-03-19T11:38:49.878Z
69bbe0498e8ac06d49fede30,61382548150a6675bb964f69,2850d217-45bb-4a84-8175-f159c386f1ae,didnt-feel,dont-know,-99.132101,19.434037,2026-03-19T11:38:49.917Z
69bbe04a836cd96c699dfc73,5b023683f892730d8c1976f6,2850d217-45bb-4a84-8175-f159c386f1ae,didnt-feel,dont-know,-98.99493679999999,19.65408,2026-03-19T11:38:50.058Z
69bbe04a3d8f0a6fe7086f01,6958284954e52e844bd12be1,2850d217-45bb-4a84-8175-f159c386f1ae,didnt-feel,correct,-98.2362712,19.0699342,2026-03-19T11:38:50.290Z
69bbe04a96943ca0faacee34,632559b1f97105cd27853ea1,2850d217-45bb-4a84-8175-f159c386f1ae,didnt-feel,correct,-99.2092897,19.880516,2026-03-19T11:38:50.303Z
69bbe04a33f58ed4c61d1ff6,67c2185bc3a394e714c05e6e,2850d217-45bb-4a84-8175-f159c386f1ae,weak,correct,-99.1866498,19.3592053,2026-03-19T11:38:50.367Z
69bbe04a146eacf0bb9cf27d,61385b54e9e2027861104adc,2850d217-45bb-4a84-8175-f159c386f1ae,weak,correct,-99.8391005,16.9053702,2026-03-19T11:38:50.498Z
69bbe04a836cd96c699dfc75,68f0734bf1ecbe2d912c07c0,2850d217-45bb-4a84-8175-f159c386f1ae,didnt-feel,correct,-99.18159899999999,18.6097531,2026-03-19T11:38:50.594Z
69bbe04a8c829929f3012684,59fb49a29d5e8d8ae7eb7f54,2850d217-45bb-4a84-8175-f159c386f1ae,weak,correct,-98.80044889999999,18.6868603,2026-03-19T11:38:50.654Z
69bbe04af259fd2471ba49d0,69b4be918cd5ea77c2932845,2850d217-45bb-4a84-8175-f159c386f1ae,didnt-feel,dont-know,-99.2258812,19.348809,2026-03-19T11:38:50.678Z
69bbe04a6f3ec378d96f3535,5a0c9784b202584a119c9f38,2850d217-45bb-4a84-8175-f159c386f1ae,weak,correct,-99.185752,19.482325300000003,2026-03-19T11:38:50.717Z
69bbe04a836cd96c699dfc77,67d755c371bde277895fab0a,2850d217-45bb-4a84-8175-f159c386f1ae,didnt-feel,correct,-99.0160008,19.2554922,2026-03-19T11:38:50.755Z
69bbe04a6f3ec378d96f3537,5a8b809d2ed5a1736011116b,2850d217-45bb-4a84-8175-f159c386f1ae,didnt-feel,correct,-99.0502663,19.4700939,2026-03-19T11:38:50.821Z
69bbe04a21e7d9be65f5a6d7,68bfa7f916d340827232b565,2850d217-45bb-4a84-8175-f159c386f1ae,didnt-feel,correct,-99.2113669,19.4847041,2026-03-19T11:38:50.857Z
69bbe04a733b8958239f5e9b,5b9e7bfc4e540ccf67ff2101,2850d217-45bb-4a84-8175-f159c386f1ae,didnt-feel,dont-know,-99.26469980000002,19.5652097,2026-03-19T11:38:50.921Z
69bbe04b3d8f0a6fe7086f03,68cd8cc8d47b5f7280ff448b,2850d217-45bb-4a84-8175-f159c386f1ae,didnt-feel,correct,-99.2085974,19.3935148,2026-03-19T11:38:51.044Z
69bbe04b96943ca0faacee36,59fe7871dd313346a2498c61,2850d217-45bb-4a84-8175-f159c386f1ae,didnt-feel,correct,-99.2547276,19.5597605,2026-03-19T11:38:51.157Z
69bbe04b86e0f5f192bcf272,5a0123d2dd313346a249ea04,2850d217-45bb-4a84-8175-f159c386f1ae,weak,correct,-99.85040430953265,16.84618586463723,2026-03-19T11:38:51.333Z
69bbe04b86e0f5f192bcf276,68cd9b644750b2b2dae22754,2850d217-45bb-4a84-8175-f159c386f1ae,didnt-feel,dont-know,-99.2113669,19.4847041,2026-03-19T11:38:51.449Z
69bbe04bbf58a109b517acc9,68c0856cb6294235c0e12b93,2850d217-45bb-4a84-8175-f159c386f1ae,didnt-feel,dont-know,-99.078107,19.3240687,2026-03-19T11:38:51.473Z
69bbe04b8e8ac06d49feded5,6802aaa31d9056bdcd02e81d,2850d217-45bb-4a84-8175-f159c386f1ae,didnt-feel,correct,-99.12193587049842,19.44410855975769,2026-03-19T11:38:51.526Z
69bbe04b8c829929f3012688,5abf5e0712da50d5e282fc7e,2850d217-45bb-4a84-8175-f159c386f1ae,didnt-feel,dont-know,-99.1255544,19.396239299999998,2026-03-19T11:38:51.563Z
69bbe04bf259fd2471ba49d4,646aec57c993d7f80cb1b860,2850d217-45bb-4a84-8175-f159c386f1ae,didnt-feel,dont-know,-99.04190679999999,19.5161099,2026-03-19T11:38:51.564Z
69bbe04b6914ae332b571305,5b878888cb706d01ee4da9dd,2850d217-45bb-4a84-8175-f159c386f1ae,didnt-feel,correct,-99.2691691,19.5003292,2026-03-19T11:38:51.651Z
69bbe04bca8ee595099e563f,69b7d7e24529cf488d6b1e49,2850d217-45bb-4a84-8175-f159c386f1ae,weak,weaker,-99.1303962,19.43209,2026-03-19T11:38:51.833Z
69bbe04c836cd96c699dfc7c,5e1d3feee9e178000a8db387,2850d217-45bb-4a84-8175-f159c386f1ae,didnt-feel,correct,-99.1165633,19.6567845,2026-03-19T11:38:52.128Z
69bbe04c8deb527581515007,67f4aadd263f9da0dc1caeb0,2850d217-45bb-4a84-8175-f159c386f1ae,didnt-feel,dont-know,-99.0046048,19.2895695,2026-03-19T11:38:52.150Z
69bbe04c2db13e4ce6b95f2c,613a0ca39cbb9a058eca90d6,2850d217-45bb-4a84-8175-f159c386f1ae,moderate,stronger,-99.502004,17.5539614,2026-03-19T11:38:52.721Z
69bbe04c6e5e3458799706b8,5a87a15c4b23ae79f14b7144,2850d217-45bb-4a84-8175-f159c386f1ae,didnt-feel,correct,-99.132101,19.434037,2026-03-19T11:38:52.747Z
69bbe04c146eacf0bb9cf28e,605578e0ab2e24000a7b0ba9,2850d217-45bb-4a84-8175-f159c386f1ae,didnt-feel,correct,-99.1944726,19.5365174,2026-03-19T11:38:52.885Z
69bbe04d733b8958239f5ea4,5f66489a1d58be000a1a6cce,2850d217-45bb-4a84-8175-f159c386f1ae,didnt-feel,correct,-99.148706,19.4777109,2026-03-19T11:38:53.330Z
69bbe04d6914ae332b57130d,59f7521205e024e0e343ab33,2850d217-45bb-4a84-8175-f159c386f1ae,didnt-feel,dont-know,-99.2408306,19.3158776,2026-03-19T11:38:53.432Z
69bbe04d8c829929f3012691,65e5c3ab9898120a7016cf8e,2850d217-45bb-4a84-8175-f159c386f1ae,didnt-feel,correct,-99.2993504,19.355750699999998,2026-03-19T11:38:53.550Z
69bbe04d33f58ed4c61d204b,64328a27bf9ab26ff4436021,2850d217-45bb-4a84-8175-f159c386f1ae,didnt-feel,dont-know,-99.0835888,19.5025747,2026-03-19T11:38:53.608Z
69bbe04d3ae94e8973849673,65722cc1e80ebb74b1fb26e6,2850d217-45bb-4a84-8175-f159c386f1ae,didnt-feel,correct,-99.0750788,19.473182599999998,2026-03-19T11:38:53.821Z
69bbe04dbf58a109b517acd1,699deb8156c1eb676ead4394,2850d217-45bb-4a84-8175-f159c386f1ae,weak,correct,-99.132101,19.434037,2026-03-19T11:38:53.988Z
69bbe04eb409d60963ddb55e,5a87a861516763ab1190926d,2850d217-45bb-4a84-8175-f159c386f1ae,didnt-feel,correct,-99.1851814,19.3887542,2026-03-19T11:38:54.361Z
69bbe04e21e7d9be65f5a6e2,59f745b194b604ee748e5623,2850d217-45bb-4a84-8175-f159c386f1ae,didnt-feel,correct,-99.1634999,19.4251356,2026-03-19T11:38:54.650Z
69bbe04eb8fdcdb7e1b22894,59fb40a2e7cc27a388085b6a,2850d217-45bb-4a84-8175-f159c386f1ae,weak,correct,-98.8224941,19.0273812,2026-03-19T11:38:54.694Z
69bbe04e6f3ec378d96f3552,5a0f0b5f8e8b7fea5bb7ab28,2850d217-45bb-4a84-8175-f159c386f1ae,didnt-feel,correct,-97.0954106,18.8520887,2026-03-19T11:38:54.923Z
69bbe04e16d3535bc255f6d0,5cdc30851dbc2b3a7a2d3b49,2850d217-45bb-4a84-8175-f159c386f1ae,weak,correct,-99.8974125,16.877965,2026-03-19T11:38:55.000Z
69bbe04f9c2fd53e108bd145,60556b45688716000ae4aa4d,2850d217-45bb-4a84-8175-f159c386f1ae,weak,correct,-99.2756998,19.3568681,2026-03-19T11:38:55.161Z
69bbe04fa8de4d2d75f96d13,59fe475b61c0127ef0348961,2850d217-45bb-4a84-8175-f159c386f1ae,didnt-feel,dont-know,-99.2015966401428,18.873721682484142,2026-03-19T11:38:55.248Z
69bbe04f3ae94e8973849679,5e3294e8fca9be000a83a427,2850d217-45bb-4a84-8175-f159c386f1ae,weak,correct,-99.1373136,19.4302678,2026-03-19T11:38:55.262Z
69bbe04f33f58ed4c61d2054,5b171c5c988b02cd4d6acc86,2850d217-45bb-4a84-8175-f159c386f1ae,didnt-feel,correct,-99.12579119344116,19.28648339094818,2026-03-19T11:38:55.366Z
69bbe04fbf58a109b517ace8,61384fc123be7086a9ceaa94,2850d217-45bb-4a84-8175-f159c386f1ae,weak,correct,-99.1234994,19.445728,2026-03-19T11:38:55.438Z
69bbe04f2db13e4ce6b95f36,68bf661016d34082723015d0,2850d217-45bb-4a84-8175-f159c386f1ae,didnt-feel,dont-know,-99.17744619999999,19.4326577,2026-03-19T11:38:55.494Z
69bbe04f9ab22f0ea43c52f6,59f7445a94b604ee748e4e36,2850d217-45bb-4a84-8175-f159c386f1ae,didnt-feel,dont-know,-99.1581949,19.3888734,2026-03-19T11:38:55.498Z
69bbe04f21e7d9be65f5a6f3,59f878f2879b74cfcf2b47aa,2850d217-45bb-4a84-8175-f159c386f1ae,didnt-feel,correct,-99.0502663,19.4700939,2026-03-19T11:38:55.624Z
69bbe04fbf58a109b517acea,5a7f6fc8516763ab118e1cbe,2850d217-45bb-4a84-8175-f159c386f1ae,didnt-feel,weaker,-99.2660856,19.4222516,2026-03-19T11:38:55.726Z
69bbe04f33f58ed4c61d2057,59f7a5b2f4f7aa7502ef7431,2850d217-45bb-4a84-8175-f159c386f1ae,weak,correct,-99.10549859999999,19.4569182,2026-03-19T11:38:55.910Z
69bbe04f16f32f3334e55c46,628ea420d10b6c5ed7372e77,2850d217-45bb-4a84-8175-f159c386f1ae,didnt-feel,dont-know,-99.1489838,19.2766054,2026-03-19T11:38:55.959Z
69bbe0509c2fd53e108bd147,5ef2619e44c4e4000ac66207,2850d217-45bb-4a84-8175-f159c386f1ae,didnt-feel,dont-know,-99.1186399,19.4122651,2026-03-19T11:38:56.044Z
69bbe0502db13e4ce6b95f3a,5a77b8ca212109ec275d4fd1,2850d217-45bb-4a84-8175-f159c386f1ae,didnt-feel,dont-know,-102.19472329999999,17.9603604,2026-03-19T11:38:56.222Z
69bbe0506914ae332b57131d,66f688677abbdc368d7e919e,2850d217-45bb-4a84-8175-f159c386f1ae,didnt-feel,correct,-99.1872216,19.4955526,2026-03-19T11:38:56.287Z
69bbe050b8fdcdb7e1b2289b,5a8ade385b7cc0cee07f6e46,2850d217-45bb-4a84-8175-f159c386f1ae,didnt-feel,dont-know,-99.1303962,19.493972199999998,2026-03-19T11:38:56.405Z
69bbe050146eacf0bb9cf2af,632f77c4cde3cb1c22544023,2850d217-45bb-4a84-8175-f159c386f1ae,didnt-feel,correct,-99.0684194,19.4684045,2026-03-19T11:38:56.414Z
69bbe0509ab22f0ea43c52fb,5bba1226e68f9fe855795847,2850d217-45bb-4a84-8175-f159c386f1ae,weak,correct,-99.896926,16.8780152,2026-03-19T11:38:56.510Z
69bbe0508c829929f301269d,59f88848879b74cfcf2b66b3,2850d217-45bb-4a84-8175-f159c386f1ae,weak,correct,-100.5072116,17.1110303,2026-03-19T11:38:56.623Z
69bbe05033f58ed4c61d205c,59f6807e92c50710c3ecdbc5,2850d217-45bb-4a84-8175-f159c386f1ae,didnt-feel,dont-know,-99.10826469999999,19.444991599999998,2026-03-19T11:38:56.631Z
69bbe05021e7d9be65f5a6f9,65727b139423616257b01c9e,2850d217-45bb-4a84-8175-f159c386f1ae,didnt-feel,weaker,-99.2119948938489,19.98402447886457,2026-03-19T11:38:56.677Z
69bbe0502db13e4ce6b95f3f,644021e76b863b0468c43300,2850d217-45bb-4a84-8175-f159c386f1ae,didnt-feel,correct,-99.1746778,19.556559,2026-03-19T11:38:56.681Z
69bbe050a8de4d2d75f96d2c,695c00388fd967b56388e98e,2850d217-45bb-4a84-8175-f159c386f1ae,didnt-feel,dont-know,-99.1041157,19.4142597,2026-03-19T11:38:56.713Z
69bbe05033881af970622731,6957d095d786472efbcfffab,2850d217-45bb-4a84-8175-f159c386f1ae,didnt-feel,correct,-99.14396623741645,19.336986473333337,2026-03-19T11:38:56.773Z
69bbe050733b8958239f5eb8,59f6250f92c50710c3eca102,2850d217-45bb-4a84-8175-f159c386f1ae,didnt-feel,weaker,-98.2165132,19.3127909,2026-03-19T11:38:56.900Z
69bbe05086e0f5f192bcf296,6957f9f55c4f5d882db5b81d,2850d217-45bb-4a84-8175-f159c386f1ae,didnt-feel,dont-know,-99.16802390000001,19.3813647,2026-03-19T11:38:56.941Z
69bbe0516914ae332b571322,666f9b966381f77f05799de4,2850d217-45bb-4a84-8175-f159c386f1ae,didnt-feel,dont-know,-99.2418386,19.3240788,2026-03-19T11:38:57.002Z
69bbe0518e8ac06d49fedef2,64302769bf9ab25e743f177d,2850d217-45bb-4a84-8175-f159c386f1ae,didnt-feel,dont-know,-99.1719378625035,19.412216186523438,2026-03-19T11:38:57.073Z
69bbe0518e8ac06d49fedef4,5d81aa0ca4e3ada65e1c8230,2850d217-45bb-4a84-8175-f159c386f1ae,strong,stronger,-100.62810139999999,17.2237303,2026-03-19T11:38:57.077Z
69bbe051ca8ee595099e5660,654ac1f280de04ddf3cfaafa,2850d217-45bb-4a84-8175-f159c386f1ae,weak,correct,-99.15253399999999,19.3484791,2026-03-19T11:38:57.124Z
69bbe0518e8ac06d49fedef6,5a989ea83fcae4fc474261be,2850d217-45bb-4a84-8175-f159c386f1ae,didnt-feel,correct,-99.1373136,19.4302678,2026-03-19T11:38:57.248Z
69bbe051f259fd2471ba49f6,5bac65e3e4199db9563c70a7,2850d217-45bb-4a84-8175-f159c386f1ae,moderate,correct,-99.91817770000002,16.8569086,2026-03-19T11:38:57.343Z
69bbe0512db13e4ce6b95f44,5bb0e659181e67a2d41b2ebb,2850d217-45bb-4a84-8175-f159c386f1ae,didnt-feel,correct,-99.132101,19.434037,2026-03-19T11:38:57.392Z
69bbe05196943ca0faacee8c,68e86282afbc77872d0694e3,2850d217-45bb-4a84-8175-f159c386f1ae,didnt-feel,correct,-99.1476371,19.4874323,2026-03-19T11:38:57.535Z
69bbe051b409d60963ddb579,65c8c9c6e49c48431775ffb9,2850d217-45bb-4a84-8175-f159c386f1ae,didnt-feel,correct,-99.132101,19.434037,2026-03-19T11:38:57.651Z
69bbe0513ae94e8973849694,59f6b33f92c50710c3ed1cf9,2850d217-45bb-4a84-8175-f159c386f1ae,weak,correct,-99.870401,16.8603375,2026-03-19T11:38:57.663Z
69bbe0518e8ac06d49fedef8,641b2124b3f116e50ba45e17,2850d217-45bb-4a84-8175-f159c386f1ae,moderate,stronger,-99.4949773,17.5442828,2026-03-19T11:38:57.738Z
69bbe052b8fdcdb7e1b228b0,5b70a4f89c2882414720292f,2850d217-45bb-4a84-8175-f159c386f1ae,didnt-feel,correct,-99.1539178,19.394073400000003,2026-03-19T11:38:58.065Z
69bbe05216d3535bc255f6e1,5ff7cc8763a800000bdb7f81,2850d217-45bb-4a84-8175-f159c386f1ae,didnt-feel,dont-know,-99.1861835,19.4402619,2026-03-19T11:38:58.101Z
69bbe05216f32f3334e55c55,67c3191cc380c79c9ad177ff,2850d217-45bb-4a84-8175-f159c386f1ae,didnt-feel,correct,-99.1386972,19.4139923,2026-03-19T11:38:58.124Z
69bbe052733b8958239f5ebd,5b153a8c7228e1991485cbb5,2850d217-45bb-4a84-8175-f159c386f1ae,didnt-feel,dont-know,-98.2359957,19.0047408,2026-03-19T11:38:58.171Z
69bbe0526e5e34587997071e,6602443a8d91fe2e287cee31,2850d217-45bb-4a84-8175-f159c386f1ae,didnt-feel,correct,-99.05007412657142,19.421016665604668,2026-03-19T11:38:58.412Z
69bbe0528e8ac06d49fedf09,5b0e1b9ea15b77243f4fae5c,2850d217-45bb-4a84-8175-f159c386f1ae,didnt-feel,correct,-99.1193297,19.3354179,2026-03-19T11:38:58.472Z
69bbe0523d8f0a6fe7086f2b,698bc1c9f0d404d5d1332def,2850d217-45bb-4a84-8175-f159c386f1ae,didnt-feel,weaker,-99.13719160482287,19.505255139564625,2026-03-19T11:38:58.535Z
69bbe052a8de4d2d75f96d37,62ec213ca20dffb7f324f330,2850d217-45bb-4a84-8175-f159c386f1ae,didnt-feel,dont-know,-99.1242057,19.2906465,2026-03-19T11:38:58.723Z
69bbe0528deb527581515021,5e726a20dc2496000ad4f37f,2850d217-45bb-4a84-8175-f159c386f1ae,didnt-feel,correct,-99.1499335,19.3614751,2026-03-19T11:38:58.818Z
69bbe0526914ae332b571336,63572f6c3531a559beb8ac67,2850d217-45bb-4a84-8175-f159c386f1ae,didnt-feel,dont-know,-99.15357746332515,19.39186124323256,2026-03-19T11:38:58.880Z
69bbe05216f32f3334e55c5b,67d3b6526c0176812601d277,2850d217-45bb-4a84-8175-f159c386f1ae,weak,correct,-99.1680155,19.4313163,2026-03-19T11:38:58.956Z
69bbe0533d8f0a6fe7086f2e,64f46e3e244a5ae0e835b54c,2850d217-45bb-4a84-8175-f159c386f1ae,didnt-feel,dont-know,-99.1807688,19.5225444,2026-03-19T11:38:59.132Z
69bbe0538e8ac06d49fedf0c,64401376381c936a242edb90,2850d217-45bb-4a84-8175-f159c386f1ae,didnt-feel,dont-know,-99.2536148,19.683657999999998,2026-03-19T11:38:59.204Z
69bbe05321e7d9be65f5a708,59f6807e92c50710c3ecdbc5,2850d217-45bb-4a84-8175-f159c386f1ae,didnt-feel,dont-know,-99.10826469999999,19.444991599999998,2026-03-19T11:38:59.499Z
69bbe053b409d60963ddb584,67c296a7cb134d92117d30b6,2850d217-45bb-4a84-8175-f159c386f1ae,didnt-feel,weaker,-99.1677741,19.3739764,2026-03-19T11:38:59.654Z
69bbe053146eacf0bb9cf2c3,5d5578c8079747597fcb2c9f,2850d217-45bb-4a84-8175-f159c386f1ae,weak,correct,-99.12097229999999,19.2989718,2026-03-19T11:38:59.906Z
69bbe05333f58ed4c61d2073,5ab1106a40b40a8b99e57b4d,2850d217-45bb-4a84-8175-f159c386f1ae,didnt-feel,dont-know,-99.1655015,19.3941068,2026-03-19T11:38:59.983Z
69bbe0542db13e4ce6b95f54,5a883940212109ec276116af,2850d217-45bb-4a84-8175-f159c386f1ae,didnt-feel,correct,-99.1712358,19.3329073,2026-03-19T11:39:00.087Z
69bbe05421e7d9be65f5a70c,5a878d7d4b23ae79f14b0b45,2850d217-45bb-4a84-8175-f159c386f1ae,didnt-feel,correct,-99.1703884,19.4120868,2026-03-19T11:39:00.113Z
69bbe054ca8ee595099e5670,670af15a7ce509e2827c2d13,2850d217-45bb-4a84-8175-f159c386f1ae,weak,correct,-99.3191991,18.3062003,2026-03-19T11:39:00.119Z
69bbe054a8de4d2d75f96d40,59fb49a29d5e8d8ae7eb7f54,2850d217-45bb-4a84-8175-f159c386f1ae,weak,correct,-98.80044889999999,18.6868603,2026-03-19T11:39:00.201Z
69bbe054b8fdcdb7e1b228bd,6327853b2527133f41f4a3bc,2850d217-45bb-4a84-8175-f159c386f1ae,didnt-feel,correct,-99.10782091319561,19.444243881004095,2026-03-19T11:39:00.286Z
69bbe0548deb527581515034,61d5b85c8fe98d13a0c0f79e,2850d217-45bb-4a84-8175-f159c386f1ae,didnt-feel,correct,-99.1303962,19.3731619,2026-03-19T11:39:00.301Z
69bbe0549c2fd53e108bd1d9,65722af6d8ecc6805ad5f841,2850d217-45bb-4a84-8175-f159c386f1ae,weak,correct,-99.1781383,17.59346,2026-03-19T11:39:00.712Z
69bbe0542db13e4ce6b95f5b,66cb47a602ab9bb9b10828f8,2850d217-45bb-4a84-8175-f159c386f1ae,didnt-feel,correct,-99.2944689,19.5500978,2026-03-19T11:39:00.765Z
69bbe054a8de4d2d75f96d45,632dfc4f41eba25014e504ec,2850d217-45bb-4a84-8175-f159c386f1ae,didnt-feel,correct,-99.1562969,19.4286926,2026-03-19T11:39:00.795Z
69bbe054146eacf0bb9cf2cb,627353127168aa4d9ba36ed8,2850d217-45bb-4a84-8175-f159c386f1ae,didnt-feel,weaker,-99.141001,19.4003876,2026-03-19T11:39:00.860Z
69bbe055b8fdcdb7e1b228c2,632a2f87767a887fc0dcfbef,2850d217-45bb-4a84-8175-f159c386f1ae,didnt-feel,dont-know,-99.0750788,19.4967605,2026-03-19T11:39:01.075Z
69bbe05516f32f3334e55c69,59f6807e92c50710c3ecdbc5,2850d217-45bb-4a84-8175-f159c386f1ae,didnt-feel,dont-know,-99.10826469999999,19.444991599999998,2026-03-19T11:39:01.101Z
69bbe055bf58a109b517ad0a,5a943513f7058b6947247378,2850d217-45bb-4a84-8175-f159c386f1ae,didnt-feel,correct,-99.0740146,19.3971808,2026-03-19T11:39:01.172Z
69bbe055eae4277c39002c3b,61390dda2615e6853a55b186,2850d217-45bb-4a84-8175-f159c386f1ae,didnt-feel,weaker,-99.2525362,19.3319329,2026-03-19T11:39:01.314Z
69bbe0559c2fd53e108bd1de,5a0c956081710def82488d7a,2850d217-45bb-4a84-8175-f159c386f1ae,didnt-feel,correct,-99.1251318,19.4316849,2026-03-19T11:39:01.375Z
69bbe055eae4277c39002c5d,5a0de5f381710def8249466c,2850d217-45bb-4a84-8175-f159c386f1ae,didnt-feel,dont-know,-99.20181459999999,20.1161635,2026-03-19T11:39:01.469Z
69bbe055b409d60963ddb590,6482151d9b6b3aca6e2ca45a,2850d217-45bb-4a84-8175-f159c386f1ae,didnt-feel,correct,-99.1666392,19.3541539,2026-03-19T11:39:01.496Z
69bbe0556f3ec378d96f3599,6395ec065cbd388e665c6302,2850d217-45bb-4a84-8175-f159c386f1ae,didnt-feel,correct,-99.1310486,19.4318565,2026-03-19T11:39:01.661Z
69bbe05533881af970622763,59f8682f7c1642f6b3de486a,2850d217-45bb-4a84-8175-f159c386f1ae,weak,correct,-99.2146391,19.5501701,2026-03-19T11:39:01.692Z
69bbe055b409d60963ddb593,66ec921e7e4ab00f5de840d6,2850d217-45bb-4a84-8175-f159c386f1ae,didnt-feel,weaker,-99.6474804,19.3152089,2026-03-19T11:39:01.698Z
69bbe05596943ca0faaceeb8,6852556bb6f7e72a40616474,2850d217-45bb-4a84-8175-f159c386f1ae,didnt-feel,dont-know,-99.0305071,19.4927313,2026-03-19T11:39:01.737Z
69bbe0568deb527581515042,6957f9f55c4f5d882db5b81d,2850d217-45bb-4a84-8175-f159c386f1ae,didnt-feel,dont-know,-99.16802390000001,19.3813647,2026-03-19T11:39:02.057Z
69bbe0562db13e4ce6b95f60,59f7540aae9196d83db12a22,2850d217-45bb-4a84-8175-f159c386f1ae,didnt-feel,correct,-99.1755716,19.4382764,2026-03-19T11:39:02.161Z
69bbe056b8fdcdb7e1b228c7,64a6387fe4d91499e91e8ecf,2850d217-45bb-4a84-8175-f159c386f1ae,didnt-feel,correct,-99.58473520000001,19.3710831,2026-03-19T11:39:02.222Z
69bbe0566f3ec378d96f359b,59f6668c92c50710c3ecc3a1,2850d217-45bb-4a84-8175-f159c386f1ae,didnt-feel,dont-know,-98.19601089999999,19.018684,2026-03-19T11:39:02.390Z
69bbe05696943ca0faaceeba,5a87a2b34b23ae79f14b7859,2850d217-45bb-4a84-8175-f159c386f1ae,didnt-feel,dont-know,-99.1802671,19.3767664,2026-03-19T11:39:02.619Z
69bbe056eae4277c39002c60,662e0dfa4d261409ba824649,2850d217-45bb-4a84-8175-f159c386f1ae,weak,correct,-99.21345368027687,19.338677437566034,2026-03-19T11:39:02.621Z
69bbe0566f3ec378d96f359d,5a9224b36f8a39de7df6fe12,2850d217-45bb-4a84-8175-f159c386f1ae,didnt-feel,dont-know,-99.16553449999999,19.3968781,2026-03-19T11:39:02.668Z
69bbe057f259fd2471ba4a10,59f8682596400cec169414e2,2850d217-45bb-4a84-8175-f159c386f1ae,didnt-feel,dont-know,-99.1562969,19.4286926,2026-03-19T11:39:03.245Z
69bbe0578c829929f30126d0,59f7408826457201db6778fb,2850d217-45bb-4a84-8175-f159c386f1ae,didnt-feel,correct,-98.3225325,19.056519599999998,2026-03-19T11:39:03.300Z
69bbe0589c2fd53e108bd1e5,6837f5aff84da75c54f11573,2850d217-45bb-4a84-8175-f159c386f1ae,didnt-feel,correct,-99.0163461,19.4901226,2026-03-19T11:39:04.097Z
69bbe058eae4277c39002c65,66cb40766e3d993c592e9e64,2850d217-45bb-4a84-8175-f159c386f1ae,didnt-feel,correct,-99.2281977,18.8442494,2026-03-19T11:39:04.142Z
69bbe0588deb527581515048,59f652f826457201db669c75,2850d217-45bb-4a84-8175-f159c386f1ae,weak,correct,-99.43287262693048,18.16806479334175,2026-03-19T11:39:04.268Z
69bbe0588e8ac06d49fedf27,6784081f4a4bbfd52a9e91c8,2850d217-45bb-4a84-8175-f159c386f1ae,didnt-feel,correct,-98.2165132,19.1195314,2026-03-19T11:39:04.464Z
69bbe0586914ae332b571351,5f48112585a8bc000a597ae1,2850d217-45bb-4a84-8175-f159c386f1ae,didnt-feel,correct,-99.0073673,19.4102526,2026-03-19T11:39:04.556Z
69bbe05816f32f3334e55c77,669ff48fc9c05ac4c1656623,2850d217-45bb-4a84-8175-f159c386f1ae,weak,correct,-99.1442259,19.5208067,2026-03-19T11:39:04.820Z
69bbe058bf58a109b517ad30,59f8fb85543d32d8d5273ff2,2850d217-45bb-4a84-8175-f159c386f1ae,weak,correct,-99.1067238,19.2995052,2026-03-19T11:39:04.937Z
69bbe059836cd96c699dfcd4,5c2621e06febe609dfde2863,2850d217-45bb-4a84-8175-f159c386f1ae,didnt-feel,correct,-99.1676102,19.3624301,2026-03-19T11:39:05.343Z
69bbe05916f32f3334e55c7b,62f63bf3bada20ed51e4bb3e,2850d217-45bb-4a84-8175-f159c386f1ae,didnt-feel,dont-know,-99.2549273,19.3383382,2026-03-19T11:39:05.758Z
69bbe059146eacf0bb9cf2db,6792a5f0f4b94c1f8be9f22e,2850d217-45bb-4a84-8175-f159c386f1ae,didnt-feel,dont-know,-99.21201819553971,18.602999354391354,2026-03-19T11:39:05.798Z
69bbe059733b8958239f5ee6,614287f2d9f8685330688065,2850d217-45bb-4a84-8175-f159c386f1ae,didnt-feel,weaker,-99.10830521987289,19.30823562500184,2026-03-19T11:39:05.838Z
69bbe059f259fd2471ba4a19,65aaab3ef9e4170c09208d96,2850d217-45bb-4a84-8175-f159c386f1ae,didnt-feel,correct,-99.05503569999999,19.2833881,2026-03-19T11:39:05.980Z
69bbe05a6f3ec378d96f35a8,6889ecfca9894c6d0e9f2eb1,2850d217-45bb-4a84-8175-f159c386f1ae,didnt-feel,dont-know,-99.1430838,19.4589134,2026-03-19T11:39:06.134Z
69bbe05a96943ca0faaceec9,5d7a9329c87ba6c13ff4959d,2850d217-45bb-4a84-8175-f159c386f1ae,didnt-feel,dont-know,-99.56161089999999,19.2044094,2026-03-19T11:39:06.264Z
69bbe05a21e7d9be65f5a72a,688d937fe79752732ae8f7a3,2850d217-45bb-4a84-8175-f159c386f1ae,didnt-feel,correct,-99.1385354,19.514786,2026-03-19T11:39:06.269Z
69bbe05a8e8ac06d49fedf32,6969f80baf48902358f0de71,2850d217-45bb-4a84-8175-f159c386f1ae,weak,correct,-99.1041157,19.2551684,2026-03-19T11:39:06.644Z
69bbe05af259fd2471ba4a1f,64ffa4c1ff7de103cfd1fc03,2850d217-45bb-4a84-8175-f159c386f1ae,didnt-feel,dont-know,-99.1226923,19.4261327,2026-03-19T11:39:06.686Z
69bbe05a3ae94e89738496d5,67c2200fea40e73e005abe4e,2850d217-45bb-4a84-8175-f159c386f1ae,didnt-feel,correct,-99.0778438,19.5378854,2026-03-19T11:39:06.818Z
69bbe05ab8fdcdb7e1b228e9,5ef22c3edc725a000ab63b45,2850d217-45bb-4a84-8175-f159c386f1ae,weak,correct,-99.2388896,19.5096466,2026-03-19T11:39:06.841Z
69bbe05a3d8f0a6fe7086f58,67e723edb045115d668e72e0,2850d217-45bb-4a84-8175-f159c386f1ae,weak,correct,-99.5024983,17.5610343,2026-03-19T11:39:06.845Z
69bbe05a8e8ac06d49fedf34,64fbd6cf2782601af251a551,2850d217-45bb-4a84-8175-f159c386f1ae,didnt-feel,dont-know,-99.1550845,19.3750497,2026-03-19T11:39:06.872Z
69bbe05a8e8ac06d49fedf36,5d2f9f6853c336899ad8bd30,2850d217-45bb-4a84-8175-f159c386f1ae,weak,correct,-99.098584,19.6444313,2026-03-19T11:39:06.920Z
69bbe05b9c2fd53e108bd1ff,6811280b1b1fd4690475c054,2850d217-45bb-4a84-8175-f159c386f1ae,weak,correct,-100.1367166,16.9777907,2026-03-19T11:39:07.094Z
69bbe05b9c2fd53e108bd201,6342faf10c61f9a8f7c50006,2850d217-45bb-4a84-8175-f159c386f1ae,didnt-feel,dont-know,-99.1435398,19.5264606,2026-03-19T11:39:07.169Z
69bbe05b96943ca0faaceed0,59fd05591145d83efcb756f2,2850d217-45bb-4a84-8175-f159c386f1ae,didnt-feel,correct,-99.1253549,19.3335822,2026-03-19T11:39:07.334Z
69bbe05beae4277c39002c78,5ba9a463c780b255a2802a0e,2850d217-45bb-4a84-8175-f159c386f1ae,didnt-feel,dont-know,-99.0073673,19.4102526,2026-03-19T11:39:07.469Z
69bbe05b56f80c19cdfe757d,6509d6f87855423fce2b3386,2850d217-45bb-4a84-8175-f159c386f1ae,didnt-feel,correct,-98.245042,18.9999661,2026-03-19T11:39:07.664Z
69bbe05b96943ca0faaceed3,66a689c1077ef39d5cff6208,2850d217-45bb-4a84-8175-f159c386f1ae,weak,correct,-99.1414643,19.4050136,2026-03-19T11:39:07.837Z
69bbe05bbf58a109b517ad3f,5b0329fd1462e49e8c50fdbb,2850d217-45bb-4a84-8175-f159c386f1ae,didnt-feel,correct,-101.3176816,19.6792941,2026-03-19T11:39:07.870Z
69bbe05ba8de4d2d75f96d89,6425b53c2a467bd2dde1739a,2850d217-45bb-4a84-8175-f159c386f1ae,didnt-feel,dont-know,-98.2757667,19.0916878,2026-03-19T11:39:07.932Z
69bbe05b86e0f5f192bcf321,59fa7f0d6defd566533b48ba,2850d217-45bb-4a84-8175-f159c386f1ae,didnt-feel,correct,-99.2805049,19.4771949,2026-03-19T11:39:07.990Z
69bbe05c56f80c19cdfe757f,695807fefeb54a570fa6e923,2850d217-45bb-4a84-8175-f159c386f1ae,didnt-feel,dont-know,-101.18580469999999,19.7098548,2026-03-19T11:39:08.140Z
69bbe05cf259fd2471ba4a38,5a199c6049297f5a37e80eca,2850d217-45bb-4a84-8175-f159c386f1ae,didnt-feel,correct,-98.2194079039204,19.050581617726838,2026-03-19T11:39:08.432Z
69bbe05c733b8958239f5ef2,695a7da3ed85cb151d2520f7,2850d217-45bb-4a84-8175-f159c386f1ae,didnt-feel,dont-know,-101.27666467800736,17.53914743303212,2026-03-19T11:39:08.663Z
69bbe05c6f3ec378d96f35bf,628eb4396c272c0f2107e5b5,2850d217-45bb-4a84-8175-f159c386f1ae,didnt-feel,weaker,-99.137471,19.3817551,2026-03-19T11:39:08.760Z
69bbe05c96943ca0faaceed8,5ff7d263df2c22000aef12be,2850d217-45bb-4a84-8175-f159c386f1ae,didnt-feel,correct,-99.132101,19.434037,2026-03-19T11:39:08.831Z
69bbe05c86e0f5f192bcf32f,5b861d55112133aa698cefae,2850d217-45bb-4a84-8175-f159c386f1ae,strong,correct,-99.9121457,16.8597541,2026-03-19T11:39:08.959Z
69bbe05df259fd2471ba4a3a,696f7c69f5c7fccf91b2f736,2850d217-45bb-4a84-8175-f159c386f1ae,weak,correct,-99.91228629999999,16.8451853,2026-03-19T11:39:09.292Z
69bbe05d6e5e345879970786,59f635d192c50710c3eca676,2850d217-45bb-4a84-8175-f159c386f1ae,didnt-feel,dont-know,-99.1963522,19.4571808,2026-03-19T11:39:09.491Z
69bbe05d21e7d9be65f5a735,5d8dfc9faca0c8dc48990fda,2850d217-45bb-4a84-8175-f159c386f1ae,didnt-feel,correct,-99.2134442,19.469129799999997,2026-03-19T11:39:09.622Z
69bbe05db8fdcdb7e1b228f4,6224321a0235a406916cfec7,2850d217-45bb-4a84-8175-f159c386f1ae,didnt-feel,dont-know,-99.1502457,19.4155586,2026-03-19T11:39:09.703Z
69bbe05d8e8ac06d49fedf40,67440d81f8d2d52ba4323f4d,2850d217-45bb-4a84-8175-f159c386f1ae,didnt-feel,correct,-99.132101,19.434037,2026-03-19T11:39:09.893Z
69bbe05e33881af970622786,5ad424644458b0fc30e6cb2d,2850d217-45bb-4a84-8175-f159c386f1ae,didnt-feel,correct,-99.09289403814304,19.64287913744878,2026-03-19T11:39:10.010Z
69bbe05ef259fd2471ba4a3c,59fbbeae98148cf85e2ccb26,2850d217-45bb-4a84-8175-f159c386f1ae,didnt-feel,correct,-99.60775785148144,19.399442657564308,2026-03-19T11:39:10.141Z
69bbe05e9c2fd53e108bd209,653e6b86a7196c26a5adf0e8,2850d217-45bb-4a84-8175-f159c386f1ae,didnt-feel,dont-know,-99.2456139,19.5437636,2026-03-19T11:39:10.262Z
69bbe05e6914ae332b571371,59f6953e178b28f9fbf3a18c,2850d217-45bb-4a84-8175-f159c386f1ae,weak,weaker,-99.22452369999999,18.9532676,2026-03-19T11:39:10.789Z
69bbe05e6f3ec378d96f35ce,5a029d79dd313346a24a132a,2850d217-45bb-4a84-8175-f159c386f1ae,didnt-feel,dont-know,-99.1678836,19.289265,2026-03-19T11:39:10.819Z
69bbe05e733b8958239f5efb,69a3303aa1cb9629733afe88,2850d217-45bb-4a84-8175-f159c386f1ae,didnt-feel,dont-know,-99.0115113,19.3466867,2026-03-19T11:39:10.932Z
69bbe05f96943ca0faaceedc,59fbc95995344bef0b30de77,2850d217-45bb-4a84-8175-f159c386f1ae,didnt-feel,correct,-99.1158717,19.3893602,2026-03-19T11:39:11.078Z
69bbe05fbf58a109b517adb6,5a87a3be4b23ae79f14b7dd9,2850d217-45bb-4a84-8175-f159c386f1ae,weak,correct,-99.2017235,19.3682912,2026-03-19T11:39:11.442Z
69bbe05fca8ee595099e569e,60d0c09295d886eeccba7c55,2850d217-45bb-4a84-8175-f159c386f1ae,didnt-feel,dont-know,-99.10826469999999,19.444991599999998,2026-03-19T11:39:11.487Z
69bbe05f8c829929f30126ee,695a7da3ed85cb151d2520f7,2850d217-45bb-4a84-8175-f159c386f1ae,didnt-feel,dont-know,-101.27666467800736,17.53914743303212,2026-03-19T11:39:11.601Z
69bbe05f96943ca0faaceee0,6969e79908bd6e65a22621e0,2850d217-45bb-4a84-8175-f159c386f1ae,didnt-feel,correct,-99.61000571027398,18.554283444574548,2026-03-19T11:39:11.711Z
69bbe05f2db13e4ce6b95fa9,68dfcc31856dbde5e8750e84,2850d217-45bb-4a84-8175-f159c386f1ae,didnt-feel,correct,-99.1294413,19.2981197,2026-03-19T11:39:11.765Z
69bbe05f836cd96c699dfced,5a9f0390973f00e7490e6806,2850d217-45bb-4a84-8175-f159c386f1ae,weak,correct,-99.1698933,19.3845688,2026-03-19T11:39:11.774Z
69bbe060f259fd2471ba4a44,634a29f3477736440229e5a3,2850d217-45bb-4a84-8175-f159c386f1ae,didnt-feel,dont-know,-99.1069756,19.4167821,2026-03-19T11:39:12.097Z
69bbe0609ab22f0ea43c534e,5a31866c011ccf0f16176c9c,2850d217-45bb-4a84-8175-f159c386f1ae,didnt-feel,dont-know,-98.1519505,19.404612699999998,2026-03-19T11:39:12.711Z
69bbe06016d3535bc255f7c8,632bfeb642ca84eafc103851,2850d217-45bb-4a84-8175-f159c386f1ae,didnt-feel,dont-know,-99.1483827,19.3648912,2026-03-19T11:39:12.979Z
69bbe06116f32f3334e55cbb,5a8b60697bab68e8d71dca5b,2850d217-45bb-4a84-8175-f159c386f1ae,didnt-feel,correct,-99.04190679999999,19.5220052,2026-03-19T11:39:13.045Z
69bbe06116d3535bc255f7cb,633716e10d758e1287c00a73,2850d217-45bb-4a84-8175-f159c386f1ae,didnt-feel,dont-know,-99.1830816,19.3730989,2026-03-19T11:39:13.145Z
69bbe06133f58ed4c61d20e3,69b4bfc34529cf488d5dd4d2,2850d217-45bb-4a84-8175-f159c386f1ae,didnt-feel,dont-know,-99.2276401,19.3818686,2026-03-19T11:39:13.580Z
69bbe06121e7d9be65f5a744,5a8781054b23ae79f14aacd9,2850d217-45bb-4a84-8175-f159c386f1ae,didnt-feel,dont-know,-98.8834249,18.7614891,2026-03-19T11:39:13.723Z
69bbe0613ae94e8973849719,657229342ab40150b7d999aa,2850d217-45bb-4a84-8175-f159c386f1ae,didnt-feel,dont-know,-99.132101,19.434037,2026-03-19T11:39:13.950Z
69bbe062eae4277c39002c96,59f73f6f178b28f9fbf4277e,2850d217-45bb-4a84-8175-f159c386f1ae,didnt-feel,dont-know,-98.2069448,18.987233,2026-03-19T11:39:14.069Z
69bbe062a8de4d2d75f96d9e,59fc04a49b5494a21e9a217a,2850d217-45bb-4a84-8175-f159c386f1ae,weak,correct,-99.138495,19.416487,2026-03-19T11:39:14.101Z
69bbe062b409d60963ddb61b,66f6280287ddf0d16b350236,2850d217-45bb-4a84-8175-f159c386f1ae,didnt-feel,dont-know,-99.1635146,19.4384686,2026-03-19T11:39:14.324Z
69bbe062f259fd2471ba4a4e,632a5c23ade95e10a5cc1d62,2850d217-45bb-4a84-8175-f159c386f1ae,didnt-feel,correct,-98.8608794,19.2557277,2026-03-19T11:39:14.449Z
69bbe0629ab22f0ea43c5356,66ef413106f770b43cbe5d9e,2850d217-45bb-4a84-8175-f159c386f1ae,didnt-feel,correct,-98.2183814,19.0269411,2026-03-19T11:39:14.704Z
69bbe06396943ca0faaceeef,61351930225e8883424544d7,2850d217-45bb-4a84-8175-f159c386f1ae,didnt-feel,weaker,-99.098584,19.432217899999998,2026-03-19T11:39:15.454Z
69bbe06356f80c19cdfe7599,671b09691cf1a0d052021ec4,2850d217-45bb-4a84-8175-f159c386f1ae,didnt-feel,dont-know,-98.8990118,19.420762800000002,2026-03-19T11:39:15.519Z
69bbe063146eacf0bb9cf30d,5bef144b5153a7be9b3441ca,2850d217-45bb-4a84-8175-f159c386f1ae,didnt-feel,correct,-99.1131054,19.2981689,2026-03-19T11:39:15.536Z
69bbe06316f32f3334e55cc5,614f3c7177b970684e99a2d0,2850d217-45bb-4a84-8175-f159c386f1ae,didnt-feel,correct,-99.095689,19.495637,2026-03-19T11:39:15.736Z
69bbe063ca8ee595099e56c8,67d26b886c01768126fdc0c9,2850d217-45bb-4a84-8175-f159c386f1ae,didnt-feel,dont-know,-99.25500029999999,19.5789686,2026-03-19T11:39:15.774Z
69bbe063a8de4d2d75f96da9,6446c6dab8df127d155fdb87,2850d217-45bb-4a84-8175-f159c386f1ae,didnt-feel,correct,-99.25072376059104,19.480278736513124,2026-03-19T11:39:15.783Z
69bbe064bf58a109b517ade9,63f931b98ce71ee87402097a,2850d217-45bb-4a84-8175-f159c386f1ae,didnt-feel,correct,-99.0750788,19.647095699999998,2026-03-19T11:39:16.086Z
69bbe0649ab22f0ea43c5359,59f7cd47a5c308a413942d6c,2850d217-45bb-4a84-8175-f159c386f1ae,didnt-feel,correct,-97.1036392,18.8462914,2026-03-19T11:39:16.244Z
69bbe0649ab22f0ea43c535b,59f7d47b993bc192df1b08dc,2850d217-45bb-4a84-8175-f159c386f1ae,didnt-feel,correct,-99.1193297,19.644852099999998,2026-03-19T11:39:16.359Z
69bbe064f259fd2471ba4a7b,5d555435079747597fcab59e,2850d217-45bb-4a84-8175-f159c386f1ae,didnt-feel,dont-know,-98.9991848,19.4063199,2026-03-19T11:39:16.599Z
69bbe0646e5e3458799707d8,59ff453961c0127ef034b145,2850d217-45bb-4a84-8175-f159c386f1ae,didnt-feel,dont-know,-99.1968277,19.5406949,2026-03-19T11:39:16.619Z
69bbe064836cd96c699dfd00,696b09658766b3cc6eeb94e0,2850d217-45bb-4a84-8175-f159c386f1ae,didnt-feel,correct,-99.1746778,19.4445835,2026-03-19T11:39:16.666Z
69bbe06421e7d9be65f5a753,5a30b5f1011ccf0f16175f01,2850d217-45bb-4a84-8175-f159c386f1ae,didnt-feel,correct,-99.1186381,19.456993,2026-03-19T11:39:16.716Z
69bbe064b8fdcdb7e1b2290a,5b0329fd1462e49e8c50fdbb,2850d217-45bb-4a84-8175-f159c386f1ae,didnt-feel,correct,-101.3176816,19.6792941,2026-03-19T11:39:16.829Z
69bbe06421e7d9be65f5a755,632ee961fd52b84aa666bb7d,2850d217-45bb-4a84-8175-f159c386f1ae,weak,correct,-99.1077176,19.3842128,2026-03-19T11:39:16.852Z
69bbe0656f3ec378d96f35e7,5ef23acb279e31000accdbf8,2850d217-45bb-4a84-8175-f159c386f1ae,didnt-feel,dont-know,-99.1603539,19.3607685,2026-03-19T11:39:17.120Z
69bbe06516d3535bc255f812,6509d46ff113560ac16e4261,2850d217-45bb-4a84-8175-f159c386f1ae,didnt-feel,dont-know,-99.1668002,19.3838043,2026-03-19T11:39:17.124Z
69bbe065eae4277c39002c9e,5a2745a15ca2e1ec1826d825,2850d217-45bb-4a84-8175-f159c386f1ae,didnt-feel,dont-know,-99.0600191,19.6100613,2026-03-19T11:39:17.366Z
69bbe06521e7d9be65f5a757,698ea8703ecf6882e0580716,2850d217-45bb-4a84-8175-f159c386f1ae,weak,correct,-99.88170878961682,16.866928889239418,2026-03-19T11:39:17.471Z
69bbe06556f80c19cdfe759d,62f921efa0cda70ab2e0385a,2850d217-45bb-4a84-8175-f159c386f1ae,didnt-feel,weaker,-98.96164279999999,19.4276513,2026-03-19T11:39:17.526Z
69bbe065bf58a109b517aded,59f768b8ae9196d83db15109,2850d217-45bb-4a84-8175-f159c386f1ae,didnt-feel,dont-know,-98.2500125,18.9786824,2026-03-19T11:39:17.569Z
69bbe065f259fd2471ba4a7f,672d2389958502a6bd626e7a,2850d217-45bb-4a84-8175-f159c386f1ae,didnt-feel,dont-know,-99.2292123,19.3659664,2026-03-19T11:39:17.620Z
69bbe0656914ae332b57139d,5a0c9fec8e8b7fea5bb73723,2850d217-45bb-4a84-8175-f159c386f1ae,weak,correct,-99.5152587,17.5693915,2026-03-19T11:39:17.842Z
69bbe06521e7d9be65f5a759,5a877dce212109ec275ee9ad,2850d217-45bb-4a84-8175-f159c386f1ae,didnt-feel,correct,-99.7416394,19.3005198,2026-03-19T11:39:17.947Z
69bbe065ca8ee595099e56cb,65aaab3ef9e4170c09208d96,2850d217-45bb-4a84-8175-f159c386f1ae,didnt-feel,correct,-99.05503569999999,19.2833881,2026-03-19T11:39:17.948Z
69bbe06556f80c19cdfe759f,643f77e3352bcc401de04027,2850d217-45bb-4a84-8175-f159c386f1ae,didnt-feel,dont-know,-99.19959689999999,19.6407547,2026-03-19T11:39:17.975Z
69bbe0666914ae332b57139f,69a626ded58744bd0a552e91,2850d217-45bb-4a84-8175-f159c386f1ae,didnt-feel,dont-know,-100.14931849999999,19.374914999999998,2026-03-19T11:39:18.032Z
69bbe06616f32f3334e55ccb,5a8acf0d6288824a61b0c93b,2850d217-45bb-4a84-8175-f159c386f1ae,didnt-feel,dont-know,-99.08671869999999,19.369512699999998,2026-03-19T11:39:18.102Z
69bbe0666f3ec378d96f35f5,5a132aa95ca2e1ec1825bed5,2850d217-45bb-4a84-8175-f159c386f1ae,didnt-feel,dont-know,-99.16498910000001,19.3287038,2026-03-19T11:39:18.153Z
69bbe06696943ca0faaceef5,64f945d8c44f98821ea03df2,2850d217-45bb-4a84-8175-f159c386f1ae,didnt-feel,correct,-98.1960691,19.0063402,2026-03-19T11:39:18.333Z
69bbe066bf58a109b517adf1,67d82f2c93140e6e6d660b99,2850d217-45bb-4a84-8175-f159c386f1ae,didnt-feel,correct,-99.0529626,19.3829334,2026-03-19T11:39:18.338Z
69bbe066ca8ee595099e56ce,65cd058309d8439e26310047,2850d217-45bb-4a84-8175-f159c386f1ae,didnt-feel,correct,-99.10273269999999,19.4983158,2026-03-19T11:39:18.468Z
69bbe0668deb5275815150a2,59f7ce70a5c308a413942eb7,2850d217-45bb-4a84-8175-f159c386f1ae,didnt-feel,dont-know,-99.1860513,19.473984,2026-03-19T11:39:18.497Z
69bbe0668c829929f301270a,5a0e062981710def824949e3,2850d217-45bb-4a84-8175-f159c386f1ae,weak,correct,-99.1435398,19.4336366,2026-03-19T11:39:18.543Z
69bbe066836cd96c699dfd07,61396a98b42c8a28ead6a422,2850d217-45bb-4a84-8175-f159c386f1ae,didnt-feel,correct,-99.2086834,19.4328504,2026-03-19T11:39:18.657Z
69bbe06656f80c19cdfe75a2,5ef96a0b760b4d000a121c3e,2850d217-45bb-4a84-8175-f159c386f1ae,didnt-feel,correct,-99.05503569999999,19.2833881,2026-03-19T11:39:18.670Z
69bbe066eae4277c39002cb1,688efffe9946cce97c007ead,2850d217-45bb-4a84-8175-f159c386f1ae,didnt-feel,correct,-99.09443549999999,19.3189878,2026-03-19T11:39:18.974Z
69bbe0678deb5275815150a6,6969df39f98cf4e2fe2ab724,2850d217-45bb-4a84-8175-f159c386f1ae,weak,weaker,-99.2203687,19.420166,2026-03-19T11:39:19.153Z
69bbe0676f3ec378d96f35fc,69853b02cc40031131d858e6,2850d217-45bb-4a84-8175-f159c386f1ae,weak,correct,-99.8892469,16.8747409,2026-03-19T11:39:19.277Z
69bbe06733881af9706227bc,5a1927937a124b6c66f22b84,2850d217-45bb-4a84-8175-f159c386f1ae,didnt-feel,correct,-99.0937441,19.4950848,2026-03-19T11:39:19.367Z
69bbe067ca8ee595099e56d1,67c228f8b67951a938de3159,2850d217-45bb-4a84-8175-f159c386f1ae,didnt-feel,correct,-99.1235267,19.3480472,2026-03-19T11:39:19.529Z
69bbe0678deb5275815150a8,63f931b98ce71ee87402097a,2850d217-45bb-4a84-8175-f159c386f1ae,didnt-feel,correct,-99.0750788,19.647095699999998,2026-03-19T11:39:19.558Z
69bbe067bf58a109b517adf6,661e764a80a610c35f8a285e,2850d217-45bb-4a84-8175-f159c386f1ae,didnt-feel,correct,-98.27395,19.044698399999998,2026-03-19T11:39:19.702Z
69bbe068bf58a109b517adfb,5ae91e7fce2e0461d2a06fde,2850d217-45bb-4a84-8175-f159c386f1ae,weak,correct,-99.84039589999999,16.9048186,2026-03-19T11:39:20.392Z
69bbe068f259fd2471ba4a8b,63353af62fd7bf52e2ef7003,2850d217-45bb-4a84-8175-f159c386f1ae,didnt-feel,dont-know,-99.1373136,19.4302678,2026-03-19T11:39:20.584Z
69bbe0683ae94e897384972a,65d19b09d398dfe000bc4850,2850d217-45bb-4a84-8175-f159c386f1ae,didnt-feel,dont-know,-99.284805,19.4256996,2026-03-19T11:39:20.589Z
69bbe06816f32f3334e55cdb,5adb99bf003e7071f0ab9475,2850d217-45bb-4a84-8175-f159c386f1ae,didnt-feel,dont-know,-99.1051863,19.4669694,2026-03-19T11:39:20.831Z
69bbe0683d8f0a6fe7086f84,695ecd348fd967b56397fdde,2850d217-45bb-4a84-8175-f159c386f1ae,didnt-feel,correct,-99.12624609999999,19.6607139,2026-03-19T11:39:20.900Z
69bbe06833f58ed4c61d210b,68b4c3f04b5496347c66a9b4,2850d217-45bb-4a84-8175-f159c386f1ae,weak,correct,-99.09956390038133,19.22509173457661,2026-03-19T11:39:20.904Z
69bbe069b8fdcdb7e1b22933,682bcadd4670432bfd4c3f58,2850d217-45bb-4a84-8175-f159c386f1ae,didnt-feel,correct,-99.186519,19.4327121,2026-03-19T11:39:21.562Z
69bbe0698deb5275815150c3,59fb4509728a60c734572088,2850d217-45bb-4a84-8175-f159c386f1ae,didnt-feel,correct,-98.2158297,19.341596499999998,2026-03-19T11:39:21.759Z
69bbe0693d8f0a6fe7086f8f,69bb551b3ae94e89738301c8,2850d217-45bb-4a84-8175-f159c386f1ae,didnt-feel,dont-know,-99.1297045,19.412235799999998,2026-03-19T11:39:21.890Z
69bbe069146eacf0bb9cf3db,6234e54a0b847318e90f26d1,2850d217-45bb-4a84-8175-f159c386f1ae,didnt-feel,dont-know,-99.1193297,19.2823921,2026-03-19T11:39:21.913Z
69bbe069bf58a109b517ae03,5b59b3e858e3a35136346fd3,2850d217-45bb-4a84-8175-f159c386f1ae,didnt-feel,correct,-99.0073673,19.4102526,2026-03-19T11:39:21.914Z
69bbe06a21e7d9be65f5a76c,5a31866c011ccf0f16176c9c,2850d217-45bb-4a84-8175-f159c386f1ae,didnt-feel,dont-know,-98.1519505,19.404612699999998,2026-03-19T11:39:22.108Z
69bbe06ab409d60963ddb636,5f356bf0fe4b2e000a45f49b,2850d217-45bb-4a84-8175-f159c386f1ae,didnt-feel,correct,-98.5034561,19.2369618,2026-03-19T11:39:22.140Z
69bbe06a56f80c19cdfe75b2,59f752c005e024e0e343acd2,2850d217-45bb-4a84-8175-f159c386f1ae,didnt-feel,correct,-98.2142269,19.0096292,2026-03-19T11:39:22.196Z
69bbe06a96943ca0faacef0a,5ac0eb4c0162b16d8a90608d,2850d217-45bb-4a84-8175-f159c386f1ae,didnt-feel,correct,-98.2500125,19.0612539,2026-03-19T11:39:22.292Z
69bbe06a33881af9706227e5,6969df8a85c087fc5c1022f7,2850d217-45bb-4a84-8175-f159c386f1ae,didnt-feel,dont-know,-99.16815469041467,19.29713690509074,2026-03-19T11:39:22.465Z
69bbe06a6914ae332b5713b8,5a8b5a507bab68e8d71dbc9a,2850d217-45bb-4a84-8175-f159c386f1ae,didnt-feel,dont-know,-98.4059456,19.1611642,2026-03-19T11:39:22.596Z
69bbe06a8c829929f301271f,62f921efa0cda70ab2e0385a,2850d217-45bb-4a84-8175-f159c386f1ae,didnt-feel,weaker,-98.96164279999999,19.4276513,2026-03-19T11:39:22.733Z
69bbe06a16f32f3334e55ce5,59f86c4b7c1642f6b3de6655,2850d217-45bb-4a84-8175-f159c386f1ae,didnt-feel,correct,-99.2013315,19.3430365,2026-03-19T11:39:22.768Z
69bbe06a56f80c19cdfe75b5,633163bc2db5949badbde247,2850d217-45bb-4a84-8175-f159c386f1ae,didnt-feel,dont-know,-99.1310486,19.4318565,2026-03-19T11:39:22.778Z
69bbe06bf259fd2471ba4a9a,69891a0542848914a1abb17b,2850d217-45bb-4a84-8175-f159c386f1ae,didnt-feel,correct,-99.0163461,19.188087,2026-03-19T11:39:23.732Z
69bbe06c16d3535bc255f838,68e6e212afbc77872dffbebb,2850d217-45bb-4a84-8175-f159c386f1ae,didnt-feel,correct,-99.0046048,19.6019963,2026-03-19T11:39:24.063Z
69bbe06c86e0f5f192bcf37b,6854daf0e536dff8658325df,2850d217-45bb-4a84-8175-f159c386f1ae,didnt-feel,dont-know,-99.14284789999999,19.194328499999997,2026-03-19T11:39:24.146Z
69bbe06ca8de4d2d75f96dd2,65cb64ffa4c0ba808e24d8d7,2850d217-45bb-4a84-8175-f159c386f1ae,weak,correct,-99.82439920306206,16.79915013589879,2026-03-19T11:39:24.527Z
69bbe06c56f80c19cdfe75ba,59f6577192c50710c3ecb853,2850d217-45bb-4a84-8175-f159c386f1ae,didnt-feel,correct,-98.9921748,19.2415681,2026-03-19T11:39:24.747Z
69bbe06c8e8ac06d49fedf6f,59fb99fd95344bef0b30c6b8,2850d217-45bb-4a84-8175-f159c386f1ae,didnt-feel,dont-know,-99.2249136,18.9396446,2026-03-19T11:39:24.809Z
69bbe06c9ab22f0ea43c53db,5a48f267ed1cbd3926940791,2850d217-45bb-4a84-8175-f159c386f1ae,didnt-feel,correct,-98.8749017,19.4854931,2026-03-19T11:39:24.998Z
69bbe06db409d60963ddb63d,64df05efcb43d5138ea7308b,2850d217-45bb-4a84-8175-f159c386f1ae,didnt-feel,dont-know,-99.132101,19.434037,2026-03-19T11:39:25.106Z
69bbe06d836cd96c699dfd24,65740ceeec2152096ca452c5,2850d217-45bb-4a84-8175-f159c386f1ae,didnt-feel,weaker,-99.0667845,19.5384419,2026-03-19T11:39:25.252Z
69bbe06d21e7d9be65f5a773,5a8b11949f886943c52d2302,2850d217-45bb-4a84-8175-f159c386f1ae,weak,correct,-99.1905974,19.4887086,2026-03-19T11:39:25.272Z
69bbe06d6e5e345879970811,6957df84fc4b50366b0ed756,2850d217-45bb-4a84-8175-f159c386f1ae,didnt-feel,correct,-99.132101,19.434037,2026-03-19T11:39:25.368Z
69bbe06d2db13e4ce6b96003,5f0d4d15f4c498000a6e5ef6,2850d217-45bb-4a84-8175-f159c386f1ae,didnt-feel,correct,-101.14687239999999,19.685151299999998,2026-03-19T11:39:25.420Z
69bbe06d836cd96c699dfd26,5e328de4fa8c9c000acc8fa9,2850d217-45bb-4a84-8175-f159c386f1ae,weak,correct,-99.8097037,16.7983549,2026-03-19T11:39:25.469Z
69bbe06d3d8f0a6fe7086f99,698405dada0deaf15a39a417,2850d217-45bb-4a84-8175-f159c386f1ae,weak,correct,-99.39402502030134,16.791903770660028,2026-03-19T11:39:25.720Z
69bbe06d16d3535bc255f83d,6838ca0cf84da75c54f41995,2850d217-45bb-4a84-8175-f159c386f1ae,weak,correct,-99.13316309999999,19.4673105,2026-03-19T11:39:25.807Z
69bbe06e9c2fd53e108bd243,69b19a06ca665935316b8843,2850d217-45bb-4a84-8175-f159c386f1ae,weak,dont-know,-99.132101,19.434037,2026-03-19T11:39:26.091Z
69bbe06e33881af9706227ec,59fe477ddd313346a249801a,2850d217-45bb-4a84-8175-f159c386f1ae,didnt-feel,dont-know,-99.17444149380643,19.399780310987,2026-03-19T11:39:26.118Z
69bbe06e6e5e345879970813,5a8bc269ed66ca0ef7a3ace6,2850d217-45bb-4a84-8175-f159c386f1ae,didnt-feel,correct,-99.0972012,19.268769,2026-03-19T11:39:26.163Z
69bbe06e733b8958239f5f3f,6958350445eae41d0c1c9c59,2850d217-45bb-4a84-8175-f159c386f1ae,didnt-feel,correct,-99.10549859999999,19.3537882,2026-03-19T11:39:26.203Z
69bbe06eeae4277c39002cdf,5a0de5f381710def8249466c,2850d217-45bb-4a84-8175-f159c386f1ae,didnt-feel,dont-know,-99.20181459999999,20.1161635,2026-03-19T11:39:26.245Z
69bbe06e96943ca0faacef13,59f744dd178b28f9fbf46dd1,2850d217-45bb-4a84-8175-f159c386f1ae,didnt-feel,dont-know,-99.1539178,19.394073400000003,2026-03-19T11:39:26.334Z
69bbe06e6914ae332b5713c2,5ef44841fe94ec0010277ee2,2850d217-45bb-4a84-8175-f159c386f1ae,weak,correct,-99.16568110000001,19.5268101,2026-03-19T11:39:26.670Z
69bbe06e33881af9706227ee,5a88a1e2212109ec2761e10e,2850d217-45bb-4a84-8175-f159c386f1ae,weak,correct,-99.132101,19.434037,2026-03-19T11:39:26.774Z
69bbe06e3d8f0a6fe7086f9b,655e868f80de04f114408e42,2850d217-45bb-4a84-8175-f159c386f1ae,didnt-feel,correct,-101.19925760000001,19.684803799999997,2026-03-19T11:39:26.976Z
69bbe06fca8ee595099e56f8,5a39e3a9c8ba9f2af398e776,2850d217-45bb-4a84-8175-f159c386f1ae,didnt-feel,dont-know,-98.19669429999999,19.0444606,2026-03-19T11:39:27.123Z
69bbe06f8c829929f3012732,61b96caa4676535b5d6f821a,2850d217-45bb-4a84-8175-f159c386f1ae,didnt-feel,correct,-99.18852079999999,19.4114729,2026-03-19T11:39:27.135Z
69bbe06f9ab22f0ea43c53e0,65a60b30e49c485469d74bf9,2850d217-45bb-4a84-8175-f159c386f1ae,didnt-feel,correct,-99.1746778,19.4445835,2026-03-19T11:39:27.192Z
69bbe06f6e5e345879970817,5a0f763eb202584a119d516f,2850d217-45bb-4a84-8175-f159c386f1ae,didnt-feel,correct,-96.1074462,19.1020314,2026-03-19T11:39:27.315Z
69bbe06f2db13e4ce6b96007,696abba28766b3cc6ee7e190,2850d217-45bb-4a84-8175-f159c386f1ae,didnt-feel,correct,-99.3051462,19.3869466,2026-03-19T11:39:27.331Z
69bbe06f3ae94e897384974a,5a013b681145d83efcb83318,2850d217-45bb-4a84-8175-f159c386f1ae,didnt-feel,correct,-98.99700849999999,19.231755,2026-03-19T11:39:27.673Z
69bbe06f3d8f0a6fe7086f9e,6854ef13e536dff8658376db,2850d217-45bb-4a84-8175-f159c386f1ae,didnt-feel,correct,-99.11379699999999,19.365157099999998,2026-03-19T11:39:27.981Z
69bbe070f259fd2471ba4aa5,68e6e212afbc77872dffbebb,2850d217-45bb-4a84-8175-f159c386f1ae,didnt-feel,correct,-99.0046048,19.6019963,2026-03-19T11:39:28.081Z
69bbe07033881af9706227f2,6783de00dfdc7585792660ce,2850d217-45bb-4a84-8175-f159c386f1ae,didnt-feel,dont-know,-99.146653,19.4684703,2026-03-19T11:39:28.168Z
69bbe0706f3ec378d96f3629,5a108822b202584a119d7263,2850d217-45bb-4a84-8175-f159c386f1ae,didnt-feel,correct,-99.10826469999999,19.444991599999998,2026-03-19T11:39:28.182Z
69bbe071146eacf0bb9cf431,62f60e5da9d3cb53e6504362,2850d217-45bb-4a84-8175-f159c386f1ae,didnt-feel,correct,-100.14291159999999,18.8961467,2026-03-19T11:39:29.795Z
69bbe0719ab22f0ea43c53e6,65789c9c3ee10a154acdab63,2850d217-45bb-4a84-8175-f159c386f1ae,didnt-feel,dont-know,-99.218393,19.3944652,2026-03-19T11:39:29.930Z
69bbe07233f58ed4c61d2131,59f9537b543d32d8d5277b1d,2850d217-45bb-4a84-8175-f159c386f1ae,didnt-feel,dont-know,-99.2938053,19.379596,2026-03-19T11:39:30.083Z
69bbe072f259fd2471ba4aab,64f037b81f32022d163e76b4,2850d217-45bb-4a84-8175-f159c386f1ae,didnt-feel,correct,-99.1746778,19.4445835,2026-03-19T11:39:30.253Z
69bbe07296943ca0faacef21,5d55ed12c67a2c2f5b6e538c,2850d217-45bb-4a84-8175-f159c386f1ae,weak,correct,-99.098584,19.3615004,2026-03-19T11:39:30.427Z
69bbe07286e0f5f192bcf389,5b2931e49dcd70e309723083,2850d217-45bb-4a84-8175-f159c386f1ae,didnt-feel,correct,-99.132101,19.434037,2026-03-19T11:39:30.611Z
69bbe072836cd96c699dfd31,59f87749879b74cfcf2b436e,2850d217-45bb-4a84-8175-f159c386f1ae,didnt-feel,dont-know,-99.2016738,19.4955109,2026-03-19T11:39:30.677Z
69bbe0733ae94e8973849751,5f7a77b21dbb14000a589824,2850d217-45bb-4a84-8175-f159c386f1ae,didnt-feel,correct,-99.0905073,19.4886417,2026-03-19T11:39:31.141Z
69bbe0733d8f0a6fe7086fa9,6970fac9ba96d3ce560b785f,2850d217-45bb-4a84-8175-f159c386f1ae,didnt-feel,correct,-101.5546468,17.6426434,2026-03-19T11:39:31.271Z
69bbe0738e8ac06d49fedf82,6910ac5900dd540b59b42e49,2850d217-45bb-4a84-8175-f159c386f1ae,didnt-feel,correct,-99.1539178,19.394073400000003,2026-03-19T11:39:31.542Z
69bbe073b409d60963ddb64d,651e0c441bd6aabe8ae7928a,2850d217-45bb-4a84-8175-f159c386f1ae,didnt-feel,dont-know,-99.0654022,19.4103067,2026-03-19T11:39:31.545Z
69bbe07321e7d9be65f5a780,59f8e9549c735c1b5b277ce2,2850d217-45bb-4a84-8175-f159c386f1ae,didnt-feel,dont-know,-99.18787209999999,19.4339168,2026-03-19T11:39:31.761Z
69bbe0732db13e4ce6b96011,66a8805c077ef39d5c0a1510,2850d217-45bb-4a84-8175-f159c386f1ae,weak,correct,-99.7358325,19.3106624,2026-03-19T11:39:31.767Z
69bbe07316d3535bc255f84c,64f0863d115b7b2d8af0e9d7,2850d217-45bb-4a84-8175-f159c386f1ae,didnt-feel,correct,-99.132101,19.434037,2026-03-19T11:39:31.881Z
69bbe0742db13e4ce6b96013,6811140f784f0e352f76c0fd,2850d217-45bb-4a84-8175-f159c386f1ae,didnt-feel,correct,-99.0073673,19.4102526,2026-03-19T11:39:32.022Z
69bbe07486e0f5f192bcf399,644eeda6136b8e2c9c0a0990,2850d217-45bb-4a84-8175-f159c386f1ae,didnt-feel,dont-know,-99.2765104,19.3993149,2026-03-19T11:39:32.457Z
69bbe074836cd96c699dfd3a,5acdbfa473d063f82fe54f78,2850d217-45bb-4a84-8175-f159c386f1ae,didnt-feel,correct,-99.0554641672858,19.41780500105191,2026-03-19T11:39:32.926Z
69bbe0753ae94e8973849758,66ad2d8c53d47b10fa1bae6e,2850d217-45bb-4a84-8175-f159c386f1ae,didnt-feel,correct,-99.13039219315694,19.39045125909738,2026-03-19T11:39:33.125Z
69bbe0758c829929f3012749,698d5e65f0d404d5d13d6e67,2850d217-45bb-4a84-8175-f159c386f1ae,didnt-feel,correct,-99.1041157,19.4142597,2026-03-19T11:39:33.947Z
69bbe0769ab22f0ea43c53f3,5ff8bdc55a543f000abd8d6b,2850d217-45bb-4a84-8175-f159c386f1ae,didnt-feel,dont-know,-99.1698333,19.472084199999998,2026-03-19T11:39:34.180Z
69bbe07621e7d9be65f5a787,5a043c2ce6a2a0e0b661a866,2850d217-45bb-4a84-8175-f159c386f1ae,didnt-feel,correct,-99.1320931,19.3612961,2026-03-19T11:39:34.258Z
69bbe077836cd96c699dfd41,67e5dc646193111b46ac2996,2850d217-45bb-4a84-8175-f159c386f1ae,didnt-feel,correct,-103.1598181463778,18.77085411612719,2026-03-19T11:39:35.297Z
69bbe0779ab22f0ea43c53fc,645504540ec2359d5eaff54b,2850d217-45bb-4a84-8175-f159c386f1ae,weak,weaker,-99.1601925,19.4180436,2026-03-19T11:39:35.359Z
69bbe0776f3ec378d96f3648,5b0234d6153a1a050edf55c2,2850d217-45bb-4a84-8175-f159c386f1ae,didnt-feel,correct,-99.57011659999999,19.401552,2026-03-19T11:39:35.916Z
69bbe07886e0f5f192bcf3a8,638748b29389701db7712c37,2850d217-45bb-4a84-8175-f159c386f1ae,didnt-feel,correct,-98.9905456,19.3622598,2026-03-19T11:39:36.014Z
69bbe0786e5e345879970830,632ea0f44da6d1136de0defe,2850d217-45bb-4a84-8175-f159c386f1ae,didnt-feel,dont-know,-99.1850833,19.3665539,2026-03-19T11:39:36.509Z
69bbe078eae4277c39002d01,66ebd2887e4ab00f5de1dade,2850d217-45bb-4a84-8175-f159c386f1ae,weak,correct,-99.7873891,16.851930199999998,2026-03-19T11:39:36.701Z
69bbe078ca8ee595099e5743,643f7ab853090233c7f45ad9,2850d217-45bb-4a84-8175-f159c386f1ae,didnt-feel,correct,-99.0575744,19.2527719,2026-03-19T11:39:36.772Z
69bbe0796914ae332b5713e1,649d6dc8cc1361893ab44d54,2850d217-45bb-4a84-8175-f159c386f1ae,didnt-feel,correct,-98.9811275,19.3717667,2026-03-19T11:39:37.125Z
69bbe079ca8ee595099e5746,65cb64ffa4c0ba808e24d8d7,2850d217-45bb-4a84-8175-f159c386f1ae,weak,correct,-99.82439920306206,16.79915013589879,2026-03-19T11:39:37.589Z
69bbe07996943ca0faacef3b,6957d458da0d542e96f2ad00,2850d217-45bb-4a84-8175-f159c386f1ae,didnt-feel,correct,-99.08112129999999,19.831753199999998,2026-03-19T11:39:37.752Z
69bbe079a8de4d2d75f96df4,59f67499178b28f9fbf37fa8,2850d217-45bb-4a84-8175-f159c386f1ae,didnt-feel,weaker,-102.227853,17.9723808,2026-03-19T11:39:37.822Z
69bbe0793d8f0a6fe7086fbf,5a037c9be6a2a0e0b661965a,2850d217-45bb-4a84-8175-f159c386f1ae,weak,correct,-99.1398828,19.4535692,2026-03-19T11:39:37.916Z
69bbe07986e0f5f192bcf3ad,5a0345b4dcf005ca8d134973,2850d217-45bb-4a84-8175-f159c386f1ae,didnt-feel,dont-know,-99.1303962,19.493972199999998,2026-03-19T11:39:37.993Z
69bbe07abf58a109b517ae56,632c9873347751232a54b097,2850d217-45bb-4a84-8175-f159c386f1ae,didnt-feel,correct,-99.0523463,19.4659959,2026-03-19T11:39:38.099Z
69bbe07a9ab22f0ea43c5403,61476450c70d877f4c9f48ef,2850d217-45bb-4a84-8175-f159c386f1ae,didnt-feel,dont-know,-99.16083719999999,19.4276061,2026-03-19T11:39:38.184Z
69bbe07a56f80c19cdfe75f6,6981719d9e1b0b1397d6a17d,2850d217-45bb-4a84-8175-f159c386f1ae,didnt-feel,dont-know,-98.2613983,19.0155668,2026-03-19T11:39:38.602Z
69bbe07a2db13e4ce6b96041,59f8e9549c735c1b5b277ce2,2850d217-45bb-4a84-8175-f159c386f1ae,didnt-feel,dont-know,-99.18787209999999,19.4339168,2026-03-19T11:39:38.982Z
69bbe07b21e7d9be65f5a79d,69b4c47a940cefbbba472b62,2850d217-45bb-4a84-8175-f159c386f1ae,didnt-feel,correct,-99.0930528,19.4619648,2026-03-19T11:39:39.155Z
69bbe07b6f3ec378d96f3650,5e339ee6f0eab3001f217bb2,2850d217-45bb-4a84-8175-f159c386f1ae,didnt-feel,correct,-99.05503569999999,19.2833881,2026-03-19T11:39:39.294Z
69bbe07bf259fd2471ba4ac3,5a8e6bd4fac9d54e5d009ccf,2850d217-45bb-4a84-8175-f159c386f1ae,weak,correct,-99.1030851,19.4035865,2026-03-19T11:39:39.429Z
69bbe07b96943ca0faacef3f,687348b6f99f59b8f25b614c,2850d217-45bb-4a84-8175-f159c386f1ae,didnt-feel,weaker,-99.1940327,19.4617987,2026-03-19T11:39:39.638Z
69bbe07b2db13e4ce6b96045,59fa4d909c735c1b5b280efc,2850d217-45bb-4a84-8175-f159c386f1ae,didnt-feel,correct,-98.1324904,19.0605764,2026-03-19T11:39:39.691Z
69bbe07cb409d60963ddb667,634569770b01f31a218bc3cd,2850d217-45bb-4a84-8175-f159c386f1ae,weak,correct,-99.2209985,19.3373256,2026-03-19T11:39:40.571Z
69bbe07c8c829929f3012762,66ded2538af94b065de524b9,2850d217-45bb-4a84-8175-f159c386f1ae,weak,correct,-99.08268269999999,19.4101783,2026-03-19T11:39:40.872Z
69bbe07d96943ca0faacef46,5a07a25724d403e624c223b8,2850d217-45bb-4a84-8175-f159c386f1ae,didnt-feel,correct,-99.2023662,19.281163799999998,2026-03-19T11:39:41.722Z
69bbe07e146eacf0bb9cf45a,59f9d25e543d32d8d52797d2,2850d217-45bb-4a84-8175-f159c386f1ae,didnt-feel,correct,-99.1634999,19.4251356,2026-03-19T11:39:42.624Z
69bbe07e9ab22f0ea43c540c,59f9d25e543d32d8d52797d2,2850d217-45bb-4a84-8175-f159c386f1ae,didnt-feel,correct,-99.1634999,19.4251356,2026-03-19T11:39:42.739Z
69bbe07e96943ca0faacef48,5f65ad1e2b2bb100106c82ad,2850d217-45bb-4a84-8175-f159c386f1ae,weak,correct,-99.183972,19.391639,2026-03-19T11:39:42.746Z
69bbe07f6e5e34587997083d,66f502d4f658a23b614f37fe,2850d217-45bb-4a84-8175-f159c386f1ae,didnt-feel,dont-know,-99.1851814,19.3887542,2026-03-19T11:39:43.132Z
69bbe07fca8ee595099e574e,59fb584f0023597fa78e9f35,2850d217-45bb-4a84-8175-f159c386f1ae,didnt-feel,correct,-99.19475090000002,19.4826041,2026-03-19T11:39:43.348Z
69bbe07f733b8958239f5f71,632d19ae63c93d4dc7f6efae,2850d217-45bb-4a84-8175-f159c386f1ae,didnt-feel,dont-know,-99.4825498,19.263857899999998,2026-03-19T11:39:43.397Z
69bbe07f8deb5275815150fc,59f816bd96400cec16940074,2850d217-45bb-4a84-8175-f159c386f1ae,didnt-feel,correct,-99.1352383,19.3574511,2026-03-19T11:39:43.686Z
69bbe07f16f32f3334e55d52,69b4c47a940cefbbba472b62,2850d217-45bb-4a84-8175-f159c386f1ae,didnt-feel,correct,-99.0930528,19.4619648,2026-03-19T11:39:43.942Z
69bbe08016d3535bc255f868,5a4165cac8ba9f2af399fb1a,2850d217-45bb-4a84-8175-f159c386f1ae,didnt-feel,correct,-99.2016738,19.3658809,2026-03-19T11:39:44.076Z
69bbe080733b8958239f5f73,5a029f1d1145d83efcb857cc,2850d217-45bb-4a84-8175-f159c386f1ae,didnt-feel,dont-know,-99.2744005,19.6074359,2026-03-19T11:39:44.211Z
69bbe080b409d60963ddb66f,697eb416aa7b67f4f9bbe611,2850d217-45bb-4a84-8175-f159c386f1ae,didnt-feel,correct,-99.6250544,19.3137392,2026-03-19T11:39:44.360Z
69bbe080146eacf0bb9cf45e,5a4161637b8b9db590caa442,2850d217-45bb-4a84-8175-f159c386f1ae,didnt-feel,dont-know,-99.0251533,19.3469308,2026-03-19T11:39:44.507Z
69bbe08086e0f5f192bcf3c5,67e637266401de6a9be0ae3a,2850d217-45bb-4a84-8175-f159c386f1ae,didnt-feel,dont-know,-99.132101,19.434037,2026-03-19T11:39:44.817Z
69bbe080ca8ee595099e5752,5a099e3f95975e38ad368ea1,2850d217-45bb-4a84-8175-f159c386f1ae,didnt-feel,dont-know,-99.14876718074083,19.675719522920833,2026-03-19T11:39:44.948Z
69bbe0819ab22f0ea43c5410,59f7371226457201db6755c5,2850d217-45bb-4a84-8175-f159c386f1ae,didnt-feel,correct,-98.2351375,19.1126092,2026-03-19T11:39:45.494Z
69bbe0822db13e4ce6b96051,5c47aadf985a1e62f9933af8,2850d217-45bb-4a84-8175-f159c386f1ae,didnt-feel,correct,-99.21413659999999,18.908909899999998,2026-03-19T11:39:46.425Z
69bbe0826e5e345879970843,59f75d0c05e024e0e343c348,2850d217-45bb-4a84-8175-f159c386f1ae,didnt-feel,dont-know,-99.0999669,19.242120099999998,2026-03-19T11:39:46.591Z
69bbe082eae4277c39002d20,657240d0899c4969efb58ab4,2850d217-45bb-4a84-8175-f159c386f1ae,didnt-feel,dont-know,-99.132101,19.434037,2026-03-19T11:39:46.675Z
69bbe082836cd96c699dfd62,696fbcc7d2c254959a878c00,2850d217-45bb-4a84-8175-f159c386f1ae,weak,correct,-99.896926,16.8780152,2026-03-19T11:39:46.805Z
69bbe0838deb527581515105,656d5df4899c495e329fb628,2850d217-45bb-4a84-8175-f159c386f1ae,didnt-feel,correct,-99.02566099539399,19.387159659253374,2026-03-19T11:39:47.466Z
69bbe084b8fdcdb7e1b22982,5a079833e6a2a0e0b661f194,2850d217-45bb-4a84-8175-f159c386f1ae,didnt-feel,dont-know,-98.947523,18.853788,2026-03-19T11:39:48.442Z
69bbe0846914ae332b571412,59fbfe017a0315157e804117,2850d217-45bb-4a84-8175-f159c386f1ae,didnt-feel,dont-know,-99.1193297,19.317742,2026-03-19T11:39:48.718Z
69bbe08433f58ed4c61d2179,59f7641aae9196d83db14907,2850d217-45bb-4a84-8175-f159c386f1ae,weak,correct,-99.2343352,19.3460317,2026-03-19T11:39:48.747Z
69bbe0848c829929f3012773,5aedbba1b08e91da4d748e95,2850d217-45bb-4a84-8175-f159c386f1ae,didnt-feel,dont-know,-99.0260168,19.504377700000003,2026-03-19T11:39:48.810Z
69bbe085f259fd2471ba4ad6,68cb990d7cb2f1e8f17fafa4,2850d217-45bb-4a84-8175-f159c386f1ae,weak,correct,-98.920395,19.2981314,2026-03-19T11:39:49.386Z
69bbe0852db13e4ce6b96076,66f5fbb36463c9952d85e898,2850d217-45bb-4a84-8175-f159c386f1ae,didnt-feel,correct,-99.0488165,19.564401,2026-03-19T11:39:49.592Z
69bbe085836cd96c699dfd68,5a89dc21212109ec27638534,2850d217-45bb-4a84-8175-f159c386f1ae,didnt-feel,dont-know,-99.18787209999999,19.4339168,2026-03-19T11:39:49.664Z
69bbe0856f3ec378d96f3665,632fc75d90dd3ea92a0e8e92,2850d217-45bb-4a84-8175-f159c386f1ae,didnt-feel,correct,-99.02117539999999,19.5169057,2026-03-19T11:39:49.867Z
69bbe08616f32f3334e55d63,59f7a0e1bc77845687ced55c,2850d217-45bb-4a84-8175-f159c386f1ae,didnt-feel,dont-know,-99.1257553,19.2994003,2026-03-19T11:39:50.665Z
69bbe08696943ca0faacef54,5a0b75551bd2466979f2c541,2850d217-45bb-4a84-8175-f159c386f1ae,didnt-feel,correct,-99.1658786,19.4086097,2026-03-19T11:39:50.879Z
69bbe087a8de4d2d75f96e51,645c76ca26def036754c6a29,2850d217-45bb-4a84-8175-f159c386f1ae,didnt-feel,correct,-99.1791765,19.3806445,2026-03-19T11:39:51.107Z
69bbe087733b8958239f5f7f,63f83ce3906b72536d655724,2850d217-45bb-4a84-8175-f159c386f1ae,didnt-feel,correct,-99.1543481,19.339029,2026-03-19T11:39:51.166Z
69bbe087eae4277c39002d2b,68478bf97721f3175d10549c,2850d217-45bb-4a84-8175-f159c386f1ae,didnt-feel,dont-know,-99.5906839,19.2585666,2026-03-19T11:39:51.365Z
69bbe087146eacf0bb9cf476,59f8fd1c543d32d8d52740e8,2850d217-45bb-4a84-8175-f159c386f1ae,didnt-feel,correct,-99.1483827,19.417923200000004,2026-03-19T11:39:51.910Z
69bbe0888c829929f301277e,5f24fa2d06563d000ac9fad0,2850d217-45bb-4a84-8175-f159c386f1ae,didnt-feel,dont-know,-99.2207479,19.3419351,2026-03-19T11:39:52.118Z
69bbe0886e5e34587997084b,60b78767570f36855848660e,2850d217-45bb-4a84-8175-f159c386f1ae,didnt-feel,dont-know,-99.0978926,19.382896499999998,2026-03-19T11:39:52.334Z
69bbe08833f58ed4c61d2180,5a03af85e6a2a0e0b6619bd5,2850d217-45bb-4a84-8175-f159c386f1ae,didnt-feel,correct,-99.2266013,19.3498883,2026-03-19T11:39:52.777Z
69bbe0883ae94e89738497c7,66f5b3d79483cb3752cf01e7,2850d217-45bb-4a84-8175-f159c386f1ae,didnt-feel,correct,-99.15530160000002,19.457351,2026-03-19T11:39:52.815Z
69bbe0898c829929f3012784,59fb51c70023597fa78e92eb,2850d217-45bb-4a84-8175-f159c386f1ae,didnt-feel,dont-know,-99.64248719999999,19.2392859,2026-03-19T11:39:53.235Z
69bbe0892db13e4ce6b9607c,59f9d390543d32d8d5279820,2850d217-45bb-4a84-8175-f159c386f1ae,didnt-feel,dont-know,-99.09201569999999,19.642184699999998,2026-03-19T11:39:53.889Z
69bbe08a9ab22f0ea43c542f,5a8af5e25b7cc0cee07ffdf9,2850d217-45bb-4a84-8175-f159c386f1ae,weak,weaker,-99.0510099,19.4170546,2026-03-19T11:39:54.229Z
69bbe08a9c2fd53e108bd2ce,5ba1cd913637d85639fd0060,2850d217-45bb-4a84-8175-f159c386f1ae,didnt-feel,dont-know,-99.0260143,19.5459437,2026-03-19T11:39:54.554Z
69bbe08bca8ee595099e5763,5a0d214a81710def82492c23,2850d217-45bb-4a84-8175-f159c386f1ae,didnt-feel,dont-know,-99.2605428,19.301776,2026-03-19T11:39:55.139Z
69bbe08bb8fdcdb7e1b2298c,645c76ca26def036754c6a29,2850d217-45bb-4a84-8175-f159c386f1ae,didnt-feel,correct,-99.1791765,19.3806445,2026-03-19T11:39:55.171Z
69bbe08b16f32f3334e55d6b,59f61cfc26457201db66847a,2850d217-45bb-4a84-8175-f159c386f1ae,didnt-feel,dont-know,-99.19303567842445,19.486302293875656,2026-03-19T11:39:55.194Z
69bbe08bca8ee595099e5766,5a88b0a84b23ae79f14dfa44,2850d217-45bb-4a84-8175-f159c386f1ae,didnt-feel,correct,-99.1695461,19.4303992,2026-03-19T11:39:55.231Z
69bbe08b733b8958239f5f95,59fb3e9fb326dead12167fe9,2850d217-45bb-4a84-8175-f159c386f1ae,weak,correct,-99.12624609999999,19.6607139,2026-03-19T11:39:55.367Z
69bbe08b8e8ac06d49fedfc6,613850586bfc19b49a3d434e,2850d217-45bb-4a84-8175-f159c386f1ae,weak,correct,-98.2732659,19.312437499999998,2026-03-19T11:39:55.909Z
69bbe08b6e5e345879970871,5ef2251e274d33000a824d9d,2850d217-45bb-4a84-8175-f159c386f1ae,didnt-feel,correct,-98.31295039999999,19.0318871,2026-03-19T11:39:55.966Z
69bbe08c33881af97062283b,696a2973366988e3e7ceef9e,2850d217-45bb-4a84-8175-f159c386f1ae,didnt-feel,correct,-99.1719095,19.6745962,2026-03-19T11:39:56.311Z
69bbe08c733b8958239f5f97,5a0b75551bd2466979f2c541,2850d217-45bb-4a84-8175-f159c386f1ae,didnt-feel,correct,-99.1658786,19.4086097,2026-03-19T11:39:56.382Z
69bbe08c6e5e345879970883,59f8796b543d32d8d526c9ee,2850d217-45bb-4a84-8175-f159c386f1ae,didnt-feel,dont-know,-99.10065829999999,19.533050799999998,2026-03-19T11:39:56.876Z
69bbe08db8fdcdb7e1b22991,5e32a6a1e2438a000a595f52,2850d217-45bb-4a84-8175-f159c386f1ae,didnt-feel,dont-know,-98.1406835,19.417295900000003,2026-03-19T11:39:57.299Z
69bbe08db409d60963ddb693,5a8cee433c8192ed30a0a2c3,2850d217-45bb-4a84-8175-f159c386f1ae,didnt-feel,dont-know,-99.1415157,19.3282858,2026-03-19T11:39:57.355Z
69bbe08dbf58a109b517aea2,5e1eda18d234ef503d29d44a,2850d217-45bb-4a84-8175-f159c386f1ae,didnt-feel,correct,-99.13316309999999,19.455523499999998,2026-03-19T11:39:57.968Z
69bbe08d8e8ac06d49fedfc9,67d6f5d893140e6e6d61c7ec,2850d217-45bb-4a84-8175-f159c386f1ae,didnt-feel,correct,-99.6856531,19.3355614,2026-03-19T11:39:57.994Z
69bbe08e8e8ac06d49fedfcd,5a17aa825ca2e1ec18263187,2850d217-45bb-4a84-8175-f159c386f1ae,didnt-feel,dont-know,-98.1275963,19.0588702,2026-03-19T11:39:58.387Z
69bbe08e6e5e345879970885,67d2be3f6c01768126fe0a9f,2850d217-45bb-4a84-8175-f159c386f1ae,didnt-feel,correct,-99.2023662,19.281163799999998,2026-03-19T11:39:58.416Z
69bbe08e836cd96c699dfd7d,59fb79879d5e8d8ae7ebd89d,2850d217-45bb-4a84-8175-f159c386f1ae,didnt-feel,dont-know,-99.02463519999999,19.5265548,2026-03-19T11:39:58.998Z
69bbe08f33881af970622842,59f6b22a178b28f9fbf3cb10,2850d217-45bb-4a84-8175-f159c386f1ae,didnt-feel,dont-know,-99.2757864,19.3466476,2026-03-19T11:39:59.491Z
69bbe08f16d3535bc255f890,673be8af813ebe4a29705916,2850d217-45bb-4a84-8175-f159c386f1ae,didnt-feel,correct,-99.1080267,19.3197225,2026-03-19T11:39:59.717Z
69bbe0909c2fd53e108bd2ee,6144b2109bd9d1a59cb072d9,2850d217-45bb-4a84-8175-f159c386f1ae,didnt-feel,dont-know,-98.2500125,18.9786824,2026-03-19T11:40:00.942Z
69bbe0912db13e4ce6b96091,59f687d692c50710c3ece363,2850d217-45bb-4a84-8175-f159c386f1ae,didnt-feel,correct,-99.1668002,19.3838043,2026-03-19T11:40:01.855Z
69bbe092836cd96c699dfd88,619441b077b970112cd276f1,2850d217-45bb-4a84-8175-f159c386f1ae,weak,correct,-98.9162558,19.2585507,2026-03-19T11:40:02.042Z
69bbe092bf58a109b517aeb9,5aedbba1b08e91da4d748e95,2850d217-45bb-4a84-8175-f159c386f1ae,didnt-feel,dont-know,-99.0260168,19.504377700000003,2026-03-19T11:40:02.178Z
69bbe092836cd96c699dfd8a,678c4113172c4e563b72f493,2850d217-45bb-4a84-8175-f159c386f1ae,didnt-feel,dont-know,-99.04529094032492,19.32718317382546,2026-03-19T11:40:02.457Z
69bbe09233881af970622848,653ae5b580de040a8b8181cb,2850d217-45bb-4a84-8175-f159c386f1ae,didnt-feel,dont-know,-99.0146194,19.562062600000004,2026-03-19T11:40:02.577Z
69bbe092733b8958239f5fa4,67c63272d814220aeebe1def,2850d217-45bb-4a84-8175-f159c386f1ae,didnt-feel,correct,-99.10826469999999,19.660154199999997,2026-03-19T11:40:02.904Z
69bbe09316f32f3334e55d7b,623a83fe0b8473a72e1581f8,2850d217-45bb-4a84-8175-f159c386f1ae,didnt-feel,dont-know,-99.24876549999999,19.6050737,2026-03-19T11:40:03.183Z
69bbe0936f3ec378d96f367d,6959c1ebaf369f9326d2049e,2850d217-45bb-4a84-8175-f159c386f1ae,weak,correct,-99.8892469,16.8747409,2026-03-19T11:40:03.552Z
69bbe0939c2fd53e108bd2f1,68bcb7fc7846ea7d11598534,2850d217-45bb-4a84-8175-f159c386f1ae,didnt-feel,correct,-99.0421683,19.4707207,2026-03-19T11:40:03.554Z
69bbe0938deb527581515131,5f8aa1a5e0fbd5000a689867,2850d217-45bb-4a84-8175-f159c386f1ae,didnt-feel,dont-know,-98.9916095,19.3943312,2026-03-19T11:40:03.836Z
69bbe0948e8ac06d49fedfd8,66ec68d512c3093227988bce,2850d217-45bb-4a84-8175-f159c386f1ae,didnt-feel,dont-know,-99.0880256,19.4198374,2026-03-19T11:40:04.390Z
69bbe09516f32f3334e55d7f,63a2af9899c6114bdd55ddf5,2850d217-45bb-4a84-8175-f159c386f1ae,didnt-feel,dont-know,-99.1373136,19.4302678,2026-03-19T11:40:05.253Z
69bbe0953d8f0a6fe7087008,5a87922d516763ab11902282,2850d217-45bb-4a84-8175-f159c386f1ae,didnt-feel,correct,-99.2134442,19.5280593,2026-03-19T11:40:05.600Z
69bbe09633f58ed4c61d21a0,5a87711a4b23ae79f149a3fc,2850d217-45bb-4a84-8175-f159c386f1ae,weak,correct,-99.137538,19.3752536,2026-03-19T11:40:06.220Z
69bbe096836cd96c699dfd90,63e31a91cbf88eb9437d58f2,2850d217-45bb-4a84-8175-f159c386f1ae,didnt-feel,correct,-99.181395,19.3829834,2026-03-19T11:40:06.438Z
69bbe09796943ca0faacef7e,59f8694196400cec1694244b,2850d217-45bb-4a84-8175-f159c386f1ae,didnt-feel,dont-know,-99.1352383,19.3574511,2026-03-19T11:40:07.127Z
69bbe0979c2fd53e108bd2fa,59f8681b96400cec169413f0,2850d217-45bb-4a84-8175-f159c386f1ae,didnt-feel,correct,-99.2169022,19.5300152,2026-03-19T11:40:07.917Z
69bbe097b8fdcdb7e1b229a6,6640b6654f3353d1f4bb8f7c,2850d217-45bb-4a84-8175-f159c386f1ae,didnt-feel,correct,-99.0557268,19.491837099999998,2026-03-19T11:40:07.987Z
69bbe09896943ca0faacef81,5a8a842650a4a45369d878d0,2850d217-45bb-4a84-8175-f159c386f1ae,didnt-feel,dont-know,-99.03914309999999,19.5457257,2026-03-19T11:40:08.318Z
69bbe099bf58a109b517aec4,5a8a75ea9f71719058b1e5df,2850d217-45bb-4a84-8175-f159c386f1ae,didnt-feel,correct,-98.0540199,16.34036,2026-03-19T11:40:09.071Z
69bbe0993d8f0a6fe708700f,691a2049436e63f2a76109aa,2850d217-45bb-4a84-8175-f159c386f1ae,didnt-feel,dont-know,-99.1276295,19.31438,2026-03-19T11:40:09.241Z
69bbe0996914ae332b57143e,6144b2109bd9d1a59cb072d9,2850d217-45bb-4a84-8175-f159c386f1ae,didnt-feel,dont-know,-98.2500125,18.9786824,2026-03-19T11:40:09.346Z
69bbe09933f58ed4c61d21a7,5a8d86f30d22e1a547a75221,2850d217-45bb-4a84-8175-f159c386f1ae,didnt-feel,correct,-99.03914309999999,19.324689100000004,2026-03-19T11:40:09.369Z
69bbe0993d8f0a6fe7087011,66acd0b91a573df4b9b1a557,2850d217-45bb-4a84-8175-f159c386f1ae,didnt-feel,correct,-99.1562376357615,19.460626816043114,2026-03-19T11:40:09.472Z
69bbe09916f32f3334e55d8b,5ac4c32898274128e264527b,2850d217-45bb-4a84-8175-f159c386f1ae,weak,correct,-99.11379699999999,19.347479800000002,2026-03-19T11:40:09.786Z
69bbe09a33881af970622856,6957d62acc9de9fd070dce9f,2850d217-45bb-4a84-8175-f159c386f1ae,didnt-feel,correct,-102.2193094,17.9616782,2026-03-19T11:40:10.012Z
69bbe09a8e8ac06d49fedfe3,6345533f0642b264a9e0b368,2850d217-45bb-4a84-8175-f159c386f1ae,didnt-feel,correct,-99.1310486,19.4318565,2026-03-19T11:40:10.609Z
69bbe09b2db13e4ce6b960a2,59fb59f90023597fa78eb21d,2850d217-45bb-4a84-8175-f159c386f1ae,didnt-feel,dont-know,-98.91904749999999,19.3081146,2026-03-19T11:40:11.067Z
69bbe09b86e0f5f192bcf3f5,61382e1c3debda4f02b47432,2850d217-45bb-4a84-8175-f159c386f1ae,didnt-feel,dont-know,-98.98319869999999,18.9570531,2026-03-19T11:40:11.519Z
69bbe09b8c829929f301287c,59f8d067879b74cfcf2ba88a,2850d217-45bb-4a84-8175-f159c386f1ae,didnt-feel,dont-know,-99.13108237087727,19.55606156843765,2026-03-19T11:40:11.608Z
69bbe09d33f58ed4c61d21b3,5a87d2814b23ae79f14c566e,2850d217-45bb-4a84-8175-f159c386f1ae,didnt-feel,correct,-98.95075539999999,19.3703189,2026-03-19T11:40:13.078Z
69bbe09d836cd96c699dfd9e,67c213dc458eba797ed90c74,2850d217-45bb-4a84-8175-f159c386f1ae,didnt-feel,correct,-99.27717229999999,19.4658703,2026-03-19T11:40:13.375Z
69bbe09d146eacf0bb9cf4b8,5ba31eab2c1ae312b1ef3ccf,2850d217-45bb-4a84-8175-f159c386f1ae,didnt-feel,dont-know,-99.13316309999999,19.396592899999998,2026-03-19T11:40:13.912Z
69bbe09eb409d60963ddb6b3,5d2eb66b53c336899ad6faff,2850d217-45bb-4a84-8175-f159c386f1ae,weak,correct,-99.1483827,19.417923200000004,2026-03-19T11:40:14.434Z
69bbe09e8c829929f3012889,66c5765677b002cfd2994662,2850d217-45bb-4a84-8175-f159c386f1ae,didnt-feel,correct,-99.1767541,19.5218266,2026-03-19T11:40:14.872Z
69bbe09fbf58a109b517aed7,5f65a5372b2bb100106c805e,2850d217-45bb-4a84-8175-f159c386f1ae,didnt-feel,weaker,-99.1162717,19.2982982,2026-03-19T11:40:15.237Z
69bbe0a0733b8958239f5fbe,5a87b7ce212109ec276072f8,2850d217-45bb-4a84-8175-f159c386f1ae,weak,correct,-99.896926,16.8780152,2026-03-19T11:40:16.003Z
69bbe0a096943ca0faacef91,67c25b04cb134d92117af654,2850d217-45bb-4a84-8175-f159c386f1ae,didnt-feel,correct,-99.24937030300498,18.967279603983677,2026-03-19T11:40:16.224Z
69bbe0a0a8de4d2d75f96e95,63b1c9fc011ec033e97880ce,2850d217-45bb-4a84-8175-f159c386f1ae,didnt-feel,dont-know,-99.0863809,19.4535128,2026-03-19T11:40:16.461Z
69bbe0a08deb527581515151,67f3619e4a6a5a05b6b503ef,2850d217-45bb-4a84-8175-f159c386f1ae,didnt-feel,correct,-99.1414643,19.4050136,2026-03-19T11:40:16.599Z
69bbe0a196943ca0faacef93,632cbad71b99577c4466b918,2850d217-45bb-4a84-8175-f159c386f1ae,didnt-feel,correct,-99.1538098,19.3473713,2026-03-19T11:40:17.070Z
69bbe0a19ab22f0ea43c5473,66f5b26cb5c1e41e215f96b2,2850d217-45bb-4a84-8175-f159c386f1ae,didnt-feel,dont-know,-99.2085979,19.4604789,2026-03-19T11:40:17.860Z
69bbe0a286e0f5f192bcf405,68c04c889422b676643c39d6,2850d217-45bb-4a84-8175-f159c386f1ae,didnt-feel,correct,-99.132101,19.434037,2026-03-19T11:40:18.710Z
69bbe0a36914ae332b57146b,68fd664417412f6901e00435,2850d217-45bb-4a84-8175-f159c386f1ae,didnt-feel,correct,-99.132101,19.434037,2026-03-19T11:40:19.967Z
69bbe0a48e8ac06d49fedff7,67d525fd93140e6e6d571354,2850d217-45bb-4a84-8175-f159c386f1ae,didnt-feel,correct,-99.132101,19.434037,2026-03-19T11:40:20.590Z
69bbe0a48e8ac06d49fedff9,5bb29bea5970a01b7b3f5f5b,2850d217-45bb-4a84-8175-f159c386f1ae,didnt-feel,dont-know,-98.22935605421662,19.013067341799186,2026-03-19T11:40:20.604Z
69bbe0a4eae4277c39002d63,59f740eccf2d1de81acd90a9,2850d217-45bb-4a84-8175-f159c386f1ae,didnt-feel,correct,-99.1537392,19.3382538,2026-03-19T11:40:20.684Z
69bbe0a521e7d9be65f5a825,698e4a2b3ecf6882e053d704,2850d217-45bb-4a84-8175-f159c386f1ae,didnt-feel,correct,-99.03167802840471,19.539156235692317,2026-03-19T11:40:21.141Z
69bbe0a5733b8958239f5fe9,65d1682c3596294ea166c24b,2850d217-45bb-4a84-8175-f159c386f1ae,moderate,stronger,-99.89483159999999,16.8628023,2026-03-19T11:40:21.719Z
69bbe0a5ca8ee595099e579a,689eb0dcbf2eb5296ae12240,2850d217-45bb-4a84-8175-f159c386f1ae,didnt-feel,dont-know,-99.2203687,19.5203389,2026-03-19T11:40:21.991Z
69bbe0a6b8fdcdb7e1b229c7,698b8df1798e601a33faa30e,2850d217-45bb-4a84-8175-f159c386f1ae,weak,correct,-99.502004,17.5539614,2026-03-19T11:40:22.007Z
69bbe0a633f58ed4c61d21d9,67c21fd35151da9716449722,2850d217-45bb-4a84-8175-f159c386f1ae,didnt-feel,dont-know,-99.16207071896793,19.326617417263115,2026-03-19T11:40:22.082Z
69bbe0a62db13e4ce6b960be,5c8d441a787d6c3894d6f564,2850d217-45bb-4a84-8175-f159c386f1ae,didnt-feel,dont-know,-98.31295039999999,19.0318871,2026-03-19T11:40:22.160Z
69bbe0a69ab22f0ea43c5482,68117eeb1f2ee1aef14b752d,2850d217-45bb-4a84-8175-f159c386f1ae,weak,correct,-99.89483159999999,16.8628023,2026-03-19T11:40:22.452Z
69bbe0a63d8f0a6fe7087046,68fd5f02dc29f3b93f3063a0,2850d217-45bb-4a84-8175-f159c386f1ae,weak,correct,-99.950699,16.8892565,2026-03-19T11:40:22.466Z
69bbe0a633f58ed4c61d21db,65d15234a9f7f61170b1fe94,2850d217-45bb-4a84-8175-f159c386f1ae,didnt-feel,dont-know,-99.32390371932205,19.56494140625,2026-03-19T11:40:22.510Z
69bbe0a6836cd96c699dfdbd,65d15234a9f7f61170b1fe94,2850d217-45bb-4a84-8175-f159c386f1ae,didnt-feel,dont-know,-99.32390371932205,19.56494140625,2026-03-19T11:40:22.639Z
69bbe0a66f3ec378d96f36bc,639882d2bab90a49421bdde4,2850d217-45bb-4a84-8175-f159c386f1ae,didnt-feel,dont-know,-99.5821783,19.2687667,2026-03-19T11:40:22.770Z
69bbe0a7733b8958239f5fee,6329297136806d4d78557d51,2850d217-45bb-4a84-8175-f159c386f1ae,weak,correct,-99.50269890000001,17.560516,2026-03-19T11:40:23.039Z
69bbe0a821e7d9be65f5a832,64344cfc77cc80250f8fa531,2850d217-45bb-4a84-8175-f159c386f1ae,didnt-feel,dont-know,-98.982713,19.409143,2026-03-19T11:40:24.581Z
69bbe0a886e0f5f192bcf42b,59f6a11f178b28f9fbf3b23c,2850d217-45bb-4a84-8175-f159c386f1ae,didnt-feel,dont-know,-99.17665653140311,19.38620305250941,2026-03-19T11:40:24.998Z
69bbe0a96e5e3458799708e4,695e977a2b6fc3c8bcb26f53,2850d217-45bb-4a84-8175-f159c386f1ae,weak,correct,-100.01359289999999,17.1123159,2026-03-19T11:40:25.037Z
69bbe0a9b409d60963ddb6dc,698e709af5b77376143fe6c0,2850d217-45bb-4a84-8175-f159c386f1ae,didnt-feel,stronger,-98.0574299,18.293136999999998,2026-03-19T11:40:25.871Z
69bbe0aa3d8f0a6fe708705a,59f884a6879b74cfcf2b6037,2850d217-45bb-4a84-8175-f159c386f1ae,didnt-feel,dont-know,-99.1303962,19.493972199999998,2026-03-19T11:40:26.098Z
69bbe0aa146eacf0bb9cf4ec,6138316652bbe7a6e61d5bd0,2850d217-45bb-4a84-8175-f159c386f1ae,weak,correct,-99.1539178,19.394073400000003,2026-03-19T11:40:26.616Z
69bbe0ab6914ae332b57149c,698b8df1798e601a33faa30e,2850d217-45bb-4a84-8175-f159c386f1ae,weak,correct,-99.502004,17.5539614,2026-03-19T11:40:27.606Z
69bbe0ab96943ca0faacefbc,64401b4a573135824d686bce,2850d217-45bb-4a84-8175-f159c386f1ae,didnt-feel,correct,-98.2161912,19.3134087,2026-03-19T11:40:27.663Z
69bbe0ac8e8ac06d49fee022,59f75a8605e024e0e343be82,2850d217-45bb-4a84-8175-f159c386f1ae,didnt-feel,correct,-99.16498910000001,19.405299,2026-03-19T11:40:28.586Z
69bbe0ae33881af970622899,61382f11461bfc7700f8aa69,2850d217-45bb-4a84-8175-f159c386f1ae,didnt-feel,dont-know,-99.13247140000001,19.317819399999998,2026-03-19T11:40:30.486Z
69bbe0b08e8ac06d49fee02c,6578c8af64af7ba573ee3100,2850d217-45bb-4a84-8175-f159c386f1ae,didnt-feel,dont-know,-99.13313711062074,19.67045749242442,2026-03-19T11:40:32.293Z
69bbe0b0a8de4d2d75f96ec5,5a88a1394b23ae79f14d67d0,2850d217-45bb-4a84-8175-f159c386f1ae,didnt-feel,correct,-99.0723139,19.485110199999998,2026-03-19T11:40:32.547Z
69bbe0b03ae94e897384985a,632144cbf98133cecaa0f49d,2850d217-45bb-4a84-8175-f159c386f1ae,didnt-feel,dont-know,-99.06609329999999,19.3579685,2026-03-19T11:40:32.816Z
69bbe0b1836cd96c699dfdfb,6843b82a6c261812b232f372,2850d217-45bb-4a84-8175-f159c386f1ae,didnt-feel,dont-know,-99.23698999999999,19.2838297,2026-03-19T11:40:33.119Z
69bbe0b18c829929f30128d8,696a3dfa8766b3cc6edfce40,2850d217-45bb-4a84-8175-f159c386f1ae,didnt-feel,correct,-102.19472329999999,17.9603604,2026-03-19T11:40:33.328Z
69bbe0b19c2fd53e108bd343,59fbeb3898148cf85e2ce284,2850d217-45bb-4a84-8175-f159c386f1ae,didnt-feel,correct,-99.5403819,18.3462954,2026-03-19T11:40:33.987Z
69bbe0b216f32f3334e55ddd,698d067df0d404d5d13b085a,2850d217-45bb-4a84-8175-f159c386f1ae,moderate,correct,-100.3221576847136,17.089551917799344,2026-03-19T11:40:34.108Z
69bbe0b216f32f3334e55ddf,666acf36e7e5ff9a3815f4fd,2850d217-45bb-4a84-8175-f159c386f1ae,didnt-feel,correct,-101.21129599999999,19.7053185,2026-03-19T11:40:34.499Z
69bbe0b2b409d60963ddb6f9,5ab14d061cd5a2775b25be5c,2850d217-45bb-4a84-8175-f159c386f1ae,didnt-feel,correct,-99.14581749999999,19.4296297,2026-03-19T11:40:34.837Z
69bbe0b4bf58a109b517af02,5e1cf773b070e162c611f5a2,2850d217-45bb-4a84-8175-f159c386f1ae,didnt-feel,dont-know,-99.098584,19.432217899999998,2026-03-19T11:40:36.894Z
69bbe0b5a8de4d2d75f96ecd,66ec60c1bd10a566c129d5fb,2850d217-45bb-4a84-8175-f159c386f1ae,didnt-feel,correct,-98.9673205,19.431396799999998,2026-03-19T11:40:37.417Z
69bbe0b56f3ec378d96f36f2,69b89b3a705938192a50471b,2850d217-45bb-4a84-8175-f159c386f1ae,didnt-feel,dont-know,-99.4686567,19.2763539,2026-03-19T11:40:37.437Z
69bbe0b5b8fdcdb7e1b22a06,5dd75381167afa79fc977de7,2850d217-45bb-4a84-8175-f159c386f1ae,didnt-feel,correct,-99.2584643,19.501446299999998,2026-03-19T11:40:37.451Z
69bbe0b616f32f3334e55de9,5ad2e9fba6860866edfeeaae,2850d217-45bb-4a84-8175-f159c386f1ae,weak,correct,-98.95075539999999,19.3703189,2026-03-19T11:40:38.344Z
69bbe0b7836cd96c699dfe08,66ebbff67e4ab00f5de15eaf,2850d217-45bb-4a84-8175-f159c386f1ae,didnt-feel,dont-know,-99.1882669,19.4561214,2026-03-19T11:40:39.767Z
69bbe0b76f3ec378d96f36fa,5d2ea7d6d576fb55496fd365,2850d217-45bb-4a84-8175-f159c386f1ae,didnt-feel,correct,-99.1783506,19.3697174,2026-03-19T11:40:39.854Z
69bbe0b83ae94e897384986c,5a8b1c365b7cc0cee0809d41,2850d217-45bb-4a84-8175-f159c386f1ae,didnt-feel,dont-know,-99.138889,19.275,2026-03-19T11:40:40.530Z
69bbe0b89c2fd53e108bd350,59fc889f95344bef0b3114bc,2850d217-45bb-4a84-8175-f159c386f1ae,weak,correct,-99.132101,19.434037,2026-03-19T11:40:40.699Z
69bbe0b8a8de4d2d75f96ed4,59f7402f26457201db677173,2850d217-45bb-4a84-8175-f159c386f1ae,didnt-feel,correct,-98.9769851,19.4264968,2026-03-19T11:40:40.817Z
69bbe0b96914ae332b5714d3,610b316275de5b27b81edd8e,2850d217-45bb-4a84-8175-f159c386f1ae,didnt-feel,weaker,-100.2768388,20.2956985,2026-03-19T11:40:41.486Z
69bbe0b96e5e34587997090e,5a4166e4dc03ee73775457da,2850d217-45bb-4a84-8175-f159c386f1ae,didnt-feel,dont-know,-99.1373136,19.4302678,2026-03-19T11:40:41.622Z
69bbe0b9836cd96c699dfe0c,6338a02a3860c23c4b13f31c,2850d217-45bb-4a84-8175-f159c386f1ae,didnt-feel,correct,-99.1463071,19.3303807,2026-03-19T11:40:41.773Z
69bbe0ba8c829929f30128f0,59f7820294b604ee748ed02e,2850d217-45bb-4a84-8175-f159c386f1ae,didnt-feel,correct,-99.7575938,19.3717896,2026-03-19T11:40:42.030Z
69bbe0bb86e0f5f192bcf458,67d4fe18c4b52630c83493fa,2850d217-45bb-4a84-8175-f159c386f1ae,weak,correct,-99.509648,17.5543254,2026-03-19T11:40:43.067Z
69bbe0bb86e0f5f192bcf45a,67d504f828f182ff3a8f9296,2850d217-45bb-4a84-8175-f159c386f1ae,weak,correct,-99.132101,19.434037,2026-03-19T11:40:43.291Z
69bbe0bbb409d60963ddb711,68c3177be369fdf3075e2f5f,2850d217-45bb-4a84-8175-f159c386f1ae,didnt-feel,dont-know,-99.21413659999999,19.3932334,2026-03-19T11:40:43.366Z
69bbe0bb6914ae332b5714d8,5ba2965b155a6513369a3483,2850d217-45bb-4a84-8175-f159c386f1ae,didnt-feel,dont-know,-99.1935886,19.3494447,2026-03-19T11:40:43.491Z
69bbe0bb16f32f3334e55e0d,59fb57f39d5e8d8ae7eb950d,2850d217-45bb-4a84-8175-f159c386f1ae,didnt-feel,dont-know,-99.19475090000002,19.3868525,2026-03-19T11:40:43.921Z
69bbe0bcca8ee595099e57f7,5ef22b716d7b79000b801622,2850d217-45bb-4a84-8175-f159c386f1ae,didnt-feel,dont-know,-98.1864452,18.985192299999998,2026-03-19T11:40:44.026Z
69bbe0bd16d3535bc255f90b,632a643b7939ec4327c8865d,2850d217-45bb-4a84-8175-f159c386f1ae,weak,dont-know,-99.98942295089364,20.396429782613378,2026-03-19T11:40:45.487Z
69bbe0bd2db13e4ce6b9610f,5a0142cbdd313346a249ef73,2850d217-45bb-4a84-8175-f159c386f1ae,weak,correct,-99.15443774880876,19.366615502314524,2026-03-19T11:40:45.636Z
69bbe0bdbf58a109b517af1a,5edc530043c45d000a37c5aa,2850d217-45bb-4a84-8175-f159c386f1ae,didnt-feel,correct,-99.13385489999999,19.5564236,2026-03-19T11:40:45.986Z
69bbe0be3d8f0a6fe708708f,632cdf976ff98d8b638ea7e7,2850d217-45bb-4a84-8175-f159c386f1ae,weak,stronger,-101.6068901,17.6956663,2026-03-19T11:40:46.794Z
69bbe0bf836cd96c699dfe16,59f68f58178b28f9fbf39a47,2850d217-45bb-4a84-8175-f159c386f1ae,didnt-feel,dont-know,-99.1386972,19.4522974,2026-03-19T11:40:47.071Z
69bbe0bf56f80c19cdfe76c2,59f70f2f26457201db6734b8,2850d217-45bb-4a84-8175-f159c386f1ae,moderate,correct,-99.09443549999999,19.3189878,2026-03-19T11:40:47.075Z
69bbe0bf733b8958239f6053,5b1b41bbcb5090b025127ffc,2850d217-45bb-4a84-8175-f159c386f1ae,didnt-feel,correct,-99.11668503949176,19.418732293774664,2026-03-19T11:40:47.156Z
69bbe0bf8c829929f30128f9,69593b53d5cdb7f1ce685501,2850d217-45bb-4a84-8175-f159c386f1ae,weak,correct,-99.7955855,16.8950663,2026-03-19T11:40:47.221Z
69bbe0c02db13e4ce6b96119,614863c133148f57499aa260,2850d217-45bb-4a84-8175-f159c386f1ae,moderate,correct,-99.8917034,16.8722837,2026-03-19T11:40:48.030Z
69bbe0c19ab22f0ea43c54c5,59fb4c00abf765a5c2f45c85,2850d217-45bb-4a84-8175-f159c386f1ae,weak,correct,-99.0667845,19.4677043,2026-03-19T11:40:49.007Z
69bbe0c1836cd96c699dfe1d,59fc9c139b5494a21e9a3f3a,2850d217-45bb-4a84-8175-f159c386f1ae,didnt-feel,dont-know,-99.1579012,19.3925149,2026-03-19T11:40:49.320Z
69bbe0c13ae94e8973849889,59f7d18ebefbd485b6bfa0dd,2850d217-45bb-4a84-8175-f159c386f1ae,weak,correct,-99.2637921,19.4231961,2026-03-19T11:40:49.705Z
69bbe0c23ae94e897384988b,655d2f7d0b71dece79bafee1,2850d217-45bb-4a84-8175-f159c386f1ae,didnt-feel,dont-know,-99.0267076,19.5419272,2026-03-19T11:40:50.092Z
69bbe0c38e8ac06d49fee062,59f75a8605e024e0e343be82,2850d217-45bb-4a84-8175-f159c386f1ae,didnt-feel,correct,-99.16498910000001,19.405299,2026-03-19T11:40:51.049Z
69bbe0c39c2fd53e108bd376,653b310680de04342883e840,2850d217-45bb-4a84-8175-f159c386f1ae,didnt-feel,correct,-98.4475891,18.8899384,2026-03-19T11:40:51.651Z
69bbe0c48c829929f301290e,61c6c6e33ebdf6c14b0aedf0,2850d217-45bb-4a84-8175-f159c386f1ae,didnt-feel,correct,-99.1607955,19.2482754,2026-03-19T11:40:52.534Z
69bbe0c56f3ec378d96f3718,68ccdbeb95d3ad801b63505d,2850d217-45bb-4a84-8175-f159c386f1ae,didnt-feel,correct,-99.1698333,19.5413338,2026-03-19T11:40:53.112Z
69bbe0c533f58ed4c61d222a,5ac3ef0398274128e2644d2f,2850d217-45bb-4a84-8175-f159c386f1ae,didnt-feel,dont-know,-99.1373136,19.4302678,2026-03-19T11:40:53.255Z
69bbe0c596943ca0faacf009,5b1f611e3952378b87511423,2850d217-45bb-4a84-8175-f159c386f1ae,didnt-feel,correct,-99.207905,18.968810599999998,2026-03-19T11:40:53.303Z
69bbe0c58deb5275815151d8,5a24ea085ca2e1ec1826cb12,2850d217-45bb-4a84-8175-f159c386f1ae,strong,dont-know,-99.93482977151871,16.87385061135565,2026-03-19T11:40:53.671Z
69bbe0c656f80c19cdfe76d4,5a1192928e8b7fea5bb84064,2850d217-45bb-4a84-8175-f159c386f1ae,didnt-feel,dont-know,-99.0687326,19.402507,2026-03-19T11:40:54.031Z
69bbe0c7f259fd2471ba4bdc,59fa08929c735c1b5b27f090,2850d217-45bb-4a84-8175-f159c386f1ae,weak,correct,-99.1698933,19.3845688,2026-03-19T11:40:55.278Z
69bbe0c76f3ec378d96f371f,632c5d2917a780622aa62475,2850d217-45bb-4a84-8175-f159c386f1ae,weak,correct,-99.14160695394541,19.31989844911158,2026-03-19T11:40:55.920Z
69bbe0c933881af9706228e9,605adc61fcf79c000a2b39cf,2850d217-45bb-4a84-8175-f159c386f1ae,didnt-feel,dont-know,-99.10619009999999,19.4281521,2026-03-19T11:40:57.143Z
69bbe0ca56f80c19cdfe76e0,5a88e9ae4b23ae79f14e6ae0,2850d217-45bb-4a84-8175-f159c386f1ae,didnt-feel,dont-know,-99.0875219,19.255995499999997,2026-03-19T11:40:58.814Z
69bbe0cbca8ee595099e583d,61dee01198fda8ed1d3ab6c2,2850d217-45bb-4a84-8175-f159c386f1ae,weak,correct,-99.8962236,16.8657313,2026-03-19T11:40:59.189Z
69bbe0cb8e8ac06d49fee075,6333c9bbd9255b3f18abcc66,2850d217-45bb-4a84-8175-f159c386f1ae,weak,correct,-99.896926,16.8780152,2026-03-19T11:40:59.412Z
69bbe0ccbf58a109b517af52,65b0b2efe49c48b75119578b,2850d217-45bb-4a84-8175-f159c386f1ae,didnt-feel,dont-know,-98.9991848,19.4063199,2026-03-19T11:41:00.201Z
69bbe0cdbf58a109b517af54,6984077f560089ef850b9556,2850d217-45bb-4a84-8175-f159c386f1ae,weak,correct,-99.28128322586417,19.540329887773982,2026-03-19T11:41:01.220Z
69bbe0cd733b8958239f6071,5efe0b0c6d56c7000b2e7c38,2850d217-45bb-4a84-8175-f159c386f1ae,weak,correct,-99.18540589999999,19.339088099999998,2026-03-19T11:41:01.249Z
69bbe0cdca8ee595099e5851,66f5cb42f49cad8f10faea13,2850d217-45bb-4a84-8175-f159c386f1ae,didnt-feel,correct,-98.96041790000001,19.881445199999998,2026-03-19T11:41:01.435Z
69bbe0ce9c2fd53e108bd38e,605adc61fcf79c000a2b39cf,2850d217-45bb-4a84-8175-f159c386f1ae,didnt-feel,dont-know,-99.10619009999999,19.4281521,2026-03-19T11:41:02.286Z
69bbe0cf8c829929f3012928,67d4f7b83102472a43580faf,2850d217-45bb-4a84-8175-f159c386f1ae,weak,correct,-99.1297045,19.407816099999998,2026-03-19T11:41:03.184Z
69bbe0cf2db13e4ce6b9617d,5c605433ecbc1355fa6f1ad9,2850d217-45bb-4a84-8175-f159c386f1ae,didnt-feel,dont-know,-98.8610882,19.2966042,2026-03-19T11:41:03.346Z
69bbe0cf6f3ec378d96f3737,678543013b0bbfb01c530a59,2850d217-45bb-4a84-8175-f159c386f1ae,didnt-feel,dont-know,-99.132101,19.434037,2026-03-19T11:41:03.615Z
69bbe0d086e0f5f192bcf49d,698e46701eed53304a742a61,2850d217-45bb-4a84-8175-f159c386f1ae,didnt-feel,correct,-99.12468077614903,19.510943572939752,2026-03-19T11:41:04.327Z
69bbe0d18c829929f301292e,67104d11c69051a09eee1728,2850d217-45bb-4a84-8175-f159c386f1ae,didnt-feel,correct,-99.1746778,19.4445835,2026-03-19T11:41:05.484Z
69bbe0d1f259fd2471ba4c03,5a013fb7dd313346a249ef06,2850d217-45bb-4a84-8175-f159c386f1ae,didnt-feel,dont-know,-99.22452369999999,19.3271667,2026-03-19T11:41:05.708Z
69bbe0d16f3ec378d96f373c,5c8d9d381ce98686b8a53439,2850d217-45bb-4a84-8175-f159c386f1ae,didnt-feel,correct,-99.1359301,19.3434226,2026-03-19T11:41:05.989Z
69bbe0d29c2fd53e108bd398,59f8fa2e543d32d8d5273f36,2850d217-45bb-4a84-8175-f159c386f1ae,didnt-feel,correct,-99.0276353,19.3734318,2026-03-19T11:41:06.155Z
69bbe0d69ab22f0ea43c54ef,5ba2a1004518c8f58b265de9,2850d217-45bb-4a84-8175-f159c386f1ae,moderate,dont-know,-99.79866843670607,16.8308026015762,2026-03-19T11:41:10.452Z
69bbe0d62db13e4ce6b96190,59f87c79879b74cfcf2b4faf,2850d217-45bb-4a84-8175-f159c386f1ae,didnt-feel,correct,-99.1738735,19.4446248,2026-03-19T11:41:10.830Z
69bbe0d7b8fdcdb7e1b22aa9,60556b3a3148ea000b04cbaf,2850d217-45bb-4a84-8175-f159c386f1ae,didnt-feel,dont-know,-99.07646129999999,19.2506545,2026-03-19T11:41:11.435Z
69bbe0d7836cd96c699dfe60,696ac9f72c7eb4d361eee999,2850d217-45bb-4a84-8175-f159c386f1ae,didnt-feel,correct,-99.35898399999999,19.3423813,2026-03-19T11:41:11.898Z
69bbe0d833881af970622913,5af47e2dd728eba148f7e4d9,2850d217-45bb-4a84-8175-f159c386f1ae,weak,correct,-99.8473729,16.879681899999998,2026-03-19T11:41:12.026Z
69bbe0d89c2fd53e108bd39f,678384a90c81c4b4c95e622a,2850d217-45bb-4a84-8175-f159c386f1ae,didnt-feel,weaker,-99.1809068,19.477415099999998,2026-03-19T11:41:12.131Z
69bbe0d896943ca0faacf034,5a028eba61c0127ef0351a9e,2850d217-45bb-4a84-8175-f159c386f1ae,didnt-feel,dont-know,-99.185752,19.473485699999998,2026-03-19T11:41:12.826Z
69bbe0d986e0f5f192bcf4b0,5c0b4529e4ae4127498e0742,2850d217-45bb-4a84-8175-f159c386f1ae,didnt-feel,correct,-99.185752,19.744635199999998,2026-03-19T11:41:13.241Z
69bbe0d996943ca0faacf036,6138c4010f075a12a1c0a97a,2850d217-45bb-4a84-8175-f159c386f1ae,moderate,dont-know,-100.62810139999999,17.2237303,2026-03-19T11:41:13.262Z
69bbe0d9836cd96c699dfe63,6957fb7309d202bf1e950d3f,2850d217-45bb-4a84-8175-f159c386f1ae,didnt-feel,dont-know,-99.132101,19.434037,2026-03-19T11:41:13.739Z
69bbe0daa8de4d2d75f96f3b,63d85fb5fc64d23b52bf4f12,2850d217-45bb-4a84-8175-f159c386f1ae,didnt-feel,dont-know,-98.2732659,19.094128299999998,2026-03-19T11:41:14.395Z
69bbe0da9ab22f0ea43c5500,59f7491005e024e0e3438fd9,2850d217-45bb-4a84-8175-f159c386f1ae,didnt-feel,correct,-99.0723139,19.3466089,2026-03-19T11:41:14.536Z
69bbe0da86e0f5f192bcf4b5,59fb4171728a60c734570b2a,2850d217-45bb-4a84-8175-f159c386f1ae,moderate,correct,-99.5207677,18.346895999999997,2026-03-19T11:41:14.843Z
69bbe0db2db13e4ce6b96198,6958b172166d23831c850749,2850d217-45bb-4a84-8175-f159c386f1ae,weak,correct,-99.4917557,17.5540419,2026-03-19T11:41:15.299Z
69bbe0dbca8ee595099e58b0,6683ec0d7d24a4f85893cc0c,2850d217-45bb-4a84-8175-f159c386f1ae,didnt-feel,dont-know,-99.1250926,19.4767378,2026-03-19T11:41:15.693Z
69bbe0dc6914ae332b57152b,59f6abb226457201db66fa5f,2850d217-45bb-4a84-8175-f159c386f1ae,didnt-feel,dont-know,-99.1248628,19.4736233,2026-03-19T11:41:16.220Z
69bbe0dd96943ca0faacf03d,5cba592dfa30cf7bbbf538db,2850d217-45bb-4a84-8175-f159c386f1ae,didnt-feel,correct,-98.3225325,19.056519599999998,2026-03-19T11:41:17.419Z
69bbe0ddeae4277c39002dff,5a8c86363c8192ed30a0622f,2850d217-45bb-4a84-8175-f159c386f1ae,didnt-feel,correct,-99.05365359999999,19.2981876,2026-03-19T11:41:17.505Z
69bbe0de16d3535bc255f961,5bb213b0ceafee8d0301e9b5,2850d217-45bb-4a84-8175-f159c386f1ae,didnt-feel,dont-know,-99.2266013,19.3705071,2026-03-19T11:41:18.840Z
69bbe0df3ae94e89738498c4,67e08bfec328efef418ba628,2850d217-45bb-4a84-8175-f159c386f1ae,didnt-feel,correct,-99.0474345,19.5099377,2026-03-19T11:41:19.878Z
69bbe0e016f32f3334e55e70,5ab0652ad1e01693046519d1,2850d217-45bb-4a84-8175-f159c386f1ae,didnt-feel,correct,-99.2134442,19.5280593,2026-03-19T11:41:20.730Z
69bbe0e1eae4277c39002e06,5a8ba7912ed5a17360118084,2850d217-45bb-4a84-8175-f159c386f1ae,didnt-feel,correct,-99.05503569999999,19.4778718,2026-03-19T11:41:21.118Z
69bbe0e2f259fd2471ba4c19,5a0859efe6a2a0e0b661fc12,2850d217-45bb-4a84-8175-f159c386f1ae,didnt-feel,weaker,-99.0951269,19.477332399999998,2026-03-19T11:41:22.081Z
69bbe0e28e8ac06d49fee0b6,6144dec29bd9d16d22b1cd5e,2850d217-45bb-4a84-8175-f159c386f1ae,weak,correct,-99.8492784,16.8506859,2026-03-19T11:41:22.627Z
69bbe0e56f3ec378d96f376a,5c5478e0188c6722a08a30fa,2850d217-45bb-4a84-8175-f159c386f1ae,didnt-feel,correct,-99.04328869999999,19.499829000000002,2026-03-19T11:41:25.421Z
69bbe0e7a8de4d2d75f96f56,5e116a820dec5a15d200027a,2850d217-45bb-4a84-8175-f159c386f1ae,moderate,stronger,-99.1746778,17.6075412,2026-03-19T11:41:27.193Z
69bbe0e796943ca0faacf060,5b50a862d11c89d60894ef8e,2850d217-45bb-4a84-8175-f159c386f1ae,didnt-feel,correct,-99.1546097,19.3756251,2026-03-19T11:41:27.422Z
69bbe0e96914ae332b57154b,69a5abb0944276f7fcda0a55,2850d217-45bb-4a84-8175-f159c386f1ae,violent,stronger,-102.4951540119946,18.481906904338842,2026-03-19T11:41:29.026Z
69bbe0e9146eacf0bb9cf599,66f76e08e7471bed3e149083,2850d217-45bb-4a84-8175-f159c386f1ae,didnt-feel,weaker,-98.95075539999999,19.3202176,2026-03-19T11:41:29.097Z
69bbe0eaa8de4d2d75f96f68,59f7987ff4f7aa7502ef65d3,2850d217-45bb-4a84-8175-f159c386f1ae,didnt-feel,weaker,-99.13316309999999,19.3288318,2026-03-19T11:41:30.117Z
69bbe0ea86e0f5f192bcf4d1,67ec98041c8fc91f276e6a10,2850d217-45bb-4a84-8175-f159c386f1ae,didnt-feel,correct,-99.1668501,19.4662906,2026-03-19T11:41:30.148Z
69bbe0eb3ae94e89738498dd,663cd4c6088689c23b10582a,2850d217-45bb-4a84-8175-f159c386f1ae,didnt-feel,weaker,-99.132101,19.434037,2026-03-19T11:41:31.191Z
69bbe0ec21e7d9be65f5a8d0,59f7f5df96400cec1693de2f,2850d217-45bb-4a84-8175-f159c386f1ae,didnt-feel,dont-know,-99.2488971,19.3920486,2026-03-19T11:41:32.108Z
69bbe0ec6e5e345879970976,5a026cc31145d83efcb84efc,2850d217-45bb-4a84-8175-f159c386f1ae,didnt-feel,dont-know,-99.1594532,19.4468279,2026-03-19T11:41:32.157Z
69bbe0ec86e0f5f192bcf4d5,6055aa11ab2e24000a7b27bb,2850d217-45bb-4a84-8175-f159c386f1ae,didnt-feel,dont-know,-99.1423009,19.4605103,2026-03-19T11:41:32.672Z
69bbe0ecb8fdcdb7e1b22af3,6093fdc8c40a60000a8061ff,2850d217-45bb-4a84-8175-f159c386f1ae,didnt-feel,correct,-99.10549859999999,19.383251599999998,2026-03-19T11:41:32.895Z
69bbe0ee86e0f5f192bcf4d8,63c9c419fc64d27d4dae2e2e,2850d217-45bb-4a84-8175-f159c386f1ae,didnt-feel,dont-know,-99.7595041,19.5743828,2026-03-19T11:41:34.225Z
69bbe0ee6914ae332b571559,59f69e96178b28f9fbf3ae6e,2850d217-45bb-4a84-8175-f159c386f1ae,didnt-feel,correct,-99.25500029999999,19.2991128,2026-03-19T11:41:34.444Z
69bbe0ef8c829929f3012970,643e80d2b20c97c11d28d37e,2850d217-45bb-4a84-8175-f159c386f1ae,didnt-feel,dont-know,-99.81528329999999,19.2771282,2026-03-19T11:41:35.087Z
69bbe0ef96943ca0faacf06f,6700c1e58e743807d23a508a,2850d217-45bb-4a84-8175-f159c386f1ae,didnt-feel,correct,-99.17744619999999,19.3943574,2026-03-19T11:41:35.103Z
69bbe0ef733b8958239f60b9,59f73f81cf2d1de81acd6f90,2850d217-45bb-4a84-8175-f159c386f1ae,didnt-feel,correct,-98.2500125,18.9786824,2026-03-19T11:41:35.811Z
69bbe0f021e7d9be65f5a8da,5b9e88db8f8d2ae61a46de80,2850d217-45bb-4a84-8175-f159c386f1ae,moderate,stronger,-100.6251300301697,17.225179667425945,2026-03-19T11:41:36.908Z
69bbe0f1ca8ee595099e58e6,59fb3fb0b326dead12169470,2850d217-45bb-4a84-8175-f159c386f1ae,didnt-feel,correct,-99.1779005,19.380929,2026-03-19T11:41:37.163Z
69bbe0f18deb527581515237,59f6703426457201db66b317,2850d217-45bb-4a84-8175-f159c386f1ae,weak,correct,-99.12326,19.3872528,2026-03-19T11:41:37.539Z
69bbe0f116f32f3334e55e8e,5a17117d7a124b6c66f1d9c0,2850d217-45bb-4a84-8175-f159c386f1ae,didnt-feel,correct,-98.2651155,19.000316,2026-03-19T11:41:37.765Z
69bbe0f36e5e345879970980,5a8a7b22909e7de50d030069,2850d217-45bb-4a84-8175-f159c386f1ae,didnt-feel,dont-know,-99.0715605,19.4515708,2026-03-19T11:41:39.004Z
69bbe0f3f259fd2471ba4c42,643e80d2b20c97c11d28d37e,2850d217-45bb-4a84-8175-f159c386f1ae,didnt-feel,dont-know,-99.81528329999999,19.2771282,2026-03-19T11:41:39.008Z
69bbe0f316d3535bc255f98f,66c5594eddca36a232ca04b1,2850d217-45bb-4a84-8175-f159c386f1ae,moderate,stronger,-99.03914309999999,19.324689100000004,2026-03-19T11:41:39.261Z
69bbe0f3733b8958239f60c2,59fcb6859b5494a21e9a4884,2850d217-45bb-4a84-8175-f159c386f1ae,didnt-feel,dont-know,-99.16341340811294,19.281191533826338,2026-03-19T11:41:39.455Z
69bbe0f49ab22f0ea43c5531,5b6b36ee7009e1d5299fdace,2850d217-45bb-4a84-8175-f159c386f1ae,didnt-feel,correct,-99.6954033,19.2688418,2026-03-19T11:41:40.567Z
69bbe0f43d8f0a6fe7087114,59f86a1f7c1642f6b3de5cf9,2850d217-45bb-4a84-8175-f159c386f1ae,weak,correct,-99.1373136,19.4302678,2026-03-19T11:41:40.700Z
69bbe0f6ca8ee595099e5911,5a1049e2b202584a119d5eb0,2850d217-45bb-4a84-8175-f159c386f1ae,didnt-feel,dont-know,-99.19128970000001,19.5262433,2026-03-19T11:41:42.041Z
69bbe0f6146eacf0bb9cf5b3,6854255ee536dff8657dd96d,2850d217-45bb-4a84-8175-f159c386f1ae,didnt-feel,dont-know,-99.0474345,19.5099377,2026-03-19T11:41:42.959Z
69bbe0f816f32f3334e55ea8,68bf85da9422b67664361225,2850d217-45bb-4a84-8175-f159c386f1ae,didnt-feel,dont-know,-98.20772102102637,19.03723716953503,2026-03-19T11:41:44.158Z
69bbe0fa33f58ed4c61d22c7,688e546821409458b6670a8a,2850d217-45bb-4a84-8175-f159c386f1ae,didnt-feel,correct,-99.18997430235211,19.356287096192318,2026-03-19T11:41:46.182Z
69bbe0fcca8ee595099e591a,5f925b82d27eae000b5fd78b,2850d217-45bb-4a84-8175-f159c386f1ae,weak,correct,-99.1360353,19.3434191,2026-03-19T11:41:48.462Z
69bbe0fc836cd96c699dfece,6520e9aee5a92d7d274f319d,2850d217-45bb-4a84-8175-f159c386f1ae,didnt-feel,correct,-99.121687,19.3963174,2026-03-19T11:41:48.734Z
69bbe0fc21e7d9be65f5a8f3,5a2a1b0d14840f98fb7c2259,2850d217-45bb-4a84-8175-f159c386f1ae,didnt-feel,dont-know,-99.0308525,19.578568900000004,2026-03-19T11:41:48.910Z
69bbe0fdb8fdcdb7e1b22b18,6957d2a23222e330fb236f8d,2850d217-45bb-4a84-8175-f159c386f1ae,didnt-feel,dont-know,-98.22950089999999,18.9899168,2026-03-19T11:41:49.549Z
69bbe0ff836cd96c699dfed2,633c587c286c2d125e3acc79,2850d217-45bb-4a84-8175-f159c386f1ae,weak,correct,-98.2280045,19.0722031,2026-03-19T11:41:51.077Z
69bbe0ff16d3535bc255f9ac,66a9c8efa6e001251b5df6b4,2850d217-45bb-4a84-8175-f159c386f1ae,weak,weaker,-99.265689,18.6152802,2026-03-19T11:41:51.780Z
69bbe0ff9c2fd53e108bd41f,65d1529d3fd2b3d6fe19f04b,2850d217-45bb-4a84-8175-f159c386f1ae,didnt-feel,correct,-99.1248628,19.3439785,2026-03-19T11:41:51.896Z
69bbe1008deb527581515263,6957db2f609d0df7dfc9a3ba,2850d217-45bb-4a84-8175-f159c386f1ae,moderate,correct,-99.8776473,16.862278,2026-03-19T11:41:52.246Z
69bbe1006914ae332b57157a,63347094503140764af3fef2,2850d217-45bb-4a84-8175-f159c386f1ae,didnt-feel,correct,-99.1546097,19.3756251,2026-03-19T11:41:52.442Z
69bbe1018e8ac06d49fee0f6,59f7d103a5c308a413943220,2850d217-45bb-4a84-8175-f159c386f1ae,didnt-feel,correct,-98.2274501,19.1072433,2026-03-19T11:41:53.729Z
69bbe1019ab22f0ea43c5555,5a87adf24b23ae79f14bbb9b,2850d217-45bb-4a84-8175-f159c386f1ae,didnt-feel,correct,-99.0564975,19.3252386,2026-03-19T11:41:53.838Z
69bbe102836cd96c699dfed8,6507439ad742f42987635ac9,2850d217-45bb-4a84-8175-f159c386f1ae,didnt-feel,correct,-99.1276295,19.279031,2026-03-19T11:41:54.479Z
69bbe102733b8958239f60e2,632cacf2db2b933b541823ae,2850d217-45bb-4a84-8175-f159c386f1ae,didnt-feel,dont-know,-99.19128970000001,19.5262433,2026-03-19T11:41:54.872Z
69bbe102b8fdcdb7e1b22b1f,5a3b3a5cc8ba9f2af3993056,2850d217-45bb-4a84-8175-f159c386f1ae,didnt-feel,dont-know,-99.1905974,19.3723335,2026-03-19T11:41:54.981Z
69bbe1038deb527581515269,64e8d020eef2c7447ba4d07f,2850d217-45bb-4a84-8175-f159c386f1ae,didnt-feel,dont-know,-101.19713340000001,19.6651332,2026-03-19T11:41:55.419Z
69bbe1042db13e4ce6b961de,5a4945161a234697c32f3cdc,2850d217-45bb-4a84-8175-f159c386f1ae,didnt-feel,correct,-99.0194097,19.5886724,2026-03-19T11:41:56.069Z
69bbe1049ab22f0ea43c5558,5a8c09f1f6d0309c6c597ccf,2850d217-45bb-4a84-8175-f159c386f1ae,didnt-feel,correct,-99.153891,19.5320676,2026-03-19T11:41:56.704Z
69bbe104f259fd2471ba4c75,67838181b265f3b083d33ff7,2850d217-45bb-4a84-8175-f159c386f1ae,weak,stronger,-99.1435136,19.4918061,2026-03-19T11:41:56.734Z
69bbe10521e7d9be65f5a8ff,5a3b2b69c8ba9f2af39906d7,2850d217-45bb-4a84-8175-f159c386f1ae,weak,correct,-101.78798979999999,19.829242600000004,2026-03-19T11:41:57.151Z
69bbe1056e5e3458799709a5,6813fd7bcf5488c0f95d58a7,2850d217-45bb-4a84-8175-f159c386f1ae,didnt-feel,correct,-99.0613859,19.4925645,2026-03-19T11:41:57.383Z
69bbe1068e8ac06d49fee0fd,6959041f874604b18f296344,2850d217-45bb-4a84-8175-f159c386f1ae,weak,correct,-99.5181028,17.5754641,2026-03-19T11:41:58.993Z
69bbe107f259fd2471ba4c79,5ab191ea404036a71df6b342,2850d217-45bb-4a84-8175-f159c386f1ae,didnt-feel,dont-know,-98.22950089999999,18.9899168,2026-03-19T11:41:59.159Z
69bbe10986e0f5f192bcf519,59fe04c4dd313346a2495014,2850d217-45bb-4a84-8175-f159c386f1ae,moderate,stronger,-100.6323893,17.2237838,2026-03-19T11:42:01.207Z
69bbe10a86e0f5f192bcf51b,5a21822149297f5a37e868e3,2850d217-45bb-4a84-8175-f159c386f1ae,weak,correct,-99.1594532,19.417363899999998,2026-03-19T11:42:02.381Z
69bbe10b8e8ac06d49fee107,5a108d0681710def8249a3cf,2850d217-45bb-4a84-8175-f159c386f1ae,weak,dont-know,-99.207905,19.357464399999998,2026-03-19T11:42:03.063Z
69bbe10bca8ee595099e5936,59f734f70a25adc0efc5c840,2850d217-45bb-4a84-8175-f159c386f1ae,moderate,correct,-99.536755,17.5771725,2026-03-19T11:42:03.700Z
69bbe10b6f3ec378d96f37d3,6993f873d5d99264174afc81,2850d217-45bb-4a84-8175-f159c386f1ae,weak,correct,-99.5047835,17.5128398,2026-03-19T11:42:03.728Z
69bbe10bf259fd2471ba4c88,59f706a1178b28f9fbf3f90e,2850d217-45bb-4a84-8175-f159c386f1ae,didnt-feel,dont-know,-99.24807279999999,19.4010793,2026-03-19T11:42:03.872Z
69bbe10b3d8f0a6fe708716c,59fe5548dd313346a2498370,2850d217-45bb-4a84-8175-f159c386f1ae,didnt-feel,dont-know,-99.16498910000001,19.405299,2026-03-19T11:42:03.897Z
69bbe10c836cd96c699dfee4,5c6b5d9cbfc0bc795f0f813b,2850d217-45bb-4a84-8175-f159c386f1ae,didnt-feel,dont-know,-99.18471369999999,18.6261404,2026-03-19T11:42:04.051Z
69bbe11116f32f3334e55eef,632c09649122b23e88da7185,2850d217-45bb-4a84-8175-f159c386f1ae,didnt-feel,dont-know,-102.2061624,19.009865599999998,2026-03-19T11:42:09.639Z
69bbe113a8de4d2d75f96fa4,60557bd6fcf79c000a2af094,2850d217-45bb-4a84-8175-f159c386f1ae,didnt-feel,correct,-98.7508702,18.8128346,2026-03-19T11:42:11.513Z
69bbe11333881af9706229b4,5a8adb2a9f886943c52c03fc,2850d217-45bb-4a84-8175-f159c386f1ae,didnt-feel,correct,-99.16083719999999,19.4276061,2026-03-19T11:42:11.699Z
69bbe114146eacf0bb9cf603,634c69460c61f90750cce58a,2850d217-45bb-4a84-8175-f159c386f1ae,didnt-feel,correct,-99.6624873,19.2771977,2026-03-19T11:42:12.491Z
69bbe1158deb527581515283,6995f30064d1ab3860025be3,2850d217-45bb-4a84-8175-f159c386f1ae,didnt-feel,correct,-100.13111630000002,19.162850799999998,2026-03-19T11:42:13.068Z
69bbe1156e5e3458799709b4,59f7e5fd96400cec1693c768,2850d217-45bb-4a84-8175-f159c386f1ae,didnt-feel,correct,-98.18781159999999,19.0618151,2026-03-19T11:42:13.140Z
69bbe115b8fdcdb7e1b22b39,5a7221b24b23ae79f148af8d,2850d217-45bb-4a84-8175-f159c386f1ae,didnt-feel,correct,-99.1041157,19.4142597,2026-03-19T11:42:13.201Z
69bbe115bf58a109b517b040,5ba9a2f5c780b255a2801ce3,2850d217-45bb-4a84-8175-f159c386f1ae,didnt-feel,weaker,-98.19669429999999,19.0444606,2026-03-19T11:42:13.681Z
69bbe117bf58a109b517b043,695a78dface3b8d1ec1912e2,2850d217-45bb-4a84-8175-f159c386f1ae,didnt-feel,dont-know,-99.18852079999999,19.4114729,2026-03-19T11:42:15.130Z
69bbe1176f3ec378d96f37ed,642cc5e825098d285ffa64c9,2850d217-45bb-4a84-8175-f159c386f1ae,didnt-feel,correct,-98.9769851,19.4264968,2026-03-19T11:42:15.440Z
69bbe117733b8958239f60fc,664171d35d7d603a23268815,2850d217-45bb-4a84-8175-f159c386f1ae,didnt-feel,correct,-97.8204791,19.220209,2026-03-19T11:42:15.826Z
69bbe119eae4277c39002e77,5e9babfec12f3b000afb329e,2850d217-45bb-4a84-8175-f159c386f1ae,didnt-feel,weaker,-99.4854057,19.2906923,2026-03-19T11:42:17.437Z
69bbe11ab8fdcdb7e1b22b3d,657512d8ec21524c8daa4805,2850d217-45bb-4a84-8175-f159c386f1ae,didnt-feel,correct,-99.2037508,19.5094012,2026-03-19T11:42:18.868Z
69bbe11b3d8f0a6fe708718e,603d695065f7b3000b2501ee,2850d217-45bb-4a84-8175-f159c386f1ae,didnt-feel,correct,-99.1847112764029,19.432514305280623,2026-03-19T11:42:19.189Z
69bbe11b56f80c19cdfe7798,5a9a250e0535c436bae6b31c,2850d217-45bb-4a84-8175-f159c386f1ae,didnt-feel,correct,-99.9667162888579,20.376172516916984,2026-03-19T11:42:19.951Z
69bbe11c16f32f3334e55ef8,695b4a578fd967b563854e97,2850d217-45bb-4a84-8175-f159c386f1ae,didnt-feel,dont-know,-99.068461,19.378984499999998,2026-03-19T11:42:20.068Z
69bbe11c96943ca0faacf0bc,664171d35d7d603a23268815,2850d217-45bb-4a84-8175-f159c386f1ae,didnt-feel,correct,-97.8204791,19.220209,2026-03-19T11:42:20.348Z
69bbe11c146eacf0bb9cf60b,66cb44aa2ace22c537faa8c8,2850d217-45bb-4a84-8175-f159c386f1ae,weak,correct,-99.1104997,19.4721363,2026-03-19T11:42:20.610Z
69bbe11db8fdcdb7e1b22b43,677f4048f826105e511e0f26,2850d217-45bb-4a84-8175-f159c386f1ae,weak,correct,-99.84229439869523,16.845151229187437,2026-03-19T11:42:21.506Z
69bbe11e56f80c19cdfe779b,5ba23e2d78d3920730021107,2850d217-45bb-4a84-8175-f159c386f1ae,didnt-feel,correct,-99.16802390000001,19.3813647,2026-03-19T11:42:22.559Z
69bbe120146eacf0bb9cf612,644073c58481f64147fb0091,2850d217-45bb-4a84-8175-f159c386f1ae,didnt-feel,correct,-99.132101,19.434037,2026-03-19T11:42:24.593Z
69bbe120eae4277c39002e99,67d7abd271bde27789610992,2850d217-45bb-4a84-8175-f159c386f1ae,didnt-feel,correct,-99.0723139,19.2523335,2026-03-19T11:42:24.679Z
69bbe12233f58ed4c61d2303,695c16448fd967b563899421,2850d217-45bb-4a84-8175-f159c386f1ae,didnt-feel,dont-know,-99.1303962,19.493972199999998,2026-03-19T11:42:26.113Z
69bbe1238c829929f30129c5,664171d35d7d603a23268815,2850d217-45bb-4a84-8175-f159c386f1ae,didnt-feel,correct,-97.8204791,19.220209,2026-03-19T11:42:27.389Z
69bbe1249c2fd53e108bd44c,68bf6ce6d83eba35fee1ffb2,2850d217-45bb-4a84-8175-f159c386f1ae,didnt-feel,correct,-99.1719095,19.3092084,2026-03-19T11:42:28.469Z
69bbe124b8fdcdb7e1b22b4b,5b9ca36978d3920730fcce47,2850d217-45bb-4a84-8175-f159c386f1ae,didnt-feel,dont-know,-99.16091565959769,19.410888671875,2026-03-19T11:42:28.817Z
69bbe1253ae94e897384994d,632f23744777361438106ca0,2850d217-45bb-4a84-8175-f159c386f1ae,didnt-feel,dont-know,-99.1719095,19.4093682,2026-03-19T11:42:29.049Z
69bbe125ca8ee595099e5951,65ca952f67c330388fc5a326,2850d217-45bb-4a84-8175-f159c386f1ae,didnt-feel,correct,-99.2051355,18.892438,2026-03-19T11:42:29.067Z
69bbe1258deb527581515296,59ff1170dd313346a2499fd7,2850d217-45bb-4a84-8175-f159c386f1ae,didnt-feel,dont-know,-99.0876296,19.3203037,2026-03-19T11:42:29.199Z
69bbe125b8fdcdb7e1b22b4d,5ec0da23a4e04b000a14c523,2850d217-45bb-4a84-8175-f159c386f1ae,didnt-feel,dont-know,-99.1373136,19.4302678,2026-03-19T11:42:29.211Z
69bbe1256914ae332b5715ad,698e1e20de9d3e0ab9fa8541,2850d217-45bb-4a84-8175-f159c386f1ae,didnt-feel,dont-know,-99.2532774,19.3025624,2026-03-19T11:42:29.616Z
69bbe125146eacf0bb9cf61a,59f6a89692c50710c3ed0ea5,2850d217-45bb-4a84-8175-f159c386f1ae,didnt-feel,correct,-99.1539178,19.394073400000003,2026-03-19T11:42:29.747Z
69bbe12556f80c19cdfe77ad,5a7221b24b23ae79f148af8d,2850d217-45bb-4a84-8175-f159c386f1ae,didnt-feel,correct,-99.1041157,19.4142597,2026-03-19T11:42:29.761Z
69bbe125bf58a109b517b055,68538a8293307c1c4c4cba3e,2850d217-45bb-4a84-8175-f159c386f1ae,didnt-feel,correct,-99.1781383,17.59346,2026-03-19T11:42:29.889Z
69bbe125ca8ee595099e5954,6957ddcdd6d4002ce15fd6de,2850d217-45bb-4a84-8175-f159c386f1ae,didnt-feel,dont-know,-99.0999669,19.4837196,2026-03-19T11:42:29.913Z
69bbe1258e8ac06d49fee125,6343fc96632fc4ee09594be1,2850d217-45bb-4a84-8175-f159c386f1ae,didnt-feel,correct,-99.1861835,19.4402619,2026-03-19T11:42:29.917Z
69bbe1276e5e3458799709da,664171d35d7d603a23268815,2850d217-45bb-4a84-8175-f159c386f1ae,didnt-feel,correct,-97.8204791,19.220209,2026-03-19T11:42:31.425Z
69bbe1279c2fd53e108bd452,643f76ad9afa085f17d44bae,2850d217-45bb-4a84-8175-f159c386f1ae,moderate,stronger,-99.8564338,16.8122947,2026-03-19T11:42:31.960Z
69bbe1283d8f0a6fe70871a3,5a8792d4212109ec275f9ee9,2850d217-45bb-4a84-8175-f159c386f1ae,didnt-feel,correct,-99.1051529,19.4521469,2026-03-19T11:42:32.084Z
69bbe128b8fdcdb7e1b22b57,6934fea3cec4454ec3b84a0b,2850d217-45bb-4a84-8175-f159c386f1ae,didnt-feel,weaker,-99.911588,16.867823899999998,2026-03-19T11:42:32.837Z
69bbe129eae4277c39002ea6,5c54787c5e9353412b5d204a,2850d217-45bb-4a84-8175-f159c386f1ae,moderate,correct,-99.132101,19.434037,2026-03-19T11:42:33.569Z
69bbe1292db13e4ce6b96219,59fa3e88543d32d8d527c035,2850d217-45bb-4a84-8175-f159c386f1ae,didnt-feel,correct,-99.2325306,19.5583664,2026-03-19T11:42:33.859Z
69bbe12beae4277c39002ea9,632f23744777361438106ca0,2850d217-45bb-4a84-8175-f159c386f1ae,didnt-feel,dont-know,-99.1719095,19.4093682,2026-03-19T11:42:35.253Z
69bbe12b56f80c19cdfe77ba,59f862067c1642f6b3de3ecf,2850d217-45bb-4a84-8175-f159c386f1ae,weak,correct,-99.0557268,19.491837099999998,2026-03-19T11:42:35.302Z
69bbe12b6e5e3458799709eb,679ea1b9fb430b976c56b6f5,2850d217-45bb-4a84-8175-f159c386f1ae,weak,correct,-99.49947739999999,17.5574665,2026-03-19T11:42:35.813Z
69bbe12c6f3ec378d96f380e,59f80f3f7c71e00aeddc7f47,2850d217-45bb-4a84-8175-f159c386f1ae,didnt-feel,correct,-99.6082213,19.2702472,2026-03-19T11:42:36.832Z
69bbe12deae4277c39002eac,6508f6f4a2fe93253aaa5da8,2850d217-45bb-4a84-8175-f159c386f1ae,didnt-feel,correct,-98.19669429999999,19.0444606,2026-03-19T11:42:37.657Z
69bbe12d33881af9706229d8,69a12b5f29469f1473c08fac,2850d217-45bb-4a84-8175-f159c386f1ae,didnt-feel,correct,-99.12153689190745,19.41657386274386,2026-03-19T11:42:37.791Z
69bbe12eb8fdcdb7e1b22b60,5a8ac2b2b68863f41525f3b2,2850d217-45bb-4a84-8175-f159c386f1ae,didnt-feel,correct,-99.1373136,19.4302678,2026-03-19T11:42:38.178Z
69bbe12f16d3535bc255fa35,5e1ecfe8f46608000a0f18d7,2850d217-45bb-4a84-8175-f159c386f1ae,didnt-feel,dont-know,-99.5211152,17.5746343,2026-03-19T11:42:39.034Z
69bbe12f8e8ac06d49fee144,688f28f7982b261232bbc32a,2850d217-45bb-4a84-8175-f159c386f1ae,didnt-feel,dont-know,-99.132101,19.434037,2026-03-19T11:42:39.294Z
69bbe13016f32f3334e55f16,6666563552a56ca2c0c53dfd,2850d217-45bb-4a84-8175-f159c386f1ae,weak,correct,-99.1420982,19.4952605,2026-03-19T11:42:40.386Z
69bbe1309c2fd53e108bd45e,6798115ad2d0f044d252665d,2850d217-45bb-4a84-8175-f159c386f1ae,didnt-feel,correct,-99.2224462,19.456149399999997,2026-03-19T11:42:40.480Z
69bbe1303d8f0a6fe70871b5,5f086d2b0b59a0000ce509e3,2850d217-45bb-4a84-8175-f159c386f1ae,weak,correct,-99.097778,19.395278,2026-03-19T11:42:40.750Z
69bbe13121e7d9be65f5a939,66ad2d7c313198a23d59e0ae,2850d217-45bb-4a84-8175-f159c386f1ae,didnt-feel,dont-know,-99.1802147,19.4914466,2026-03-19T11:42:41.241Z
69bbe131b409d60963ddb859,66ad2d7c313198a23d59e0ae,2850d217-45bb-4a84-8175-f159c386f1ae,didnt-feel,dont-know,-99.1802147,19.4914466,2026-03-19T11:42:41.455Z
69bbe132bf58a109b517b071,59fe046f61c0127ef03455c1,2850d217-45bb-4a84-8175-f159c386f1ae,didnt-feel,dont-know,-99.23006409999999,19.4005243,2026-03-19T11:42:42.163Z
69bbe133836cd96c699dff2a,5bd3d3711832c6f9f9a03c06,2850d217-45bb-4a84-8175-f159c386f1ae,didnt-feel,dont-know,-99.14034300068187,19.43499944411016,2026-03-19T11:42:43.166Z
69bbe13333f58ed4c61d2320,5a8788c1516763ab118fea2e,2850d217-45bb-4a84-8175-f159c386f1ae,didnt-feel,dont-know,-99.14090490866319,19.46400722058425,2026-03-19T11:42:43.384Z
69bbe134733b8958239f6124,6735089dedef5f37141977d3,2850d217-45bb-4a84-8175-f159c386f1ae,didnt-feel,dont-know,-99.132101,19.434037,2026-03-19T11:42:44.217Z
69bbe1349c2fd53e108bd463,633002e4cde3cb320855abd3,2850d217-45bb-4a84-8175-f159c386f1ae,didnt-feel,correct,-99.16802390000001,19.3813647,2026-03-19T11:42:44.581Z
69bbe1348deb5275815152ab,66ee69766e1986b3169fa6a0,2850d217-45bb-4a84-8175-f159c386f1ae,didnt-feel,dont-know,-99.1668002,19.3838043,2026-03-19T11:42:44.777Z
69bbe13456f80c19cdfe77d7,695c685c2b6fc3c8bca803fe,2850d217-45bb-4a84-8175-f159c386f1ae,didnt-feel,dont-know,-99.132101,19.434037,2026-03-19T11:42:44.966Z
69bbe1358c829929f30129dc,5a878a5f516763ab118ff544,2850d217-45bb-4a84-8175-f159c386f1ae,didnt-feel,weaker,-99.14284789999999,19.194328499999997,2026-03-19T11:42:45.178Z
69bbe1368deb5275815152ae,699c6d0d36a6535317083dc6,2850d217-45bb-4a84-8175-f159c386f1ae,weak,correct,-99.16802390000001,19.3813647,2026-03-19T11:42:46.242Z
69bbe136733b8958239f6129,69b22d8e4529cf488d4fb313,2850d217-45bb-4a84-8175-f159c386f1ae,didnt-feel,dont-know,-99.0954183,19.3925607,2026-03-19T11:42:46.300Z
69bbe1388c829929f30129e3,67d4f94110ffb03117ae5342,2850d217-45bb-4a84-8175-f159c386f1ae,didnt-feel,correct,-99.132057,19.3488401,2026-03-19T11:42:48.919Z
69bbe139b8fdcdb7e1b22b71,6911577a00dd540b59b75bf6,2850d217-45bb-4a84-8175-f159c386f1ae,didnt-feel,correct,-99.132101,19.434037,2026-03-19T11:42:49.614Z
69bbe139b409d60963ddb86f,6957e2ec05ed5317254f70b0,2850d217-45bb-4a84-8175-f159c386f1ae,didnt-feel,dont-know,-98.03199609741569,18.188548199436802,2026-03-19T11:42:49.938Z
69bbe13a733b8958239f6133,632c2b514270c7063990b7f8,2850d217-45bb-4a84-8175-f159c386f1ae,didnt-feel,correct,-103.6623214,18.6977701,2026-03-19T11:42:50.930Z
69bbe13b9c2fd53e108bd47b,6960050a2cf6fe451469d94a,2850d217-45bb-4a84-8175-f159c386f1ae,didnt-feel,dont-know,-99.34388933703303,19.893049133748313,2026-03-19T11:42:51.012Z
69bbe13bb409d60963ddb871,61deaa971f5d0a3c020fd5ed,2850d217-45bb-4a84-8175-f159c386f1ae,didnt-feel,dont-know,-99.1041157,19.4142597,2026-03-19T11:42:51.527Z
69bbe13da8de4d2d75f96ff1,685ad1208c1ccd2da8b7865d,2850d217-45bb-4a84-8175-f159c386f1ae,didnt-feel,correct,-99.1303962,19.4468231,2026-03-19T11:42:53.816Z
69bbe13e16d3535bc255fa4b,59f696b326457201db66db16,2850d217-45bb-4a84-8175-f159c386f1ae,didnt-feel,correct,-99.1318877,19.5068656,2026-03-19T11:42:54.756Z
69bbe13e33881af970622ab9,5f112a1d5a951b000ad51340,2850d217-45bb-4a84-8175-f159c386f1ae,didnt-feel,correct,-98.2158297,19.341596499999998,2026-03-19T11:42:54.926Z
69bbe14133881af970622abc,6783a3026a96d2c3d5250db0,2850d217-45bb-4a84-8175-f159c386f1ae,weak,correct,-99.87214589999999,16.8671814,2026-03-19T11:42:57.399Z
69bbe1423d8f0a6fe70871dc,6899db6c796f705ec94b15b4,2850d217-45bb-4a84-8175-f159c386f1ae,didnt-feel,correct,-99.25500029999999,19.2991128,2026-03-19T11:42:58.472Z
69bbe143836cd96c699dff3e,61391f6b8dee7e6a2d75f4f9,2850d217-45bb-4a84-8175-f159c386f1ae,didnt-feel,dont-know,-99.1307086,19.3863091,2026-03-19T11:42:59.338Z
69bbe145a8de4d2d75f96ffc,66f64561a28802ca77af8558,2850d217-45bb-4a84-8175-f159c386f1ae,didnt-feel,dont-know,-99.2051355,19.3752791,2026-03-19T11:43:01.030Z
69bbe145b409d60963ddb88a,68ccf362c9cc6512939591c9,2850d217-45bb-4a84-8175-f159c386f1ae,didnt-feel,correct,-98.8886672,19.3188392,2026-03-19T11:43:01.164Z
69bbe1456f3ec378d96f383a,5efe0c783b8e02000b830c7c,2850d217-45bb-4a84-8175-f159c386f1ae,didnt-feel,dont-know,-99.2702429,19.329259699999998,2026-03-19T11:43:01.633Z
69bbe145b8fdcdb7e1b22b8a,68e49940afbc77872df5e9e7,2850d217-45bb-4a84-8175-f159c386f1ae,didnt-feel,correct,-99.1096688,19.3126342,2026-03-19T11:43:01.866Z
69bbe146ca8ee595099e59cc,5eada06dd75258000aa71c9f,2850d217-45bb-4a84-8175-f159c386f1ae,didnt-feel,dont-know,-99.17744619999999,18.890867999999998,2026-03-19T11:43:02.285Z
69bbe14796943ca0faacf10b,6959d396ff0129a4dec2b7d7,2850d217-45bb-4a84-8175-f159c386f1ae,moderate,correct,-99.89483159999999,16.8628023,2026-03-19T11:43:03.388Z
69bbe14833f58ed4c61d2343,5a7e9a63212109ec275d9a4d,2850d217-45bb-4a84-8175-f159c386f1ae,didnt-feel,weaker,-99.1398828,19.4535692,2026-03-19T11:43:04.606Z
69bbe14856f80c19cdfe7806,657c3e1240126e2d5699b8f4,2850d217-45bb-4a84-8175-f159c386f1ae,didnt-feel,correct,-99.6536246,19.2681184,2026-03-19T11:43:04.985Z
69bbe1496f3ec378d96f383e,613854658694a9dd899fadd6,2850d217-45bb-4a84-8175-f159c386f1ae,weak,correct,-99.1778976,17.5930927,2026-03-19T11:43:05.466Z
69bbe14cf259fd2471ba4d12,605587bf2c9091000a605514,2850d217-45bb-4a84-8175-f159c386f1ae,didnt-feel,dont-know,-98.9322931,18.9260686,2026-03-19T11:43:08.471Z
69bbe14d9ab22f0ea43c55c2,67847499bae2e55aac21f554,2850d217-45bb-4a84-8175-f159c386f1ae,didnt-feel,correct,-99.0972012,19.5103835,2026-03-19T11:43:09.137Z
69bbe14db409d60963ddb89a,69184608436e63f2a75a858d,2850d217-45bb-4a84-8175-f159c386f1ae,moderate,correct,-101.58756606280804,17.638066497711183,2026-03-19T11:43:09.372Z
69bbe1502db13e4ce6b9627d,6329b219c4f9c8fb69e68df1,2850d217-45bb-4a84-8175-f159c386f1ae,didnt-feel,dont-know,-102.19472329999999,17.9603604,2026-03-19T11:43:12.279Z
69bbe1506f3ec378d96f3847,61531b684b59d41372f7d7df,2850d217-45bb-4a84-8175-f159c386f1ae,didnt-feel,dont-know,-99.1698333,19.6223825,2026-03-19T11:43:12.415Z
69bbe150f259fd2471ba4d18,6640e161339b9498b0745fba,2850d217-45bb-4a84-8175-f159c386f1ae,weak,correct,-99.1483827,19.417923200000004,2026-03-19T11:43:12.685Z
69bbe151a8de4d2d75f9700e,632c2b514270c7063990b7f8,2850d217-45bb-4a84-8175-f159c386f1ae,didnt-feel,weaker,-103.6623214,18.6977701,2026-03-19T11:43:13.333Z
69bbe151ca8ee595099e59da,66bc372d2065b51634475f12,2850d217-45bb-4a84-8175-f159c386f1ae,didnt-feel,correct,-99.132101,19.434037,2026-03-19T11:43:13.414Z
69bbe1516914ae332b571608,6786b1cc8e384d3e712a85e0,2850d217-45bb-4a84-8175-f159c386f1ae,didnt-feel,dont-know,-99.1193297,19.644852099999998,2026-03-19T11:43:13.853Z
69bbe1552db13e4ce6b96283,68bfa97d16d340827232c833,2850d217-45bb-4a84-8175-f159c386f1ae,didnt-feel,weaker,-101.2074018,19.7291116,2026-03-19T11:43:17.284Z
69bbe157b409d60963ddb8ab,5a8878974b23ae79f14d0fec,2850d217-45bb-4a84-8175-f159c386f1ae,didnt-feel,correct,-99.05503569999999,19.2833881,2026-03-19T11:43:19.020Z
69bbe1599c2fd53e108bd4b4,64e695266f99b83fc60f528f,2850d217-45bb-4a84-8175-f159c386f1ae,didnt-feel,correct,-99.1711842,19.265582,2026-03-19T11:43:21.586Z
69bbe1599ab22f0ea43c55d2,59f87b15d865af09198d0857,2850d217-45bb-4a84-8175-f159c386f1ae,didnt-feel,correct,-98.3225325,19.056519599999998,2026-03-19T11:43:21.753Z
69bbe1598deb527581515305,66e8d2833760aa8ea6c3776b,2850d217-45bb-4a84-8175-f159c386f1ae,didnt-feel,dont-know,-99.1539178,19.311586899999998,2026-03-19T11:43:21.888Z
69bbe159b409d60963ddb8b2,59fb3f66728a60c73456ebbf,2850d217-45bb-4a84-8175-f159c386f1ae,didnt-feel,correct,-99.1423009,19.4605103,2026-03-19T11:43:21.910Z
69bbe15a33f58ed4c61d2369,698ddf9ff0d404d5d13f00e4,2850d217-45bb-4a84-8175-f159c386f1ae,didnt-feel,correct,-99.132101,19.434037,2026-03-19T11:43:22.707Z
69bbe15bca8ee595099e59e8,66acd0b91a573df4b9b1a557,2850d217-45bb-4a84-8175-f159c386f1ae,didnt-feel,correct,-99.1562376357615,19.460626816043114,2026-03-19T11:43:23.334Z
69bbe15b3d8f0a6fe7087233,59f7efcb96400cec1693d540,2850d217-45bb-4a84-8175-f159c386f1ae,didnt-feel,correct,-99.1982364,19.5509264,2026-03-19T11:43:23.494Z
69bbe15c9ab22f0ea43c55d6,68ce54326f966822bb1a82dd,2850d217-45bb-4a84-8175-f159c386f1ae,didnt-feel,correct,-98.82800639999999,19.2746299,2026-03-19T11:43:24.248Z
69bbe15c16d3535bc255fa77,5dd3fd5edca9488ee4aeb747,2850d217-45bb-4a84-8175-f159c386f1ae,moderate,stronger,-99.1442316,19.4431779,2026-03-19T11:43:24.272Z
69bbe15c9c2fd53e108bd4b8,5a9a05b9531d0845fba6c94f,2850d217-45bb-4a84-8175-f159c386f1ae,didnt-feel,dont-know,-99.1996372,18.9094885,2026-03-19T11:43:24.556Z
69bbe15df259fd2471ba4d2c,61033c4115aeda68cccd6f3a,2850d217-45bb-4a84-8175-f159c386f1ae,didnt-feel,correct,-99.2548683,19.5779151,2026-03-19T11:43:25.696Z
69bbe15e6e5e345879970a42,6327824a47e13ef2dbd0ca63,2850d217-45bb-4a84-8175-f159c386f1ae,didnt-feel,correct,-99.5590033,19.414388,2026-03-19T11:43:26.061Z
69bbe160bf58a109b517b0b7,5edd16b7f7799a000a273685,2850d217-45bb-4a84-8175-f159c386f1ae,weak,weaker,-99.1255544,19.3770882,2026-03-19T11:43:28.462Z
69bbe161bf58a109b517b0ba,69589fddc3299f6a093837c9,2850d217-45bb-4a84-8175-f159c386f1ae,weak,correct,-99.502004,17.5539614,2026-03-19T11:43:29.497Z
69bbe16116f32f3334e55f7a,64df603dcb43d53720a7a548,2850d217-45bb-4a84-8175-f159c386f1ae,weak,correct,-99.0164483,19.5247068,2026-03-19T11:43:29.506Z
69bbe1639c2fd53e108bd4c7,59f7d1e8993bc192df1b058d,2850d217-45bb-4a84-8175-f159c386f1ae,didnt-feel,correct,-98.1776,19.3725789,2026-03-19T11:43:31.059Z
69bbe164eae4277c39002f49,65723953899c49208fb4fd43,2850d217-45bb-4a84-8175-f159c386f1ae,didnt-feel,correct,-99.1464406,19.4055097,2026-03-19T11:43:32.963Z
69bbe16633f58ed4c61d237e,67789a9fd2a47b918ee77a6f,2850d217-45bb-4a84-8175-f159c386f1ae,didnt-feel,dont-know,-99.13210100000002,19.43403700218258,2026-03-19T11:43:34.116Z
69bbe16616f32f3334e55f86,5b509febcf47476426ad7eed,2850d217-45bb-4a84-8175-f159c386f1ae,didnt-feel,correct,-99.1220962,19.246906799999998,2026-03-19T11:43:34.327Z
69bbe16786e0f5f192bcf5fe,67b14b2de9bf90a9c490eeec,2850d217-45bb-4a84-8175-f159c386f1ae,didnt-feel,correct,-99.1736697,19.4728716,2026-03-19T11:43:35.517Z
69bbe16816f32f3334e55f9d,5a8ad10706d84881d183b876,2850d217-45bb-4a84-8175-f159c386f1ae,didnt-feel,dont-know,-99.1483827,19.417923200000004,2026-03-19T11:43:36.394Z
69bbe1686914ae332b571632,632da977da0d2c6af572519f,2850d217-45bb-4a84-8175-f159c386f1ae,didnt-feel,dont-know,-99.1601925,19.4180436,2026-03-19T11:43:36.932Z
69bbe16a8c829929f3012a34,5e3294db9af0c1000abf8fb2,2850d217-45bb-4a84-8175-f159c386f1ae,weak,correct,-99.9007658,16.870171799999998,2026-03-19T11:43:38.800Z
69bbe16bca8ee595099e5a02,643fd3bb1f5f1fd791a1d5b8,2850d217-45bb-4a84-8175-f159c386f1ae,didnt-feel,correct,-99.6550782,19.2634021,2026-03-19T11:43:39.266Z
69bbe16c56f80c19cdfe7850,67b14b2de9bf90a9c490eeec,2850d217-45bb-4a84-8175-f159c386f1ae,didnt-feel,correct,-99.1736697,19.4728716,2026-03-19T11:43:40.803Z
69bbe16d3d8f0a6fe7087260,5a487d6aed1cbd39269404fb,2850d217-45bb-4a84-8175-f159c386f1ae,didnt-feel,correct,-99.59308250000001,19.311779599999998,2026-03-19T11:43:41.681Z
69bbe16d33f58ed4c61d238c,59f7393b26457201db675825,2850d217-45bb-4a84-8175-f159c386f1ae,didnt-feel,correct,-99.1626813,19.3679949,2026-03-19T11:43:41.928Z
69bbe1706f3ec378d96f3895,621e6fdfdcc733272cb114ab,2850d217-45bb-4a84-8175-f159c386f1ae,didnt-feel,correct,-99.1421561,19.4749596,2026-03-19T11:43:44.754Z
69bbe1718deb527581515340,5b1340bd30a352679db0cd02,2850d217-45bb-4a84-8175-f159c386f1ae,didnt-feel,dont-know,-99.0502206,19.3372965,2026-03-19T11:43:45.683Z
69bbe17116f32f3334e55fac,5a3184fe011ccf0f16176b30,2850d217-45bb-4a84-8175-f159c386f1ae,didnt-feel,dont-know,-96.89810829999999,19.5131646,2026-03-19T11:43:45.995Z
69bbe177a8de4d2d75f9707e,59fb6265abf765a5c2f49b2c,2850d217-45bb-4a84-8175-f159c386f1ae,didnt-feel,dont-know,-99.039834,19.4638959,2026-03-19T11:43:51.571Z
69bbe17721e7d9be65f5a9bb,59f6723692c50710c3eccdaa,2850d217-45bb-4a84-8175-f159c386f1ae,didnt-feel,dont-know,-99.16883089999999,19.3500879,2026-03-19T11:43:51.745Z
69bbe179a8de4d2d75f97080,67f2c9fd1c8fc91f278381b1,2850d217-45bb-4a84-8175-f159c386f1ae,weak,correct,-99.8166783,16.8373988,2026-03-19T11:43:53.043Z
69bbe179b8fdcdb7e1b22be8,6230f3598b32eea838e94dda,2850d217-45bb-4a84-8175-f159c386f1ae,didnt-feel,weaker,-99.1251318,19.4316849,2026-03-19T11:43:53.286Z
69bbe1799ab22f0ea43c5621,5e2a56dff8a40a000a748d60,2850d217-45bb-4a84-8175-f159c386f1ae,didnt-feel,correct,-99.2030585,19.455663899999998,2026-03-19T11:43:53.887Z
69bbe17a8c829929f3012a4e,6331c2834b557ae0e2f427ea,2850d217-45bb-4a84-8175-f159c386f1ae,didnt-feel,weaker,-99.1193297,19.3354179,2026-03-19T11:43:54.894Z
69bbe17b2db13e4ce6b962e5,621e6fdfdcc733272cb114ab,2850d217-45bb-4a84-8175-f159c386f1ae,didnt-feel,correct,-99.1421561,19.4749596,2026-03-19T11:43:55.556Z
69bbe17beae4277c39002f77,66cc770a5e5fc67b9b81ce2d,2850d217-45bb-4a84-8175-f159c386f1ae,didnt-feel,dont-know,-99.06609329999999,19.3579685,2026-03-19T11:43:55.758Z
69bbe17c21e7d9be65f5a9cd,59f95294879b74cfcf2bf955,2850d217-45bb-4a84-8175-f159c386f1ae,didnt-feel,weaker,-98.80044889999999,19.205225,2026-03-19T11:43:56.145Z
69bbe17cb409d60963ddb8f1,6138ab9ff941ebb43d88a052,2850d217-45bb-4a84-8175-f159c386f1ae,didnt-feel,correct,-99.0280892,19.3930133,2026-03-19T11:43:56.307Z
69bbe180bf58a109b517b13b,5a4da040a026dee84739f768,2850d217-45bb-4a84-8175-f159c386f1ae,didnt-feel,dont-know,-99.15849889769609,19.371335502590895,2026-03-19T11:44:00.113Z
69bbe181f259fd2471ba4d79,59f8d071543d32d8d5272903,2850d217-45bb-4a84-8175-f159c386f1ae,didnt-feel,correct,-99.03776119999999,19.4116869,2026-03-19T11:44:01.933Z
69bbe1838e8ac06d49fee200,5a0e6ad18e8b7fea5bb7a30f,2850d217-45bb-4a84-8175-f159c386f1ae,didnt-feel,correct,-98.190444,19.037634,2026-03-19T11:44:03.984Z
69bbe1839ab22f0ea43c563c,68d336524f46c51fa19b3692,2850d217-45bb-4a84-8175-f159c386f1ae,didnt-feel,weaker,-99.2366437,19.2952592,2026-03-19T11:44:03.996Z
69bbe1849c2fd53e108bd51d,5a6f4bccec53120623b68792,2850d217-45bb-4a84-8175-f159c386f1ae,didnt-feel,dont-know,-98.89004639999999,19.5089129,2026-03-19T11:44:04.682Z
69bbe18516d3535bc255fac7,59f94005879b74cfcf2be96a,2850d217-45bb-4a84-8175-f159c386f1ae,didnt-feel,dont-know,-99.1034793,19.309507,2026-03-19T11:44:05.596Z
69bbe1868deb5275815153a8,650127a30edfd662e62c1cd7,2850d217-45bb-4a84-8175-f159c386f1ae,didnt-feel,correct,-99.65438839048147,19.280140743759596,2026-03-19T11:44:06.067Z
69bbe18721e7d9be65f5a9df,5a416560dc03ee7377544c2a,2850d217-45bb-4a84-8175-f159c386f1ae,didnt-feel,correct,-99.1209071,19.2822212,2026-03-19T11:44:07.521Z
69bbe18a8deb5275815153ac,5ad86bd63ca423481ebb5a7f,2850d217-45bb-4a84-8175-f159c386f1ae,didnt-feel,dont-know,-94.6048435,17.9970418,2026-03-19T11:44:10.323Z
69bbe18c86e0f5f192bcf682,5ba9b61817c71bedc34d5a3d,2850d217-45bb-4a84-8175-f159c386f1ae,didnt-feel,correct,-99.0709315,19.392349499999998,2026-03-19T11:44:12.351Z
69bbe18c146eacf0bb9cf73e,5ba9b61817c71bedc34d5a3d,2850d217-45bb-4a84-8175-f159c386f1ae,didnt-feel,correct,-99.0709315,19.392349499999998,2026-03-19T11:44:12.602Z
69bbe18d33f58ed4c61d23bf,650a77ad4b333a2709c19991,2850d217-45bb-4a84-8175-f159c386f1ae,weak,correct,-99.7827167,16.7792844,2026-03-19T11:44:13.016Z
69bbe192b8fdcdb7e1b22c1a,6969e5a2ff628db669804544,2850d217-45bb-4a84-8175-f159c386f1ae,weak,correct,-99.4978348,17.5263477,2026-03-19T11:44:18.289Z
69bbe19296943ca0faacf244,67e61c86c718473b1a325f3a,2850d217-45bb-4a84-8175-f159c386f1ae,didnt-feel,correct,-99.57569339999999,19.2722311,2026-03-19T11:44:18.452Z
69bbe193146eacf0bb9cf765,6957d58bb3f98d5d94b75ee2,2850d217-45bb-4a84-8175-f159c386f1ae,didnt-feel,correct,-99.01595309999999,19.6687154,2026-03-19T11:44:19.631Z
69bbe1949c2fd53e108bd53e,59f7430d178b28f9fbf46160,2850d217-45bb-4a84-8175-f159c386f1ae,didnt-feel,correct,-99.10342419999999,19.4386048,2026-03-19T11:44:20.443Z
69bbe1948deb5275815153d7,695af91ea4c76f4f6c4cf24e,2850d217-45bb-4a84-8175-f159c386f1ae,didnt-feel,dont-know,-102.0621881,19.4138198,2026-03-19T11:44:20.823Z
69bbe1956e5e345879970aaf,5a1d8aff49297f5a37e84aab,2850d217-45bb-4a84-8175-f159c386f1ae,weak,correct,-99.17034544549566,19.403457641601562,2026-03-19T11:44:21.112Z
69bbe198f259fd2471ba4db0,67e61c86c718473b1a325f3a,2850d217-45bb-4a84-8175-f159c386f1ae,didnt-feel,correct,-99.57569339999999,19.2722311,2026-03-19T11:44:24.555Z
69bbe19833f58ed4c61d23cf,59f8ebed879b74cfcf2bb752,2850d217-45bb-4a84-8175-f159c386f1ae,didnt-feel,correct,-99.64248719999999,19.2392859,2026-03-19T11:44:24.815Z
69bbe1996e5e345879970ab1,5a0cd1368e8b7fea5bb75f68,2850d217-45bb-4a84-8175-f159c386f1ae,didnt-feel,correct,-99.2461517,19.4943701,2026-03-19T11:44:25.028Z
69bbe19bca8ee595099e5a67,66ecdb866e1986b316963cfd,2850d217-45bb-4a84-8175-f159c386f1ae,didnt-feel,correct,-99.15490910410881,19.4430021922864,2026-03-19T11:44:27.860Z
69bbe19c33f58ed4c61d23d3,6784754f3b0bbfb01c4ba9a5,2850d217-45bb-4a84-8175-f159c386f1ae,weak,correct,-99.127438,19.4927702,2026-03-19T11:44:28.415Z
69bbe1a22db13e4ce6b96336,665a8aaede40443e00b4ca91,2850d217-45bb-4a84-8175-f159c386f1ae,didnt-feel,dont-know,-99.0854806,19.535187099999998,2026-03-19T11:44:34.901Z
69bbe1a4a8de4d2d75f970d1,59f87fb7879b74cfcf2b568d,2850d217-45bb-4a84-8175-f159c386f1ae,weak,correct,-99.6563514,19.2860874,2026-03-19T11:44:36.351Z
69bbe1a6733b8958239f6274,6961cc43ab42fc189a2aadb3,2850d217-45bb-4a84-8175-f159c386f1ae,didnt-feel,correct,-99.39059011638165,16.79222600965368,2026-03-19T11:44:38.660Z
69bbe1a8733b8958239f6276,5ad2ebc8365e60fbd7cec4df,2850d217-45bb-4a84-8175-f159c386f1ae,weak,correct,-99.12624609999999,19.3542204,2026-03-19T11:44:40.961Z
69bbe1aa2db13e4ce6b96340,59f6abdd178b28f9fbf3c215,2850d217-45bb-4a84-8175-f159c386f1ae,didnt-feel,dont-know,-99.15720635409274,19.457138132926964,2026-03-19T11:44:42.820Z
69bbe1acca8ee595099e5a84,695b0201b62786be2cbf205b,2850d217-45bb-4a84-8175-f159c386f1ae,moderate,correct,-99.7976832,16.8268417,2026-03-19T11:44:44.233Z
69bbe1ad33f58ed4c61d23f9,63edbc8554797e2e7a4cd9c6,2850d217-45bb-4a84-8175-f159c386f1ae,didnt-feel,correct,-99.0906854532659,19.310749714425476,2026-03-19T11:44:45.798Z
69bbe1ae6f3ec378d96f3901,5aefdee98438aefe23698123,2850d217-45bb-4a84-8175-f159c386f1ae,didnt-feel,weaker,-99.06125540000001,19.350106999999998,2026-03-19T11:44:46.355Z
69bbe1aea8de4d2d75f970dc,5a8c9a163c8192ed30a06e25,2850d217-45bb-4a84-8175-f159c386f1ae,didnt-feel,correct,-99.49088669999999,17.534000799999998,2026-03-19T11:44:46.934Z
69bbe1b0b409d60963ddb950,59fd3405dd313346a249200f,2850d217-45bb-4a84-8175-f159c386f1ae,didnt-feel,correct,-99.1248628,19.2644415,2026-03-19T11:44:48.917Z
69bbe1b16914ae332b571700,5d9a39c87f27863b994e1151,2850d217-45bb-4a84-8175-f159c386f1ae,didnt-feel,correct,-99.2272939,18.9413586,2026-03-19T11:44:49.703Z
69bbe1b1146eacf0bb9cf793,64867cb79b6b3a42e83200a7,2850d217-45bb-4a84-8175-f159c386f1ae,didnt-feel,weaker,-99.1769325,19.3931056,2026-03-19T11:44:49.777Z
69bbe1b19c2fd53e108bd56c,6329149f46a75bb9af3e1bed,2850d217-45bb-4a84-8175-f159c386f1ae,didnt-feel,correct,-99.65919389999999,19.4679368,2026-03-19T11:44:49.852Z
69bbe1b3ca8ee595099e5a97,5e2ba2ddf703c9000ad89692,2850d217-45bb-4a84-8175-f159c386f1ae,weak,correct,-99.16083719999999,19.4276061,2026-03-19T11:44:51.592Z
69bbe1b433881af970622c38,5a4161e2dc03ee7377541223,2850d217-45bb-4a84-8175-f159c386f1ae,weak,correct,-99.1539178,19.394073400000003,2026-03-19T11:44:52.322Z
69bbe1b4f259fd2471ba4de5,695b0201b62786be2cbf205b,2850d217-45bb-4a84-8175-f159c386f1ae,moderate,correct,-99.7976832,16.8268417,2026-03-19T11:44:52.532Z
69bbe1b533881af970622c3b,5d1a0b90d576fb554968d234,2850d217-45bb-4a84-8175-f159c386f1ae,didnt-feel,weaker,-99.098584,19.432217899999998,2026-03-19T11:44:53.800Z
69bbe1b78c829929f3012ad6,5a88b015516763ab1192f885,2850d217-45bb-4a84-8175-f159c386f1ae,didnt-feel,dont-know,-98.26574199999999,18.9831404,2026-03-19T11:44:55.605Z
69bbe1ba8c829929f3012ada,5c2b0d5ea533c46071767747,2850d217-45bb-4a84-8175-f159c386f1ae,didnt-feel,correct,-99.26885709999999,19.3219677,2026-03-19T11:44:58.474Z
69bbe1bbca8ee595099e5aa7,5f7bfff1a0308d000b30897e,2850d217-45bb-4a84-8175-f159c386f1ae,didnt-feel,dont-know,-99.2119848,19.4918061,2026-03-19T11:44:59.208Z
69bbe1bb33881af970622c47,5a88b015516763ab1192f885,2850d217-45bb-4a84-8175-f159c386f1ae,didnt-feel,dont-know,-98.26574199999999,18.9831404,2026-03-19T11:44:59.984Z
69bbe1bc33881af970622c49,66f623065389f2d2170bb11a,2850d217-45bb-4a84-8175-f159c386f1ae,didnt-feel,dont-know,-99.063872,19.4534964,2026-03-19T11:45:00.374Z
69bbe1bc6914ae332b57171c,6969e9d7effccc42932ca9d4,2850d217-45bb-4a84-8175-f159c386f1ae,didnt-feel,correct,-101.9148393,19.6552766,2026-03-19T11:45:00.460Z
69bbe1be146eacf0bb9cf7b0,69ab3d80380c438b26d5807c,2850d217-45bb-4a84-8175-f159c386f1ae,weak,correct,-98.9206655882299,19.84448641159678,2026-03-19T11:45:02.921Z
69bbe1bf8e8ac06d49fee28f,5c4b4d7851a6dd9aeff36f1a,2850d217-45bb-4a84-8175-f159c386f1ae,didnt-feel,weaker,-99.1088199,19.4436767,2026-03-19T11:45:03.157Z
69bbe1c2bf58a109b517b1bb,6209d892f6c9632099ab4019,2850d217-45bb-4a84-8175-f159c386f1ae,didnt-feel,dont-know,-99.282542,19.3424782,2026-03-19T11:45:06.846Z
69bbe1c656f80c19cdfe7902,59fcdc037a0315157e8073ee,2850d217-45bb-4a84-8175-f159c386f1ae,weak,weaker,-102.17180348932743,17.922999876970145,2026-03-19T11:45:10.279Z
69bbe1c786e0f5f192bcf6f1,654f06f3f39f0e3007fa0f76,2850d217-45bb-4a84-8175-f159c386f1ae,didnt-feel,correct,-99.26539269999999,19.3022655,2026-03-19T11:45:11.070Z
69bbe1c7733b8958239f629a,65103246aeb5bd76da80719d,2850d217-45bb-4a84-8175-f159c386f1ae,didnt-feel,dont-know,-98.156887,19.2825015,2026-03-19T11:45:11.498Z
69bbe1c88e8ac06d49fee29a,5cbe87e7d808db9edb8c3c1f,2850d217-45bb-4a84-8175-f159c386f1ae,weak,correct,-99.82278116047382,16.858696713446115,2026-03-19T11:45:12.112Z
69bbe1c8146eacf0bb9cf7c1,59fe321b1145d83efcb7be41,2850d217-45bb-4a84-8175-f159c386f1ae,didnt-feel,dont-know,-99.008949,19.3859138,2026-03-19T11:45:12.273Z
69bbe1c8f259fd2471ba4dfd,5a0e062981710def824949e3,2850d217-45bb-4a84-8175-f159c386f1ae,weak,correct,-99.1435398,19.4336366,2026-03-19T11:45:12.676Z
69bbe1c9b8fdcdb7e1b22c64,5a3476ed011ccf0f16179ed0,2850d217-45bb-4a84-8175-f159c386f1ae,didnt-feel,correct,-99.12313359999999,19.412934999999997,2026-03-19T11:45:13.231Z
69bbe1ca16d3535bc255fb63,64b198b49b6b3a3a546ddfa9,2850d217-45bb-4a84-8175-f159c386f1ae,didnt-feel,correct,-99.132101,19.434037,2026-03-19T11:45:14.536Z
69bbe1ca8deb52758151543d,6865ae9c7b175e20ca2a66f9,2850d217-45bb-4a84-8175-f159c386f1ae,weak,correct,-99.7176937,16.7356478,2026-03-19T11:45:14.785Z
69bbe1cb16f32f3334e5605c,610d5d72160438c8957aee37,2850d217-45bb-4a84-8175-f159c386f1ae,didnt-feel,weaker,-99.1818028,19.3611635,2026-03-19T11:45:15.231Z
69bbe1cc9ab22f0ea43c56b8,5a879960212109ec275fc10a,2850d217-45bb-4a84-8175-f159c386f1ae,didnt-feel,correct,-99.46445865556598,17.44331187803431,2026-03-19T11:45:16.509Z
69bbe1cca8de4d2d75f9710f,5b529afd3f1239bf66df8e20,2850d217-45bb-4a84-8175-f159c386f1ae,didnt-feel,correct,-99.0654022,19.4103067,2026-03-19T11:45:16.845Z
69bbe1cd8e8ac06d49fee2a4,68d62a6d856dbde5e84c4451,2850d217-45bb-4a84-8175-f159c386f1ae,didnt-feel,dont-know,-99.16802390000001,19.3813647,2026-03-19T11:45:17.534Z
69bbe1cf8e8ac06d49fee2a9,5a879960212109ec275fc10a,2850d217-45bb-4a84-8175-f159c386f1ae,didnt-feel,correct,-99.46445865556598,17.44331187803431,2026-03-19T11:45:19.290Z
69bbe1cf6e5e345879970b24,6321ab53c590e4d98d487f8c,2850d217-45bb-4a84-8175-f159c386f1ae,weak,dont-know,-99.5534406,19.4558969,2026-03-19T11:45:19.763Z
69bbe1cf6914ae332b571741,68b36b90ba40a8fd0f5b3e05,2850d217-45bb-4a84-8175-f159c386f1ae,didnt-feel,correct,-99.2032345,19.2817253,2026-03-19T11:45:19.994Z
69bbe1d116d3535bc255fb6e,664f9f9c81a7d80b06c161aa,2850d217-45bb-4a84-8175-f159c386f1ae,didnt-feel,dont-know,-99.19128970000001,18.843105299999998,2026-03-19T11:45:21.036Z
69bbe1d1a8de4d2d75f97134,696a90692c7eb4d361ebbe63,2850d217-45bb-4a84-8175-f159c386f1ae,didnt-feel,weaker,-99.10549859999999,19.3744124,2026-03-19T11:45:21.826Z
69bbe1d28e8ac06d49fee2ae,59fa584d543d32d8d527ccdf,2850d217-45bb-4a84-8175-f159c386f1ae,weak,correct,-99.8634305,16.859959,2026-03-19T11:45:22.803Z
69bbe1d28e8ac06d49fee2b0,685a430224f884ad1482a562,2850d217-45bb-4a84-8175-f159c386f1ae,didnt-feel,dont-know,-99.1949315,19.3686495,2026-03-19T11:45:22.836Z
69bbe1d3f259fd2471ba4e1c,59f780f605e024e0e343f862,2850d217-45bb-4a84-8175-f159c386f1ae,didnt-feel,correct,-99.17398569999999,19.436515999999997,2026-03-19T11:45:23.208Z
69bbe1d6b409d60963ddb987,5a8aeb6f5b7cc0cee07fc086,2850d217-45bb-4a84-8175-f159c386f1ae,didnt-feel,correct,-99.1809068,19.2859278,2026-03-19T11:45:26.069Z
69bbe1d616d3535bc255fb75,5ba2817278d39207300319f8,2850d217-45bb-4a84-8175-f159c386f1ae,didnt-feel,dont-know,-99.1373136,19.4302678,2026-03-19T11:45:26.454Z
69bbe1d6146eacf0bb9cf7e3,5a890c3f516763ab1193a7d4,2850d217-45bb-4a84-8175-f159c386f1ae,weak,correct,-99.132101,19.434037,2026-03-19T11:45:26.526Z
69bbe1d816d3535bc255fb83,5a0cca75b202584a119cfc7a,2850d217-45bb-4a84-8175-f159c386f1ae,didnt-feel,dont-know,-99.0211813,19.6247518,2026-03-19T11:45:28.893Z
69bbe1d98e8ac06d49fee2bc,6849831b3b190e284f228848,2850d217-45bb-4a84-8175-f159c386f1ae,didnt-feel,dont-know,-99.15716333314776,19.467916389748677,2026-03-19T11:45:29.258Z
69bbe1d956f80c19cdfe7935,688ef7f69946cce97c00396a,2850d217-45bb-4a84-8175-f159c386f1ae,didnt-feel,correct,-99.1220962,19.4649224,2026-03-19T11:45:29.858Z
69bbe1dbca8ee595099e5adc,59f647b092c50710c3ecadcf,2850d217-45bb-4a84-8175-f159c386f1ae,didnt-feel,correct,-99.30212309999999,19.6001096,2026-03-19T11:45:31.525Z
69bbe1dc33881af970622c94,67f37fc94a6a5a05b6b531fa,2850d217-45bb-4a84-8175-f159c386f1ae,didnt-feel,dont-know,-98.8608794,19.2557277,2026-03-19T11:45:32.519Z
69bbe1dc16d3535bc255fb8c,5a37a608011ccf0f1617b6d3,2850d217-45bb-4a84-8175-f159c386f1ae,didnt-feel,correct,-99.1805466,18.615909,2026-03-19T11:45:32.868Z
69bbe1ddeae4277c39003050,59f740d926457201db677fcd,2850d217-45bb-4a84-8175-f159c386f1ae,didnt-feel,dont-know,-99.2203687,19.5203389,2026-03-19T11:45:33.773Z
69bbe1de3ae94e8973849b18,5a89bf734b23ae79f14efc74,2850d217-45bb-4a84-8175-f159c386f1ae,didnt-feel,dont-know,-99.15253399999999,19.3366956,2026-03-19T11:45:34.360Z
69bbe1e0ca8ee595099e5aef,6346c90c4b557a650a040068,2850d217-45bb-4a84-8175-f159c386f1ae,didnt-feel,dont-know,-101.1515059,19.6908062,2026-03-19T11:45:36.154Z
69bbe1e121e7d9be65f5aa7c,6520e84282abe99e8e953724,2850d217-45bb-4a84-8175-f159c386f1ae,didnt-feel,dont-know,-98.15434069999999,19.0537118,2026-03-19T11:45:37.705Z
69bbe1e2b409d60963ddb9ac,5a6226ea3795d40632cd1a80,2850d217-45bb-4a84-8175-f159c386f1ae,didnt-feel,dont-know,-98.2062614,19.0514089,2026-03-19T11:45:38.147Z
69bbe1e2733b8958239f62f3,66f5b614beb5bf9ddf2de749,2850d217-45bb-4a84-8175-f159c386f1ae,didnt-feel,correct,-99.2757864,19.3466476,2026-03-19T11:45:38.863Z
69bbe1e696943ca0faacf2e9,69b4c50fc96b6e2288611c28,2850d217-45bb-4a84-8175-f159c386f1ae,didnt-feel,dont-know,-99.2321418,19.377589399999998,2026-03-19T11:45:42.040Z
69bbe1e9b8fdcdb7e1b22ca1,637e8d88fe84d5366a3b1edb,2850d217-45bb-4a84-8175-f159c386f1ae,didnt-feel,dont-know,-99.1412925,19.3997364,2026-03-19T11:45:45.500Z
69bbe1ed3d8f0a6fe7087339,67a919e4a9f4686743db00e9,2850d217-45bb-4a84-8175-f159c386f1ae,didnt-feel,dont-know,-99.08613919999999,19.3871686,2026-03-19T11:45:49.237Z
69bbe1ed8c829929f3012b41,6962d24fab025787b3491540,2850d217-45bb-4a84-8175-f159c386f1ae,weak,correct,-99.8892469,16.8747409,2026-03-19T11:45:49.701Z
69bbe1ee16d3535bc255fba8,67d60f4071bde277895a0285,2850d217-45bb-4a84-8175-f159c386f1ae,didnt-feel,dont-know,-99.1466035,19.4657683,2026-03-19T11:45:50.662Z
69bbe1efa8de4d2d75f9716f,5a888617516763ab11921eec,2850d217-45bb-4a84-8175-f159c386f1ae,didnt-feel,dont-know,-98.2445422,18.9553372,2026-03-19T11:45:51.521Z
69bbe1ef16d3535bc255fbac,5ac282d60162b16d8a906add,2850d217-45bb-4a84-8175-f159c386f1ae,didnt-feel,correct,-98.9615103,19.7416137,2026-03-19T11:45:51.681Z
69bbe1efb409d60963ddb9cc,59f87301d865af09198cf329,2850d217-45bb-4a84-8175-f159c386f1ae,didnt-feel,dont-know,-99.6480557,19.3037221,2026-03-19T11:45:51.679Z
69bbe1f1a8de4d2d75f97173,65d2a41ae49c48745caedd35,2850d217-45bb-4a84-8175-f159c386f1ae,didnt-feel,dont-know,-99.1483827,19.3648912,2026-03-19T11:45:53.749Z
69bbe1f46914ae332b571789,5a1884147a124b6c66f221af,2850d217-45bb-4a84-8175-f159c386f1ae,didnt-feel,correct,-99.15854685503382,19.399983703597403,2026-03-19T11:45:56.065Z
69bbe1f48e8ac06d49fee2e7,66eb92352b130f38d3dbf56a,2850d217-45bb-4a84-8175-f159c386f1ae,didnt-feel,dont-know,-99.1435398,19.4925705,2026-03-19T11:45:56.069Z
69bbe1f4836cd96c699e0093,59f73fbbcf2d1de81acd74fd,2850d217-45bb-4a84-8175-f159c386f1ae,didnt-feel,correct,-99.1869694,19.3942691,2026-03-19T11:45:56.196Z
69bbe1f421e7d9be65f5aa96,605567768fa392000a1f9dcc,2850d217-45bb-4a84-8175-f159c386f1ae,didnt-feel,dont-know,-99.2388896,19.5096466,2026-03-19T11:45:56.287Z
69bbe1f733881af970622ccc,59f6abdc92c50710c3ed12f2,2850d217-45bb-4a84-8175-f159c386f1ae,didnt-feel,dont-know,-98.2106838,19.0301911,2026-03-19T11:45:59.091Z
69bbe1f796943ca0faacf302,5d98e32439d9f56d802d529d,2850d217-45bb-4a84-8175-f159c386f1ae,didnt-feel,dont-know,-99.09983021937308,19.36930945791918,2026-03-19T11:45:59.840Z
69bbe1f816d3535bc255fbbb,66eb92352b130f38d3dbf56a,2850d217-45bb-4a84-8175-f159c386f1ae,didnt-feel,dont-know,-99.1435398,19.4925705,2026-03-19T11:46:00.546Z
69bbe1fab8fdcdb7e1b22cba,59f6abdc92c50710c3ed12f2,2850d217-45bb-4a84-8175-f159c386f1ae,didnt-feel,dont-know,-98.2106838,19.0301911,2026-03-19T11:46:02.729Z
69bbe1fd33881af970622cd3,6953cafb57b8a9b3b50a510e,2850d217-45bb-4a84-8175-f159c386f1ae,weak,correct,-98.19669429999999,19.0444606,2026-03-19T11:46:05.300Z
69bbe1fd96943ca0faacf30e,6426272898243e988536a286,2850d217-45bb-4a84-8175-f159c386f1ae,didnt-feel,correct,-99.8186013,16.8454416,2026-03-19T11:46:05.591Z
69bbe1fdbf58a109b517b22f,67e781b5b045115d6691144a,2850d217-45bb-4a84-8175-f159c386f1ae,weak,correct,-99.49335811659694,19.261759467568872,2026-03-19T11:46:05.709Z
69bbe20086e0f5f192bcf761,659b1842f0a6e0e29619db2e,2850d217-45bb-4a84-8175-f159c386f1ae,didnt-feel,correct,-99.17536989999999,19.5263174,2026-03-19T11:46:08.526Z
69bbe201146eacf0bb9cf848,68cdf6f74f46c51fa17e358a,2850d217-45bb-4a84-8175-f159c386f1ae,didnt-feel,dont-know,-99.04259770000002,19.391553899999998,2026-03-19T11:46:09.162Z
69bbe2022db13e4ce6b963fb,694172a120ec4b78afb3d0cc,2850d217-45bb-4a84-8175-f159c386f1ae,didnt-feel,dont-know,-99.132101,19.434037,2026-03-19T11:46:10.357Z
69bbe204b409d60963ddb9eb,6953cafb57b8a9b3b50a510e,2850d217-45bb-4a84-8175-f159c386f1ae,weak,correct,-98.19669429999999,19.0444606,2026-03-19T11:46:12.689Z
69bbe205f259fd2471ba4e71,6989141ddc7c06288df3d591,2850d217-45bb-4a84-8175-f159c386f1ae,didnt-feel,correct,-99.23006409999999,18.894140999999998,2026-03-19T11:46:13.224Z
69bbe20616f32f3334e5611b,65274e3eaf6f85c96a660709,2850d217-45bb-4a84-8175-f159c386f1ae,didnt-feel,correct,-98.04379089999999,19.0393896,2026-03-19T11:46:14.307Z
69bbe206eae4277c39003089,634c6fde286c2d616845ca8c,2850d217-45bb-4a84-8175-f159c386f1ae,weak,correct,-99.1496124,19.3022657,2026-03-19T11:46:14.316Z
69bbe2086e5e345879970b76,64469894b8df127a235f6f19,2850d217-45bb-4a84-8175-f159c386f1ae,didnt-feel,correct,-99.132101,19.434037,2026-03-19T11:46:16.731Z
69bbe20abf58a109b517b24f,643ba8a3b20c9730232453df,2850d217-45bb-4a84-8175-f159c386f1ae,didnt-feel,dont-know,-99.10826469999999,19.444991599999998,2026-03-19T11:46:18.372Z
69bbe20aa8de4d2d75f971a5,59f7e3ce0ff632e1f020c186,2850d217-45bb-4a84-8175-f159c386f1ae,didnt-feel,dont-know,-99.1130856,19.3086013,2026-03-19T11:46:18.463Z
69bbe20b96943ca0faacf31d,664160bf5d7d603a2325b7cb,2850d217-45bb-4a84-8175-f159c386f1ae,weak,correct,-98.9811275,19.3717667,2026-03-19T11:46:19.126Z
69bbe20c16f32f3334e56136,678387ad99c0cbee5bc909e0,2850d217-45bb-4a84-8175-f159c386f1ae,didnt-feel,correct,-101.5731242,19.6308948,2026-03-19T11:46:20.050Z
69bbe20c6914ae332b5717af,59f66b4892c50710c3ecc7bf,2850d217-45bb-4a84-8175-f159c386f1ae,didnt-feel,correct,-99.0602701,19.342109,2026-03-19T11:46:20.663Z
69bbe20c6e5e345879970b81,613fe82e45af1f46645b8036,2850d217-45bb-4a84-8175-f159c386f1ae,weak,correct,-99.0827706,19.5088274,2026-03-19T11:46:20.937Z
69bbe20dbf58a109b517b257,643ba8a3b20c9730232453df,2850d217-45bb-4a84-8175-f159c386f1ae,didnt-feel,dont-know,-99.10826469999999,19.444991599999998,2026-03-19T11:46:21.970Z
69bbe20fb409d60963ddba24,6958135254e52e844bd09589,2850d217-45bb-4a84-8175-f159c386f1ae,strong,correct,-100.6352774,17.2224011,2026-03-19T11:46:23.986Z
69bbe2108deb5275815154c7,59f706566f0e9f1ee71da5e4,2850d217-45bb-4a84-8175-f159c386f1ae,didnt-feel,correct,-99.03280802033862,19.538643679940538,2026-03-19T11:46:24.458Z
69bbe2128deb5275815154ca,5a0db8a3b202584a119d2cc8,2850d217-45bb-4a84-8175-f159c386f1ae,didnt-feel,correct,-99.1442316,19.3754117,2026-03-19T11:46:26.530Z
69bbe21321e7d9be65f5aabf,5a8ca2f95839315b3b6e7bc6,2850d217-45bb-4a84-8175-f159c386f1ae,didnt-feel,dont-know,-99.10342419999999,19.4386048,2026-03-19T11:46:27.593Z
69bbe21333f58ed4c61d24c6,5ab2b3b557e4909b2d0fd850,2850d217-45bb-4a84-8175-f159c386f1ae,didnt-feel,correct,-99.1373136,19.4302678,2026-03-19T11:46:27.706Z
69bbe2159ab22f0ea43c5747,684d199955bbbd6e6edb5fa4,2850d217-45bb-4a84-8175-f159c386f1ae,weak,correct,-99.2494583,18.922597100000004,2026-03-19T11:46:29.543Z
69bbe216b409d60963ddba35,68cd9c3251dc854fc6ad27b6,2850d217-45bb-4a84-8175-f159c386f1ae,didnt-feel,dont-know,-98.1996403,19.0464865,2026-03-19T11:46:30.574Z
69bbe21b96943ca0faacf344,68cda88b51dc854fc6ad7fe3,2850d217-45bb-4a84-8175-f159c386f1ae,didnt-feel,correct,-98.5858382,19.3333738,2026-03-19T11:46:35.125Z
69bbe21c86e0f5f192bcf7e5,61382df90ff4eb9a1e74a249,2850d217-45bb-4a84-8175-f159c386f1ae,didnt-feel,correct,-99.0488165,19.564401,2026-03-19T11:46:36.492Z
69bbe21e8e8ac06d49fee366,59f7727805e024e0e343e575,2850d217-45bb-4a84-8175-f159c386f1ae,didnt-feel,dont-know,-99.11065510000002,19.3112974,2026-03-19T11:46:38.062Z
69bbe21e56f80c19cdfe79ab,633eba02cde3cb207c634da7,2850d217-45bb-4a84-8175-f159c386f1ae,weak,correct,-99.0723139,19.2523335,2026-03-19T11:46:38.091Z
69bbe21e16f32f3334e56160,59f68b1c92c50710c3ece6d0,2850d217-45bb-4a84-8175-f159c386f1ae,didnt-feel,dont-know,-99.1668002,19.3838043,2026-03-19T11:46:38.805Z
69bbe21f3ae94e8973849bd7,6941df5157b8a9b3b5d04220,2850d217-45bb-4a84-8175-f159c386f1ae,didnt-feel,correct,-99.2744005,19.4895803,2026-03-19T11:46:39.327Z
69bbe21f3d8f0a6fe70873bd,5b7dc514b2bf217d25c7368e,2850d217-45bb-4a84-8175-f159c386f1ae,didnt-feel,correct,-99.5610682,19.236829099999998,2026-03-19T11:46:39.937Z
69bbe220bf58a109b517b27b,648bd2192c5b2270672a511f,2850d217-45bb-4a84-8175-f159c386f1ae,weak,correct,-99.132101,19.434037,2026-03-19T11:46:40.019Z
69bbe22233881af970622d27,59f8688b7c1642f6b3de4f39,2850d217-45bb-4a84-8175-f159c386f1ae,weak,correct,-99.1041157,19.4142597,2026-03-19T11:46:42.258Z
69bbe222b8fdcdb7e1b22d42,59f8688b7c1642f6b3de4f39,2850d217-45bb-4a84-8175-f159c386f1ae,weak,correct,-99.1041157,19.4142597,2026-03-19T11:46:42.625Z
69bbe22396943ca0faacf34e,68cd96e67e0240db2d701478,2850d217-45bb-4a84-8175-f159c386f1ae,didnt-feel,correct,-98.8610882,19.308393799999997,2026-03-19T11:46:43.123Z
69bbe22456f80c19cdfe79af,674008e1468482b8859a5003,2850d217-45bb-4a84-8175-f159c386f1ae,didnt-feel,correct,-99.1313673,19.4349353,2026-03-19T11:46:44.447Z
69bbe22b33881af970622d2f,699c70c40aefb9dd1bef9390,2850d217-45bb-4a84-8175-f159c386f1ae,didnt-feel,correct,-98.82489765062928,19.28635059893069,2026-03-19T11:46:51.444Z
69bbe22b8c829929f3012b94,605567cbf88a33000c90c750,2850d217-45bb-4a84-8175-f159c386f1ae,didnt-feel,dont-know,-99.1634999,19.4251356,2026-03-19T11:46:51.473Z
69bbe22bca8ee595099e5bc1,59f8688b7c1642f6b3de4f39,2850d217-45bb-4a84-8175-f159c386f1ae,weak,correct,-99.1041157,19.4142597,2026-03-19T11:46:51.937Z
69bbe22bbf58a109b517b286,5a8bc39b2ed5a1736011ba5d,2850d217-45bb-4a84-8175-f159c386f1ae,didnt-feel,correct,-98.2500125,19.0612539,2026-03-19T11:46:51.982Z
69bbe22c8e8ac06d49fee37e,5a89b5564b23ae79f14ef4f8,2850d217-45bb-4a84-8175-f159c386f1ae,didnt-feel,dont-know,-99.1235177,19.313876,2026-03-19T11:46:52.192Z
69bbe22c33f58ed4c61d24e0,696bcd12140b3aeabc320a01,2850d217-45bb-4a84-8175-f159c386f1ae,didnt-feel,correct,-98.22950089999999,18.9899168,2026-03-19T11:46:52.334Z
69bbe22c33f58ed4c61d24e2,5a0869dc95975e38ad36545e,2850d217-45bb-4a84-8175-f159c386f1ae,weak,correct,-99.1783506,19.3697174,2026-03-19T11:46:52.374Z
69bbe22d6e5e345879970bca,59fa42b3543d32d8d527c25e,2850d217-45bb-4a84-8175-f159c386f1ae,didnt-feel,dont-know,-99.1719095,19.3092084,2026-03-19T11:46:53.052Z
69bbe22db8fdcdb7e1b22dca,696bebf5741dd9eefae0e7c8,2850d217-45bb-4a84-8175-f159c386f1ae,moderate,correct,-99.905304,16.8528153,2026-03-19T11:46:53.757Z
69bbe22d733b8958239f648b,59f8e6cc543d32d8d5273508,2850d217-45bb-4a84-8175-f159c386f1ae,didnt-feel,dont-know,-99.19082960000001,18.9499994,2026-03-19T11:46:53.758Z
69bbe22f8c829929f3012b99,5a8bc39b2ed5a1736011ba5d,2850d217-45bb-4a84-8175-f159c386f1ae,didnt-feel,correct,-98.2500125,19.0612539,2026-03-19T11:46:55.020Z
69bbe22f16f32f3334e56172,699c70c40aefb9dd1bef9390,2850d217-45bb-4a84-8175-f159c386f1ae,didnt-feel,correct,-98.82489765062928,19.28635059893069,2026-03-19T11:46:55.576Z
69bbe23196943ca0faacf35e,64ec9eeeeef2c7282da87fd6,2850d217-45bb-4a84-8175-f159c386f1ae,didnt-feel,correct,-99.1952709,19.4944131,2026-03-19T11:46:57.536Z
69bbe2338c829929f3012bc8,6957f64d657066006e387e32,2850d217-45bb-4a84-8175-f159c386f1ae,weak,correct,-99.8362791,16.9201701,2026-03-19T11:46:59.146Z
69bbe235bf58a109b517b296,5d7bc5a4dd21cc2d990d21e9,2850d217-45bb-4a84-8175-f159c386f1ae,didnt-feel,dont-know,-98.33348509999999,19.1091062,2026-03-19T11:47:01.448Z
69bbe23796943ca0faacf366,68bf5c81cc2d3786313f57df,2850d217-45bb-4a84-8175-f159c386f1ae,didnt-feel,correct,-99.2271027,19.3745156,2026-03-19T11:47:03.448Z
69bbe23886e0f5f192bcf810,6987686bb59f4b02d0040379,2850d217-45bb-4a84-8175-f159c386f1ae,didnt-feel,correct,-98.96877972409129,19.742259712587686,2026-03-19T11:47:04.176Z
69bbe238ca8ee595099e5be1,675ed9ab9d490dd6523b1c8a,2850d217-45bb-4a84-8175-f159c386f1ae,didnt-feel,dont-know,-99.19606313568937,19.4363583902227,2026-03-19T11:47:04.267Z
69bbe2383ae94e8973849c01,69a91625380c438b26cc2ac8,2850d217-45bb-4a84-8175-f159c386f1ae,didnt-feel,dont-know,-99.1490745,19.520285899999998,2026-03-19T11:47:04.526Z
69bbe23933f58ed4c61d2507,68fe6ed617412f6901e31cbf,2850d217-45bb-4a84-8175-f159c386f1ae,moderate,correct,-99.39493848010898,17.583354999992324,2026-03-19T11:47:05.014Z
69bbe23933881af970622d44,59f684d7178b28f9fbf38f38,2850d217-45bb-4a84-8175-f159c386f1ae,didnt-feel,dont-know,-99.1248628,19.4205826,2026-03-19T11:47:05.556Z
69bbe23a3d8f0a6fe70873df,69039f1e29d7f4bcea30f62b,2850d217-45bb-4a84-8175-f159c386f1ae,moderate,correct,-99.78526744991541,16.856926019566316,2026-03-19T11:47:06.072Z
69bbe23b733b8958239f64a5,59f91419879b74cfcf2bcbbc,2850d217-45bb-4a84-8175-f159c386f1ae,didnt-feel,dont-know,-99.1373136,19.4302678,2026-03-19T11:47:07.394Z
69bbe23c6f3ec378d96f3a04,59f659e392c50710c3ecba17,2850d217-45bb-4a84-8175-f159c386f1ae,didnt-feel,correct,-99.1483827,19.3648912,2026-03-19T11:47:08.125Z
69bbe240b8fdcdb7e1b22de7,67838730b265f3b083d3cb92,2850d217-45bb-4a84-8175-f159c386f1ae,didnt-feel,dont-know,-99.2394466,19.840742499999998,2026-03-19T11:47:12.114Z
69bbe24086e0f5f192bcf825,69583e35d20dfa53aed3efb5,2850d217-45bb-4a84-8175-f159c386f1ae,didnt-feel,correct,-99.132101,19.434037,2026-03-19T11:47:12.657Z
69bbe243bf58a109b517b2b9,69bbe1dd6e5e345879970b3d,2850d217-45bb-4a84-8175-f159c386f1ae,didnt-feel,dont-know,-99.1802147,19.2763904,2026-03-19T11:47:15.991Z
69bbe244f259fd2471ba4f0e,5a8c4fa8302901557dca616e,2850d217-45bb-4a84-8175-f159c386f1ae,didnt-feel,correct,-99.0073673,19.4102526,2026-03-19T11:47:16.989Z
69bbe24521e7d9be65f5ab23,64d2b09c37c4d9848a73f98c,2850d217-45bb-4a84-8175-f159c386f1ae,didnt-feel,dont-know,-99.0557268,19.491837099999998,2026-03-19T11:47:17.752Z
69bbe2472db13e4ce6b9649e,6957dc6a05ed5317254f4d72,2850d217-45bb-4a84-8175-f159c386f1ae,didnt-feel,dont-know,-99.0267076,19.5419272,2026-03-19T11:47:19.652Z
69bbe24896943ca0faacf37d,59fb4a77abf765a5c2f4599e,2850d217-45bb-4a84-8175-f159c386f1ae,didnt-feel,dont-know,-98.19669429999999,19.0444606,2026-03-19T11:47:20.002Z
69bbe248eae4277c390030f1,59f8fb8e543d32d8d5274002,2850d217-45bb-4a84-8175-f159c386f1ae,didnt-feel,correct,-99.0909786,19.4465975,2026-03-19T11:47:20.848Z
69bbe24a146eacf0bb9cf8ce,59f6669926457201db66ab52,2850d217-45bb-4a84-8175-f159c386f1ae,didnt-feel,dont-know,-99.1746778,19.341471,2026-03-19T11:47:22.551Z
69bbe24c86e0f5f192bcf861,67527d3326662e20aa8fc9d7,2850d217-45bb-4a84-8175-f159c386f1ae,didnt-feel,dont-know,-99.18852079999999,19.4409348,2026-03-19T11:47:24.093Z
69bbe24d836cd96c699e0165,5a87a177212109ec275fe7c3,2850d217-45bb-4a84-8175-f159c386f1ae,didnt-feel,dont-know,-99.6410951,19.273195299999998,2026-03-19T11:47:25.822Z
69bbe24f9c2fd53e108bd694,59f7ceb4befbd485b6bf9d54,2850d217-45bb-4a84-8175-f159c386f1ae,didnt-feel,correct,-99.19475090000002,19.3868525,2026-03-19T11:47:27.004Z
69bbe2518e8ac06d49fee3bd,5afc469bdbf14bb1e06ab93e,2850d217-45bb-4a84-8175-f159c386f1ae,didnt-feel,dont-know,-99.0930528,19.668296599999998,2026-03-19T11:47:29.271Z
69bbe2513d8f0a6fe708740e,6492190cabc335d0651d0558,2850d217-45bb-4a84-8175-f159c386f1ae,didnt-feel,dont-know,-99.132101,19.434037,2026-03-19T11:47:29.721Z
69bbe253ca8ee595099e5c16,6155d003c7aedd6ec01a8885,2850d217-45bb-4a84-8175-f159c386f1ae,didnt-feel,correct,-99.1086605,19.2998034,2026-03-19T11:47:31.880Z
69bbe2548c829929f3012bfc,656df9cb46b7c821140755fa,2850d217-45bb-4a84-8175-f159c386f1ae,didnt-feel,weaker,-99.0965097,19.4492664,2026-03-19T11:47:32.062Z
69bbe2542db13e4ce6b964aa,59f7ec9096400cec1693d0ab,2850d217-45bb-4a84-8175-f159c386f1ae,didnt-feel,dont-know,-101.1432512,19.7477129,2026-03-19T11:47:32.443Z
69bbe255ca8ee595099e5c1a,696a26d64cacff361f086734,2850d217-45bb-4a84-8175-f159c386f1ae,didnt-feel,dont-know,-99.6655454,19.3263061,2026-03-19T11:47:33.081Z
69bbe2573d8f0a6fe7087415,6969e75a68b92c8f5b6b225b,2850d217-45bb-4a84-8175-f159c386f1ae,didnt-feel,weaker,-99.132101,19.434037,2026-03-19T11:47:35.824Z
69bbe258836cd96c699e0173,67c215f345c29816c316865b,2850d217-45bb-4a84-8175-f159c386f1ae,didnt-feel,dont-know,-99.11082867532969,19.64849033625866,2026-03-19T11:47:36.481Z
69bbe2588deb52758151554f,64b11c560cbb5ccd3892d0d1,2850d217-45bb-4a84-8175-f159c386f1ae,didnt-feel,correct,-98.887288,19.2820662,2026-03-19T11:47:36.559Z
69bbe25aa8de4d2d75f972bf,63e8576954797e47d1434d0a,2850d217-45bb-4a84-8175-f159c386f1ae,didnt-feel,correct,-98.3283015,19.0606857,2026-03-19T11:47:38.421Z
69bbe25a33f58ed4c61d2538,66b04c41c4438d3fef27ba23,2850d217-45bb-4a84-8175-f159c386f1ae,didnt-feel,dont-know,-99.23560479999999,18.9203462,2026-03-19T11:47:38.428Z
69bbe25c6e5e345879970c1e,59f78ed894b604ee748edecd,2850d217-45bb-4a84-8175-f159c386f1ae,didnt-feel,dont-know,-99.1855546,19.298066,2026-03-19T11:47:40.094Z
69bbe25e8deb52758151555f,643fefc21f5f1f7f96a4e287,2850d217-45bb-4a84-8175-f159c386f1ae,didnt-feel,dont-know,-99.1411184,19.3781464,2026-03-19T11:47:42.348Z
69bbe25ff259fd2471ba4f40,632f8fbe57a1a5766ecbdead,2850d217-45bb-4a84-8175-f159c386f1ae,didnt-feel,dont-know,-98.1511013,19.0728103,2026-03-19T11:47:43.269Z
69bbe26116d3535bc255fc69,59f62013178b28f9fbf34e32,2850d217-45bb-4a84-8175-f159c386f1ae,weak,correct,-99.0982515,19.4336732,2026-03-19T11:47:45.340Z
69bbe262a8de4d2d75f972cc,5d28a96f623cee98adc35c31,2850d217-45bb-4a84-8175-f159c386f1ae,didnt-feel,correct,-99.250151,19.5210236,2026-03-19T11:47:46.515Z
69bbe263b409d60963ddbadf,64f9146f834e1f139ae8da16,2850d217-45bb-4a84-8175-f159c386f1ae,weak,weaker,-99.1581936,19.3887725,2026-03-19T11:47:47.085Z
69bbe26333f58ed4c61d2546,59f6aaea26457201db66f942,2850d217-45bb-4a84-8175-f159c386f1ae,weak,correct,-98.4437853,18.913204699999998,2026-03-19T11:47:47.885Z
69bbe2648deb527581515567,67c1a43aa7d9b5af9784cd64,2850d217-45bb-4a84-8175-f159c386f1ae,didnt-feel,correct,-99.0487177670002,19.523362517504616,2026-03-19T11:47:48.844Z
69bbe26556f80c19cdfe7a23,67e5de61a741a4bf07bdeac4,2850d217-45bb-4a84-8175-f159c386f1ae,didnt-feel,correct,-99.132101,19.434037,2026-03-19T11:47:49.338Z
69bbe267bf58a109b517b2f0,695ba5272b6fc3c8bca20d17,2850d217-45bb-4a84-8175-f159c386f1ae,weak,weaker,-99.8186013,16.8454416,2026-03-19T11:47:51.443Z
69bbe2678c829929f3012c27,59f7f36b96400cec1693dae9,2850d217-45bb-4a84-8175-f159c386f1ae,didnt-feel,dont-know,-99.21275179999999,19.3446999,2026-03-19T11:47:51.620Z
69bbe268bf58a109b517b2f3,59f6aaea26457201db66f942,2850d217-45bb-4a84-8175-f159c386f1ae,weak,correct,-98.4437853,18.913204699999998,2026-03-19T11:47:52.579Z
69bbe269a8de4d2d75f972dc,67c1a43aa7d9b5af9784cd64,2850d217-45bb-4a84-8175-f159c386f1ae,didnt-feel,correct,-99.0487177670002,19.523362517504616,2026-03-19T11:47:53.105Z
69bbe2696914ae332b57186c,5cf82aeb01facd0d9e8b8b68,2850d217-45bb-4a84-8175-f159c386f1ae,didnt-feel,dont-know,-98.95075539999999,19.3202176,2026-03-19T11:47:53.969Z
69bbe26b3ae94e8973849c74,59fe5d3edd313346a2498567,2850d217-45bb-4a84-8175-f159c386f1ae,didnt-feel,weaker,-98.1338001,19.076691999999998,2026-03-19T11:47:55.008Z
69bbe26b16d3535bc255fc78,66ad2f10aaf80cdae1a50563,2850d217-45bb-4a84-8175-f159c386f1ae,didnt-feel,correct,-99.1496251,19.3982731,2026-03-19T11:47:55.835Z
69bbe26d836cd96c699e01ac,6960f19afaf43476f5a21e90,2850d217-45bb-4a84-8175-f159c386f1ae,didnt-feel,correct,-99.18934093790169,19.43327179953161,2026-03-19T11:47:57.697Z
69bbe26d3ae94e8973849c7a,59f665d426457201db66aa97,2850d217-45bb-4a84-8175-f159c386f1ae,didnt-feel,correct,-98.21706209999999,19.022544699999997,2026-03-19T11:47:57.999Z
69bbe26e8c829929f3012c32,632c02cd6ffab5170c980352,2850d217-45bb-4a84-8175-f159c386f1ae,didnt-feel,dont-know,-99.2466792,19.4015172,2026-03-19T11:47:58.725Z
69bbe26e2db13e4ce6b964f9,643f7a161452504769319c2a,2850d217-45bb-4a84-8175-f159c386f1ae,didnt-feel,dont-know,-99.02325359999999,19.5089374,2026-03-19T11:47:58.947Z
69bbe2729ab22f0ea43c5810,59f782f705e024e0e343fa90,2850d217-45bb-4a84-8175-f159c386f1ae,didnt-feel,correct,-99.47795268252432,19.26845405609733,2026-03-19T11:48:02.774Z
69bbe2738deb527581515581,5a093307e6a2a0e0b6622481,2850d217-45bb-4a84-8175-f159c386f1ae,didnt-feel,correct,-99.13316309999999,19.396592899999998,2026-03-19T11:48:03.767Z
69bbe275ca8ee595099e5c4e,5b9cf8fe78fda76df58af27b,2850d217-45bb-4a84-8175-f159c386f1ae,didnt-feel,dont-know,-99.1386972,19.632075800000003,2026-03-19T11:48:05.036Z
69bbe27716d3535bc255fc8e,628ea7e62d2368f49b68ce7a,2850d217-45bb-4a84-8175-f159c386f1ae,didnt-feel,dont-know,-98.95213570000001,19.4247788,2026-03-19T11:48:07.278Z
69bbe2798e8ac06d49fee408,59f68c5526457201db66ce01,2850d217-45bb-4a84-8175-f159c386f1ae,didnt-feel,correct,-99.16083719999999,19.4276061,2026-03-19T11:48:09.698Z
69bbe2799ab22f0ea43c5818,642ba04d25098d3df5f2602c,2850d217-45bb-4a84-8175-f159c386f1ae,didnt-feel,dont-know,-99.16802390000001,19.3813647,2026-03-19T11:48:09.822Z
69bbe27c33881af970622d98,59fa413b9c735c1b5b2808a3,2850d217-45bb-4a84-8175-f159c386f1ae,didnt-feel,dont-know,-98.2658679,19.0517687,2026-03-19T11:48:12.497Z
69bbe27db409d60963ddbb06,6329035046a75b85613b5a38,2850d217-45bb-4a84-8175-f159c386f1ae,didnt-feel,dont-know,-99.00529550000002,19.2740668,2026-03-19T11:48:13.674Z
69bbe27f86e0f5f192bcf8ab,5ef17bc9e57e00000f2512e7,2850d217-45bb-4a84-8175-f159c386f1ae,didnt-feel,correct,-98.8869581,19.2981232,2026-03-19T11:48:15.915Z
69bbe28116f32f3334e561ed,5a05d46724d403e624c20189,2850d217-45bb-4a84-8175-f159c386f1ae,didnt-feel,dont-know,-99.0543447,19.2517529,2026-03-19T11:48:17.758Z
69bbe282bf58a109b517b316,5a0c97b6b202584a119ca36a,2850d217-45bb-4a84-8175-f159c386f1ae,didnt-feel,correct,-99.0543447,19.6171869,2026-03-19T11:48:18.383Z
69bbe282b8fdcdb7e1b22e53,5ed08e6f8c9ecc000ac1765e,2850d217-45bb-4a84-8175-f159c386f1ae,didnt-feel,correct,-99.4915815,17.552266799999998,2026-03-19T11:48:18.412Z
69bbe2859c2fd53e108bd709,66c2f402eba7edd4e371098c,2850d217-45bb-4a84-8175-f159c386f1ae,weak,correct,-98.73435099999999,16.8060564,2026-03-19T11:48:21.727Z
69bbe2876914ae332b571892,63ca07c9b172955258a77694,2850d217-45bb-4a84-8175-f159c386f1ae,didnt-feel,dont-know,-99.1738735,19.4446248,2026-03-19T11:48:23.448Z
69bbe28d3ae94e8973849cb9,665ee70776a0635a28bc4deb,2850d217-45bb-4a84-8175-f159c386f1ae,didnt-feel,dont-know,-99.0197998,19.3875316,2026-03-19T11:48:29.765Z
69bbe28e96943ca0faacf3ef,65ab6256f9e417327426e3ee,2850d217-45bb-4a84-8175-f159c386f1ae,didnt-feel,correct,-99.16083719999999,18.906402999999997,2026-03-19T11:48:30.628Z
69bbe29033f58ed4c61d25ab,66a4d11a6969895e72f44cd8,2850d217-45bb-4a84-8175-f159c386f1ae,moderate,correct,-99.8407568,16.9060444,2026-03-19T11:48:32.132Z
69bbe29033881af970622dd3,5a0cf58581710def82491c76,2850d217-45bb-4a84-8175-f159c386f1ae,didnt-feel,correct,-99.1746778,19.4445835,2026-03-19T11:48:32.177Z
69bbe2913d8f0a6fe7087480,5a5e860c035e0e078db58fc0,2850d217-45bb-4a84-8175-f159c386f1ae,didnt-feel,correct,-99.26571786403656,18.950795933031433,2026-03-19T11:48:33.839Z
69bbe2918e8ac06d49fee433,5d88efc2dca9488ee4a44d32,2850d217-45bb-4a84-8175-f159c386f1ae,didnt-feel,weaker,-99.12624609999999,19.6607139,2026-03-19T11:48:33.870Z
69bbe29216d3535bc255fcba,5a08c64695975e38ad365f2c,2850d217-45bb-4a84-8175-f159c386f1ae,strong,stronger,-99.502004,17.5539614,2026-03-19T11:48:34.087Z
69bbe2936914ae332b5718a5,5a9101fc4889a70118b98914,2850d217-45bb-4a84-8175-f159c386f1ae,didnt-feel,dont-know,-99.1539178,19.311586899999998,2026-03-19T11:48:35.585Z
69bbe2956914ae332b5718aa,6852dca24d77a556a5b41edb,2850d217-45bb-4a84-8175-f159c386f1ae,didnt-feel,correct,-99.13247140000001,19.552072799999998,2026-03-19T11:48:37.203Z
69bbe297eae4277c3900316d,5cbe26dd59eb8c1fe5c44c48,2850d217-45bb-4a84-8175-f159c386f1ae,didnt-feel,dont-know,-99.2020863,19.4430702,2026-03-19T11:48:39.303Z
69bbe29bb409d60963ddbb39,5aeb33aeb8f7a31f3b8d1fce,2850d217-45bb-4a84-8175-f159c386f1ae,didnt-feel,dont-know,-99.16914129999999,19.371209099999998,2026-03-19T11:48:43.412Z
69bbe29db409d60963ddbb3e,5a87876c4b23ae79f14ae421,2850d217-45bb-4a84-8175-f159c386f1ae,didnt-feel,dont-know,-99.16914129999999,19.4301322,2026-03-19T11:48:45.709Z
69bbe29e21e7d9be65f5abc6,65cacf24e49c4881fc7ec14e,2850d217-45bb-4a84-8175-f159c386f1ae,didnt-feel,dont-know,-99.10549859999999,19.3744124,2026-03-19T11:48:46.763Z
69bbe29fa8de4d2d75f97345,5a0c9d18b202584a119ccea2,2850d217-45bb-4a84-8175-f159c386f1ae,didnt-feel,correct,-99.1850833,19.3665539,2026-03-19T11:48:47.560Z
69bbe2a0ca8ee595099e5ca9,6005f7d6dbef67000bfdcc40,2850d217-45bb-4a84-8175-f159c386f1ae,weak,correct,-99.5070989,17.574087,2026-03-19T11:48:48.372Z
69bbe2a33d8f0a6fe708749b,59fd319961c0127ef03428fc,2850d217-45bb-4a84-8175-f159c386f1ae,weak,correct,-99.0194097,19.5886724,2026-03-19T11:48:51.722Z
69bbe2a33ae94e8973849cea,63032423219ed756a92df632,2850d217-45bb-4a84-8175-f159c386f1ae,weak,correct,-99.08268269999999,19.4160719,2026-03-19T11:48:51.748Z
69bbe2a4b409d60963ddbb53,5a87876c4b23ae79f14ae421,2850d217-45bb-4a84-8175-f159c386f1ae,didnt-feel,dont-know,-99.16914129999999,19.4301322,2026-03-19T11:48:52.236Z
69bbe2a433f58ed4c61d25ed,5a8a8a2cb68863f4152586ce,2850d217-45bb-4a84-8175-f159c386f1ae,didnt-feel,dont-know,-99.1698933,19.3845688,2026-03-19T11:48:52.569Z
69bbe2a5836cd96c699e0210,59f750aeae9196d83db1218f,2850d217-45bb-4a84-8175-f159c386f1ae,didnt-feel,correct,-98.2219814,19.0588196,2026-03-19T11:48:53.104Z
69bbe2a58e8ac06d49fee462,5a318bf314840f98fb7c678b,2850d217-45bb-4a84-8175-f159c386f1ae,didnt-feel,dont-know,-99.1373136,19.4302678,2026-03-19T11:48:53.443Z
69bbe2a78deb5275815155fd,698f6862d5d992641733814b,2850d217-45bb-4a84-8175-f159c386f1ae,weak,correct,-99.1276295,19.3821398,2026-03-19T11:48:55.256Z
69bbe2a7146eacf0bb9cf9a0,66f5b90c933d4ae1eb8e901c,2850d217-45bb-4a84-8175-f159c386f1ae,didnt-feel,correct,-99.18852079999999,19.4114729,2026-03-19T11:48:55.547Z
69bbe2a833881af970622e20,6710938032cc589603f8a41e,2850d217-45bb-4a84-8175-f159c386f1ae,didnt-feel,dont-know,-99.3133031,19.3441054,2026-03-19T11:48:56.780Z
69bbe2a9836cd96c699e0216,5a8b54d97bab68e8d71db00e,2850d217-45bb-4a84-8175-f159c386f1ae,didnt-feel,dont-know,-99.1593263,19.449222,2026-03-19T11:48:57.169Z
69bbe2aebf58a109b517b36f,59f7735505e024e0e343e6d5,2850d217-45bb-4a84-8175-f159c386f1ae,didnt-feel,dont-know,-99.20628219999999,19.3726664,2026-03-19T11:49:02.353Z
69bbe2ae33f58ed4c61d25fb,6220d74d0c5476fd6e91b74c,2850d217-45bb-4a84-8175-f159c386f1ae,didnt-feel,dont-know,-99.0880094,19.2590333,2026-03-19T11:49:02.512Z
69bbe2af6914ae332b5718de,5c5508085e9353412b5f2e12,2850d217-45bb-4a84-8175-f159c386f1ae,didnt-feel,correct,-99.08683049999999,19.4865911,2026-03-19T11:49:03.857Z
69bbe2b08e8ac06d49fee477,6140916577b970dd5058e6ed,2850d217-45bb-4a84-8175-f159c386f1ae,didnt-feel,dont-know,-99.10826469999999,19.444991599999998,2026-03-19T11:49:04.070Z
69bbe2b1bf58a109b517b373,5a03c519e6a2a0e0b6619ec4,2850d217-45bb-4a84-8175-f159c386f1ae,didnt-feel,correct,-99.16331847556043,19.36278519774015,2026-03-19T11:49:05.000Z
69bbe2b116d3535bc255fcff,66f5b58e905a3e23c724485a,2850d217-45bb-4a84-8175-f159c386f1ae,didnt-feel,dont-know,-99.1442316,19.4431779,2026-03-19T11:49:05.504Z
69bbe2b39c2fd53e108bd77d,66e9ec082f6bfb964936997e,2850d217-45bb-4a84-8175-f159c386f1ae,didnt-feel,dont-know,-99.2276401,19.358303799999998,2026-03-19T11:49:07.500Z
69bbe2b43ae94e8973849d0b,65244997cef1b212e14bfdf6,2850d217-45bb-4a84-8175-f159c386f1ae,didnt-feel,dont-know,-97.8313562,18.458684599999998,2026-03-19T11:49:08.135Z
69bbe2b56e5e345879970ccd,664e68dee4dcc7d4b42e80bd,2850d217-45bb-4a84-8175-f159c386f1ae,didnt-feel,correct,-99.2799443,19.595363,2026-03-19T11:49:09.797Z
69bbe2b89c2fd53e108bd785,64401a84381c93629c30ca59,2850d217-45bb-4a84-8175-f159c386f1ae,didnt-feel,dont-know,-99.2517375,19.521412,2026-03-19T11:49:12.719Z
69bbe2be836cd96c699e023b,5a4164d5dc03ee73775446d6,2850d217-45bb-4a84-8175-f159c386f1ae,didnt-feel,correct,-99.098584,19.3615004,2026-03-19T11:49:18.206Z
69bbe2c09c2fd53e108bd78d,686707f181644fa745b9cf78,2850d217-45bb-4a84-8175-f159c386f1ae,didnt-feel,dont-know,-99.19998111203313,19.22644296615659,2026-03-19T11:49:20.360Z
69bbe2c1a8de4d2d75f973b9,5ef2f8c048caf2000a2a6fb6,2850d217-45bb-4a84-8175-f159c386f1ae,didnt-feel,dont-know,-99.1577234,19.3058724,2026-03-19T11:49:21.468Z
69bbe2c33d8f0a6fe70874cb,65657364e5968ce5063e43cf,2850d217-45bb-4a84-8175-f159c386f1ae,didnt-feel,weaker,-99.132101,19.434037,2026-03-19T11:49:23.857Z
69bbe2c3eae4277c390031bd,65c041e8e49c48cf285d0e60,2850d217-45bb-4a84-8175-f159c386f1ae,didnt-feel,weaker,-99.0087486,19.3586109,2026-03-19T11:49:23.866Z
69bbe2c8146eacf0bb9cf9d2,632c6fd84c327b7ad3b620b3,2850d217-45bb-4a84-8175-f159c386f1ae,didnt-feel,correct,-99.08890459999999,19.6346037,2026-03-19T11:49:28.443Z
69bbe2c98deb527581515630,670b06bd9c3247cf436a2a6a,2850d217-45bb-4a84-8175-f159c386f1ae,didnt-feel,dont-know,-99.17367048561573,18.920119926023645,2026-03-19T11:49:29.349Z
69bbe2cb836cd96c699e0251,619e82da77b9703e04dbe554,2850d217-45bb-4a84-8175-f159c386f1ae,didnt-feel,dont-know,-98.98250829999999,19.3554896,2026-03-19T11:49:31.164Z
69bbe2cceae4277c390031d1,632bffcea7496e2f801890b0,2850d217-45bb-4a84-8175-f159c386f1ae,didnt-feel,correct,-98.4019754,19.1443255,2026-03-19T11:49:32.015Z
69bbe2cd16d3535bc255fd41,632c6fd84c327b7ad3b620b3,2850d217-45bb-4a84-8175-f159c386f1ae,didnt-feel,correct,-99.08890459999999,19.6346037,2026-03-19T11:49:33.704Z
69bbe2cd733b8958239f6593,5b22a6e74232144d6a2b1355,2850d217-45bb-4a84-8175-f159c386f1ae,didnt-feel,correct,-99.0961013,19.5101907,2026-03-19T11:49:33.956Z
69bbe2cea8de4d2d75f973d1,5ba941033637d856390472ba,2850d217-45bb-4a84-8175-f159c386f1ae,didnt-feel,dont-know,-99.185752,19.473485699999998,2026-03-19T11:49:34.652Z
69bbe2d221e7d9be65f5ac3b,6964479f7bb8581af94bca8c,2850d217-45bb-4a84-8175-f159c386f1ae,strong,stronger,-100.8931333,17.267782399999998,2026-03-19T11:49:38.170Z
69bbe2d216f32f3334e56297,670b06bd9c3247cf436a2a6a,2850d217-45bb-4a84-8175-f159c386f1ae,didnt-feel,dont-know,-99.17367048561573,18.920119926023645,2026-03-19T11:49:38.572Z
69bbe2d316f32f3334e5629a,696b09318766b3cc6eeb92db,2850d217-45bb-4a84-8175-f159c386f1ae,weak,correct,-99.8578395,16.8755301,2026-03-19T11:49:39.772Z
69bbe2d66914ae332b57191c,5a1354d049297f5a37e77fbe,2850d217-45bb-4a84-8175-f159c386f1ae,moderate,stronger,-99.1992951,19.2281658,2026-03-19T11:49:42.359Z
69bbe2d8eae4277c390031e8,59fe06a861c0127ef03461f8,2850d217-45bb-4a84-8175-f159c386f1ae,didnt-feel,correct,-98.24830299999999,19.0771832,2026-03-19T11:49:44.380Z
69bbe2d96f3ec378d96f3b2d,673e593bacf68b2be35776e0,2850d217-45bb-4a84-8175-f159c386f1ae,didnt-feel,weaker,-98.80251539999999,18.680141,2026-03-19T11:49:45.135Z
69bbe2daeae4277c390031ec,664e68dee4dcc7d4b42e80bd,2850d217-45bb-4a84-8175-f159c386f1ae,didnt-feel,correct,-99.2799443,19.595363,2026-03-19T11:49:46.321Z
69bbe2dc86e0f5f192bcf96f,66f6e7a7bf4905cdf542c0a8,2850d217-45bb-4a84-8175-f159c386f1ae,didnt-feel,correct,-99.5821325,19.2290959,2026-03-19T11:49:48.452Z
69bbe2dc6914ae332b571927,619c5c431830bc5f250f745c,2850d217-45bb-4a84-8175-f159c386f1ae,didnt-feel,dont-know,-99.1545854,19.2938908,2026-03-19T11:49:48.913Z
69bbe2dd16f32f3334e562a3,6220dbc9b76d2fa20810d041,2850d217-45bb-4a84-8175-f159c386f1ae,didnt-feel,weaker,-98.2819571,18.9873701,2026-03-19T11:49:49.333Z
69bbe2ddca8ee595099e5d09,6960247e05157a30178e3e7b,2850d217-45bb-4a84-8175-f159c386f1ae,didnt-feel,correct,-99.2756998,19.3568681,2026-03-19T11:49:49.491Z
69bbe2de8c829929f3012d07,6537adfad21eec2189270e12,2850d217-45bb-4a84-8175-f159c386f1ae,didnt-feel,dont-know,-99.16802390000001,19.3813647,2026-03-19T11:49:50.608Z
69bbe2e0b409d60963ddbbc0,632c04b5bbf15e4f40e0404e,2850d217-45bb-4a84-8175-f159c386f1ae,didnt-feel,correct,-99.1373136,19.4302678,2026-03-19T11:49:52.415Z
69bbe2e18e8ac06d49fee4c6,65ac11fde49c48b3ddfed8d0,2850d217-45bb-4a84-8175-f159c386f1ae,didnt-feel,correct,-99.2660398,19.5100877,2026-03-19T11:49:53.636Z
69bbe2e23ae94e8973849d5d,6537adfad21eec2189270e12,2850d217-45bb-4a84-8175-f159c386f1ae,didnt-feel,dont-know,-99.16802390000001,19.3813647,2026-03-19T11:49:54.442Z
69bbe2e36f3ec378d96f3b3c,5d1ffbebb8b787574072e54a,2850d217-45bb-4a84-8175-f159c386f1ae,didnt-feel,correct,-99.0723139,19.452691500000004,2026-03-19T11:49:55.306Z
69bbe2e4f259fd2471ba501c,646b65d5c993d75ff0b62a15,2850d217-45bb-4a84-8175-f159c386f1ae,didnt-feel,dont-know,-98.23086819999999,19.0591604,2026-03-19T11:49:56.099Z
69bbe2e5836cd96c699e027f,5a87816e4b23ae79f14ab13d,2850d217-45bb-4a84-8175-f159c386f1ae,didnt-feel,correct,-99.2536148,19.683657999999998,2026-03-19T11:49:57.310Z
69bbe2e9836cd96c699e0281,68864716c7c8ae7ea09cd621,2850d217-45bb-4a84-8175-f159c386f1ae,didnt-feel,correct,-98.1707327,19.088383699999998,2026-03-19T11:50:01.443Z
69bbe2eb8deb527581515678,646f9f92d3803689e1bdce5e,2850d217-45bb-4a84-8175-f159c386f1ae,didnt-feel,dont-know,-99.1905974,19.3723335,2026-03-19T11:50:03.489Z
69bbe2eca8de4d2d75f973f8,62f6a7d2b9bc550bc3c1f7ab,2850d217-45bb-4a84-8175-f159c386f1ae,didnt-feel,weaker,-99.13108799999999,19.418059,2026-03-19T11:50:04.151Z
69bbe2ec56f80c19cdfe7b0b,6810e663ac3fe6090c58a1bf,2850d217-45bb-4a84-8175-f159c386f1ae,didnt-feel,dont-know,-99.01595309999999,19.6687154,2026-03-19T11:50:04.897Z
69bbe2edeae4277c390031ff,5ba3de9af097b812c9165432,2850d217-45bb-4a84-8175-f159c386f1ae,didnt-feel,correct,-98.1618532,19.0570667,2026-03-19T11:50:05.275Z
69bbe2ed3d8f0a6fe7087513,68864716c7c8ae7ea09cd621,2850d217-45bb-4a84-8175-f159c386f1ae,didnt-feel,correct,-98.1707327,19.088383699999998,2026-03-19T11:50:05.786Z
69bbe2f0bf58a109b517b3f4,69583d26d4b145ee199a0b29,2850d217-45bb-4a84-8175-f159c386f1ae,weak,correct,-99.5047835,17.5772522,2026-03-19T11:50:08.777Z
69bbe2f121e7d9be65f5ac61,5a8ad4e46288824a61b0f054,2850d217-45bb-4a84-8175-f159c386f1ae,didnt-feel,correct,-99.1684492,19.4544751,2026-03-19T11:50:09.121Z
69bbe2f68deb52758151568d,5a10e953b202584a119dae06,2850d217-45bb-4a84-8175-f159c386f1ae,didnt-feel,dont-know,-99.0197998,19.3875316,2026-03-19T11:50:15.013Z
69bbe2f83ae94e8973849d72,691443d272e54cc7e568cbd7,2850d217-45bb-4a84-8175-f159c386f1ae,didnt-feel,correct,-98.2879091,19.0887615,2026-03-19T11:50:16.680Z
69bbe2fc8c829929f3012d24,68094170402c90bc9aea6678,2850d217-45bb-4a84-8175-f159c386f1ae,didnt-feel,correct,-99.09818289801478,19.439796163841997,2026-03-19T11:50:20.632Z
69bbe306836cd96c699e02b0,68094170402c90bc9aea6678,2850d217-45bb-4a84-8175-f159c386f1ae,didnt-feel,correct,-99.09818289801478,19.439796163841997,2026-03-19T11:50:30.057Z
69bbe31096943ca0faacf4f7,64cd30d532550c7baa60bb01,2850d217-45bb-4a84-8175-f159c386f1ae,didnt-feel,correct,-99.0091125,19.2415397,2026-03-19T11:50:40.085Z
69bbe317f259fd2471ba508c,5a9f01fa398aeb60e9caaa56,2850d217-45bb-4a84-8175-f159c386f1ae,didnt-feel,correct,-99.0812534,19.661561799999998,2026-03-19T11:50:47.411Z
69bbe3186f3ec378d96f3b8d,67c217d999ffbe46f27a744b,2850d217-45bb-4a84-8175-f159c386f1ae,didnt-feel,weaker,-98.2732659,19.312437499999998,2026-03-19T11:50:48.010Z
69bbe318eae4277c39003251,6961bfdffaf43476f5a7e14f,2850d217-45bb-4a84-8175-f159c386f1ae,didnt-feel,correct,-99.7483527,19.3042587,2026-03-19T11:50:48.086Z
69bbe319836cd96c699e0302,692e5594556c112ab84c2b54,2850d217-45bb-4a84-8175-f159c386f1ae,didnt-feel,correct,-98.1905446,19.0366227,2026-03-19T11:50:49.780Z
69bbe31956f80c19cdfe7b61,5a8ae02e5b7cc0cee07f7a35,2850d217-45bb-4a84-8175-f159c386f1ae,didnt-feel,dont-know,-99.0750788,19.3140617,2026-03-19T11:50:49.907Z
69bbe31c3ae94e8973849dab,643f785723006b79be1b0113,2850d217-45bb-4a84-8175-f159c386f1ae,weak,weaker,-99.4524986655171,17.484182941471822,2026-03-19T11:50:52.799Z
69bbe31d9ab22f0ea43c5930,5a0c9782b202584a119c9f0a,2850d217-45bb-4a84-8175-f159c386f1ae,didnt-feel,dont-know,-99.2146694,19.361786,2026-03-19T11:50:53.076Z
69bbe31e33f58ed4c61d2728,59f6833792c50710c3ecdeb2,2850d217-45bb-4a84-8175-f159c386f1ae,didnt-feel,correct,-98.8674034,19.3078413,2026-03-19T11:50:54.121Z
69bbe31e6e5e345879970dad,63214863c590e4173945935c,2850d217-45bb-4a84-8175-f159c386f1ae,didnt-feel,dont-know,-99.0317413,19.3858066,2026-03-19T11:50:54.830Z
69bbe32096943ca0faacf535,5a42ed417b8b9db590cb98dc,2850d217-45bb-4a84-8175-f159c386f1ae,didnt-feel,weaker,-99.1373136,19.4302678,2026-03-19T11:50:56.794Z
69bbe32121e7d9be65f5acd5,68ce1eb56f966822bb19001a,2850d217-45bb-4a84-8175-f159c386f1ae,didnt-feel,correct,-99.1677636,19.3740433,2026-03-19T11:50:57.987Z
69bbe3233ae94e8973849dbf,67838592f826105e512b5d49,2850d217-45bb-4a84-8175-f159c386f1ae,didnt-feel,weaker,-99.0073673,19.4102526,2026-03-19T11:50:59.428Z
69bbe3273ae94e8973849dc4,5a171c1449297f5a37e7ce50,2850d217-45bb-4a84-8175-f159c386f1ae,didnt-feel,correct,-99.1593263,19.449222,2026-03-19T11:51:03.353Z
69bbe3283ae94e8973849dc7,5a8afb499d7756997f911713,2850d217-45bb-4a84-8175-f159c386f1ae,didnt-feel,dont-know,-99.2623689,19.5175868,2026-03-19T11:51:04.786Z
69bbe32a3ae94e8973849dd7,5b79096ce462ee566a57c4ad,2850d217-45bb-4a84-8175-f159c386f1ae,didnt-feel,correct,-98.9996967,19.5982024,2026-03-19T11:51:06.889Z
69bbe32a8e8ac06d49fee564,5ba2813edabd5312bdd7815a,2850d217-45bb-4a84-8175-f159c386f1ae,weak,correct,-99.1805466,18.615909,2026-03-19T11:51:06.970Z
69bbe32c33881af970622f17,6395f1ffeb1cb643b74969e2,2850d217-45bb-4a84-8175-f159c386f1ae,didnt-feel,correct,-99.2002892,19.3674239,2026-03-19T11:51:08.265Z
69bbe32c8e8ac06d49fee566,68d78880856dbde5e852b675,2850d217-45bb-4a84-8175-f159c386f1ae,didnt-feel,dont-know,-99.770657,19.2912951,2026-03-19T11:51:08.626Z
69bbe32df259fd2471ba50be,6959e7c346da681bcdbdddad,2850d217-45bb-4a84-8175-f159c386f1ae,didnt-feel,dont-know,-99.20893399044871,18.859967156397204,2026-03-19T11:51:09.662Z
69bbe32e16f32f3334e56333,698e1e8c700000727ac90503,2850d217-45bb-4a84-8175-f159c386f1ae,weak,correct,-99.502004,17.5539614,2026-03-19T11:51:10.063Z
69bbe32e8e8ac06d49fee568,59f902f39c735c1b5b2789f5,2850d217-45bb-4a84-8175-f159c386f1ae,didnt-feel,dont-know,-99.0464789,19.6008883,2026-03-19T11:51:10.245Z
69bbe331b409d60963ddbc51,69a3d0704c79cc4d11e6925e,2850d217-45bb-4a84-8175-f159c386f1ae,didnt-feel,correct,-98.19669429999999,19.0444606,2026-03-19T11:51:13.854Z
69bbe332733b8958239f66b7,59f9311f879b74cfcf2bde19,2850d217-45bb-4a84-8175-f159c386f1ae,didnt-feel,dont-know,-99.1830639,19.4144386,2026-03-19T11:51:14.988Z
69bbe3343d8f0a6fe7087589,5baefdce5970a01b7b3c7672,2850d217-45bb-4a84-8175-f159c386f1ae,didnt-feel,correct,-99.0046048,19.2895695,2026-03-19T11:51:16.064Z
69bbe334146eacf0bb9cfa85,59f73ff926457201db676cbc,2850d217-45bb-4a84-8175-f159c386f1ae,didnt-feel,dont-know,-99.18159899999999,18.6097531,2026-03-19T11:51:16.293Z
69bbe3356e5e345879970dd9,5d555f2a7a126152d9d3b948,2850d217-45bb-4a84-8175-f159c386f1ae,didnt-feel,correct,-98.5656584,17.5331144,2026-03-19T11:51:17.065Z
69bbe33521e7d9be65f5acf9,657233b03a633f367e285964,2850d217-45bb-4a84-8175-f159c386f1ae,didnt-feel,correct,-99.1303962,19.3731619,2026-03-19T11:51:17.422Z
69bbe336733b8958239f66ba,613b952d0371a7428940907a,2850d217-45bb-4a84-8175-f159c386f1ae,didnt-feel,dont-know,-99.1272963,19.3992723,2026-03-19T11:51:18.054Z
69bbe336b8fdcdb7e1b22f99,5ab2db3794ce6e4e0e0080b8,2850d217-45bb-4a84-8175-f159c386f1ae,didnt-feel,correct,-99.0474345,19.456884499999997,2026-03-19T11:51:18.186Z
69bbe33a2db13e4ce6b966ae,59f64899178b28f9fbf35dcd,2850d217-45bb-4a84-8175-f159c386f1ae,didnt-feel,dont-know,-99.11178790000001,19.3406709,2026-03-19T11:51:22.459Z
69bbe33d733b8958239f66c5,5b02378a030982009777f23a,2850d217-45bb-4a84-8175-f159c386f1ae,didnt-feel,correct,-99.4943607,17.5462773,2026-03-19T11:51:25.899Z
69bbe33f8deb527581515742,696c377e9e7c1a83e50bf63b,2850d217-45bb-4a84-8175-f159c386f1ae,didnt-feel,weaker,-99.31923799216747,18.62770499468502,2026-03-19T11:51:27.061Z
69bbe33f21e7d9be65f5ad06,5a90b24afb9a4f648f9777e6,2850d217-45bb-4a84-8175-f159c386f1ae,weak,correct,-99.2383753,19.556249299999998,2026-03-19T11:51:27.203Z
69bbe33f56f80c19cdfe7bed,67c24e28c380c79c9acd0527,2850d217-45bb-4a84-8175-f159c386f1ae,didnt-feel,dont-know,-99.16360510000001,19.4392516,2026-03-19T11:51:27.647Z
69bbe3406e5e345879970de8,5eed32cfcf71ff000a44ff9e,2850d217-45bb-4a84-8175-f159c386f1ae,didnt-feel,correct,-99.2217158,19.5678472,2026-03-19T11:51:28.057Z
69bbe34156f80c19cdfe7bf1,68963ccc421d3798dfb2b1c9,2850d217-45bb-4a84-8175-f159c386f1ae,didnt-feel,correct,-99.13385489999999,19.4046606,2026-03-19T11:51:29.566Z
69bbe34321e7d9be65f5ad0d,59f7bab6befbd485b6bf858c,2850d217-45bb-4a84-8175-f159c386f1ae,didnt-feel,weaker,-99.16083719999999,19.321548600000003,2026-03-19T11:51:31.295Z
69bbe34333881af970622f8a,65ce2548e49c481059974c5b,2850d217-45bb-4a84-8175-f159c386f1ae,weak,weaker,-99.7357104,19.3623364,2026-03-19T11:51:31.448Z
69bbe3449c2fd53e108bd85d,5a10348e81710def82497096,2850d217-45bb-4a84-8175-f159c386f1ae,didnt-feel,correct,-99.1248628,19.2644415,2026-03-19T11:51:32.054Z
69bbe34533f58ed4c61d2768,696d37925c61ad9cd826fd93,2850d217-45bb-4a84-8175-f159c386f1ae,moderate,correct,-99.905304,16.8528153,2026-03-19T11:51:33.063Z
69bbe3459ab22f0ea43c5984,5b7da9c394066c3a17561c53,2850d217-45bb-4a84-8175-f159c386f1ae,didnt-feel,dont-know,-99.2149965,19.2736756,2026-03-19T11:51:33.514Z
69bbe34b33881af970622f96,643f78ed1393b9e0c7239eea,2850d217-45bb-4a84-8175-f159c386f1ae,didnt-feel,dont-know,-99.1732026,19.4557875,2026-03-19T11:51:39.220Z
69bbe35186e0f5f192bcfa4b,5a73de81516763ab118db21c,2850d217-45bb-4a84-8175-f159c386f1ae,didnt-feel,dont-know,-99.13316309999999,19.3288318,2026-03-19T11:51:45.589Z
69bbe3518deb527581515765,59fe094761c0127ef0346824,2850d217-45bb-4a84-8175-f159c386f1ae,didnt-feel,dont-know,-99.53595791539392,20.01710326076504,2026-03-19T11:51:45.719Z
69bbe35296943ca0faacf590,6137e881fe2e71d8d2df77b8,2850d217-45bb-4a84-8175-f159c386f1ae,didnt-feel,dont-know,-99.1233550098119,19.31555711168106,2026-03-19T11:51:46.764Z
69bbe35416f32f3334e56378,5a10348e81710def82497096,2850d217-45bb-4a84-8175-f159c386f1ae,didnt-feel,correct,-99.1248628,19.2644415,2026-03-19T11:51:48.410Z
69bbe355f259fd2471ba5101,59f8682496400cec169414bb,2850d217-45bb-4a84-8175-f159c386f1ae,weak,correct,-99.1465238,19.4290947,2026-03-19T11:51:49.425Z
69bbe3586914ae332b571a40,5a032706a1ce53d1817660da,2850d217-45bb-4a84-8175-f159c386f1ae,didnt-feel,dont-know,-99.1360353,19.3434191,2026-03-19T11:51:52.104Z
69bbe35a16d3535bc255fe48,5a8909b4212109ec276313bb,2850d217-45bb-4a84-8175-f159c386f1ae,didnt-feel,weaker,-99.1684492,19.463314699999998,2026-03-19T11:51:54.835Z
69bbe35b56f80c19cdfe7c15,6959de494993a54e0dd98ac0,2850d217-45bb-4a84-8175-f159c386f1ae,didnt-feel,dont-know,-99.22798639999999,18.928818,2026-03-19T11:51:55.011Z
69bbe361146eacf0bb9cfacd,59fb4426e7cc27a388087541,2850d217-45bb-4a84-8175-f159c386f1ae,didnt-feel,correct,-99.16360510000001,19.4392516,2026-03-19T11:52:01.205Z
69bbe36133f58ed4c61d27c5,5a4c3f05ed1cbd3926942d1c,2850d217-45bb-4a84-8175-f159c386f1ae,didnt-feel,weaker,-99.1288975,19.2810331,2026-03-19T11:52:01.512Z
69bbe36216f32f3334e56387,66ad3e6aa0fbfb6df0464e63,2850d217-45bb-4a84-8175-f159c386f1ae,weak,correct,-100.2347789,19.7714474,2026-03-19T11:52:02.004Z
69bbe3636914ae332b571a57,60d0c09295d886eeccba7c55,2850d217-45bb-4a84-8175-f159c386f1ae,didnt-feel,dont-know,-99.10826469999999,19.444991599999998,2026-03-19T11:52:03.191Z
69bbe3663d8f0a6fe70875e0,59f86aae543d32d8d52699eb,2850d217-45bb-4a84-8175-f159c386f1ae,didnt-feel,correct,-98.15434069999999,19.0537118,2026-03-19T11:52:06.108Z
69bbe366836cd96c699e0387,5ef227d580ee60000a397e30,2850d217-45bb-4a84-8175-f159c386f1ae,didnt-feel,dont-know,-99.098584,19.3615004,2026-03-19T11:52:06.506Z
69bbe36696943ca0faacf5a7,5a7dbd4d516763ab118e0435,2850d217-45bb-4a84-8175-f159c386f1ae,didnt-feel,correct,-105.2326454,20.6019532,2026-03-19T11:52:06.817Z
69bbe36af259fd2471ba5129,625e28a44fe05d47b9f385c4,2850d217-45bb-4a84-8175-f159c386f1ae,didnt-feel,correct,-99.0156554,19.672206,2026-03-19T11:52:10.754Z
69bbe36cbf58a109b517b4b2,5cddf433ef77e3e948094635,2850d217-45bb-4a84-8175-f159c386f1ae,didnt-feel,correct,-99.04467059999999,19.4806013,2026-03-19T11:52:12.129Z
69bbe36c8c829929f3012e46,68f2804681539b3056a5ef59,2850d217-45bb-4a84-8175-f159c386f1ae,didnt-feel,correct,-99.3187612,19.3547558,2026-03-19T11:52:12.528Z
69bbe36f3d8f0a6fe70875eb,67f1de4a4a6a5a05b6b055d9,2850d217-45bb-4a84-8175-f159c386f1ae,didnt-feel,correct,-99.1801152,19.4017844,2026-03-19T11:52:15.457Z
69bbe36f6f3ec378d96f3c13,59f64bb026457201db669706,2850d217-45bb-4a84-8175-f159c386f1ae,didnt-feel,correct,-98.2228949,19.0044191,2026-03-19T11:52:15.686Z
69bbe3736914ae332b571a68,677135022a03c761a383d4ca,2850d217-45bb-4a84-8175-f159c386f1ae,didnt-feel,dont-know,-99.1089562,19.2954306,2026-03-19T11:52:19.713Z
69bbe374b8fdcdb7e1b2303d,59f7672e94b604ee748eab98,2850d217-45bb-4a84-8175-f159c386f1ae,didnt-feel,dont-know,-98.2951581,19.051855400000004,2026-03-19T11:52:20.555Z
69bbe3758e8ac06d49fee62b,6959de494993a54e0dd98ac0,2850d217-45bb-4a84-8175-f159c386f1ae,didnt-feel,dont-know,-99.22798639999999,18.928818,2026-03-19T11:52:21.531Z
69bbe37586e0f5f192bcfa7c,678493fdbae2e55aac240b2a,2850d217-45bb-4a84-8175-f159c386f1ae,didnt-feel,correct,-99.2506887,19.3136589,2026-03-19T11:52:21.592Z
69bbe37696943ca0faacf5b4,698ad3d7db3e0910159bd9a9,2850d217-45bb-4a84-8175-f159c386f1ae,didnt-feel,correct,-99.1400807,19.816267399999997,2026-03-19T11:52:22.433Z
69bbe37686e0f5f192bcfa7f,608ecd9ffcf79c000a2bdac3,2850d217-45bb-4a84-8175-f159c386f1ae,didnt-feel,correct,-99.1251318,19.4316849,2026-03-19T11:52:22.559Z
69bbe3763d8f0a6fe70875f2,5a3b2d237b8b9db590c9fc35,2850d217-45bb-4a84-8175-f159c386f1ae,didnt-feel,correct,-99.1719095,19.3092084,2026-03-19T11:52:22.716Z
69bbe3788c829929f3012e61,59f79e4cc6e26063f86b7889,2850d217-45bb-4a84-8175-f159c386f1ae,didnt-feel,correct,-99.2585359,19.5160706,2026-03-19T11:52:24.661Z
69bbe378f259fd2471ba5137,632c1232bbf15e0722e310ca,2850d217-45bb-4a84-8175-f159c386f1ae,didnt-feel,weaker,-99.18919609999999,19.3303801,2026-03-19T11:52:24.688Z
69bbe37916d3535bc255fe6e,66f5b1e285753240a5daf8bd,2850d217-45bb-4a84-8175-f159c386f1ae,didnt-feel,dont-know,-99.16083719999999,19.4276061,2026-03-19T11:52:25.700Z
69bbe37a21e7d9be65f5ad5f,59f89408879b74cfcf2b7762,2850d217-45bb-4a84-8175-f159c386f1ae,didnt-feel,correct,-98.1406835,19.417295900000003,2026-03-19T11:52:26.980Z
69bbe37e33f58ed4c61d27e5,625ec03e594f05c8b4486ade,2850d217-45bb-4a84-8175-f159c386f1ae,didnt-feel,correct,-101.23785649999999,19.698878,2026-03-19T11:52:30.316Z
69bbe3802db13e4ce6b9673c,67009dd5aead4f06e47d488b,2850d217-45bb-4a84-8175-f159c386f1ae,didnt-feel,dont-know,-98.4664135,18.6006589,2026-03-19T11:52:32.416Z
69bbe3816914ae332b571a75,59fbec417a0315157e8036ce,2850d217-45bb-4a84-8175-f159c386f1ae,didnt-feel,dont-know,-99.1949315,19.3686495,2026-03-19T11:52:33.073Z
69bbe3886f3ec378d96f3c3b,632c80c9d946690cd9c652e9,2850d217-45bb-4a84-8175-f159c386f1ae,didnt-feel,dont-know,-99.1635146,19.4384686,2026-03-19T11:52:40.019Z
69bbe388733b8958239f6746,5c13716173c4abecee11d774,2850d217-45bb-4a84-8175-f159c386f1ae,weak,correct,-99.1874825,18.617918799999998,2026-03-19T11:52:40.527Z
69bbe38916f32f3334e563ca,64fb70872782607695471a11,2850d217-45bb-4a84-8175-f159c386f1ae,didnt-feel,dont-know,-99.2134442,19.5280593,2026-03-19T11:52:41.704Z
69bbe389733b8958239f6748,5aa628ec51338f82925fa43f,2850d217-45bb-4a84-8175-f159c386f1ae,moderate,stronger,-99.19128970000001,19.5262433,2026-03-19T11:52:41.954Z
69bbe38a9c2fd53e108bd8c6,5c1bf5c355d2ac54d3e5b314,2850d217-45bb-4a84-8175-f159c386f1ae,weak,correct,-99.26624111567062,19.432190976223215,2026-03-19T11:52:42.653Z
69bbe38c9ab22f0ea43c59eb,68bf5c7616d34082722fcaa8,2850d217-45bb-4a84-8175-f159c386f1ae,didnt-feel,dont-know,-99.1193297,19.3147961,2026-03-19T11:52:44.144Z
69bbe38c6e5e345879970e4c,684978713b190e284f216fa6,2850d217-45bb-4a84-8175-f159c386f1ae,weak,correct,-98.2445422,18.9553372,2026-03-19T11:52:44.291Z
69bbe38f9ab22f0ea43c59f1,59f85f4f96400cec16940b6d,2850d217-45bb-4a84-8175-f159c386f1ae,didnt-feel,correct,-99.1695461,19.4303992,2026-03-19T11:52:47.940Z
69bbe391b8fdcdb7e1b23074,59fa3a659c735c1b5b28046f,2850d217-45bb-4a84-8175-f159c386f1ae,didnt-feel,dont-know,-98.255933,19.068102,2026-03-19T11:52:49.250Z
69bbe3926914ae332b571a8c,59f89ba2543d32d8d52700a1,2850d217-45bb-4a84-8175-f159c386f1ae,didnt-feel,dont-know,-99.2040356,19.3648064,2026-03-19T11:52:50.284Z
69bbe3962db13e4ce6b9675b,5d198f4e623cee98adbea390,2850d217-45bb-4a84-8175-f159c386f1ae,didnt-feel,dont-know,-101.1922501,19.7014309,2026-03-19T11:52:54.692Z
69bbe39b16f32f3334e563ef,5c13716173c4abecee11d774,2850d217-45bb-4a84-8175-f159c386f1ae,weak,correct,-99.1874825,18.617918799999998,2026-03-19T11:52:59.719Z
69bbe39f56f80c19cdfe7c91,5a8aefe45b7cc0cee07fdc35,2850d217-45bb-4a84-8175-f159c386f1ae,weak,stronger,-99.17744619999999,19.473907699999998,2026-03-19T11:53:03.949Z
69bbe3a16f3ec378d96f3c5f,5e7d0cefc8b6cb000b6aced9,2850d217-45bb-4a84-8175-f159c386f1ae,didnt-feel,correct,-99.0320044,19.5367997,2026-03-19T11:53:05.616Z
69bbe3a28e8ac06d49fee655,59f809c196400cec1693f6ba,2850d217-45bb-4a84-8175-f159c386f1ae,didnt-feel,dont-know,-99.132101,19.434037,2026-03-19T11:53:06.297Z
69bbe3a433881af970623010,678444f1bae2e55aac1f037e,2850d217-45bb-4a84-8175-f159c386f1ae,didnt-feel,correct,-98.2165132,19.3127909,2026-03-19T11:53:08.830Z
69bbe3a96e5e345879970eb0,6787c91e8e384d3e713362a6,2850d217-45bb-4a84-8175-f159c386f1ae,didnt-feel,correct,-98.1652683,19.091576099999997,2026-03-19T11:53:13.029Z
69bbe3ac33881af970623017,659fea75e6d0dd4c6538c5b2,2850d217-45bb-4a84-8175-f159c386f1ae,didnt-feel,correct,-99.132101,19.434037,2026-03-19T11:53:16.327Z
69bbe3b016d3535bc255fec6,5a1150d781710def8249d407,2850d217-45bb-4a84-8175-f159c386f1ae,didnt-feel,dont-know,-98.2213162,19.1039169,2026-03-19T11:53:20.159Z
69bbe3b09c2fd53e108bd90b,5a8931d0516763ab1193cb95,2850d217-45bb-4a84-8175-f159c386f1ae,didnt-feel,correct,-99.2394894,19.5695006,2026-03-19T11:53:20.452Z
69bbe3b08deb527581515837,5e21c27ba7d2d4000b990d59,2850d217-45bb-4a84-8175-f159c386f1ae,weak,correct,-99.1382196,19.3273698,2026-03-19T11:53:20.568Z
69bbe3b0b409d60963ddbd29,65058dabd742f4d9a85fb610,2850d217-45bb-4a84-8175-f159c386f1ae,didnt-feel,dont-know,-98.3115816,19.0865038,2026-03-19T11:53:20.653Z
69bbe3b26914ae332b571ab2,64409878a74e6415a18d26c0,2850d217-45bb-4a84-8175-f159c386f1ae,moderate,correct,-99.8939345,16.8650524,2026-03-19T11:53:22.539Z
69bbe3b433f58ed4c61d2824,5dc9cefedca9488ee4adc2a0,2850d217-45bb-4a84-8175-f159c386f1ae,didnt-feel,correct,-98.84868089999999,18.5948387,2026-03-19T11:53:24.088Z
69bbe3b656f80c19cdfe7cb7,59f742c6178b28f9fbf45f1e,2850d217-45bb-4a84-8175-f159c386f1ae,weak,correct,-99.1781881,19.4566402,2026-03-19T11:53:26.677Z
69bbe3b7eae4277c39003342,675a56a825cca3f8506ca92c,2850d217-45bb-4a84-8175-f159c386f1ae,didnt-feel,dont-know,-102.19750173389912,17.947112493543738,2026-03-19T11:53:27.008Z
69bbe3b89ab22f0ea43c5a22,6148b5f52c2a610bc910670d,2850d217-45bb-4a84-8175-f159c386f1ae,didnt-feel,correct,-99.1193297,19.3147961,2026-03-19T11:53:28.560Z
69bbe3b9b8fdcdb7e1b230ad,6787c91e8e384d3e713362a6,2850d217-45bb-4a84-8175-f159c386f1ae,didnt-feel,correct,-98.1652683,19.091576099999997,2026-03-19T11:53:29.743Z
69bbe3bcb8fdcdb7e1b230b3,59f66b4092c50710c3ecc7b5,2850d217-45bb-4a84-8175-f159c386f1ae,didnt-feel,correct,-98.15434069999999,19.0537118,2026-03-19T11:53:32.893Z
69bbe3bd56f80c19cdfe7cc1,673cea3f7f135d5806e24b93,2850d217-45bb-4a84-8175-f159c386f1ae,didnt-feel,correct,-99.1490745,19.5232329,2026-03-19T11:53:33.410Z
69bbe3c16914ae332b571ad3,60569e08872629000a0479d4,2850d217-45bb-4a84-8175-f159c386f1ae,didnt-feel,correct,-99.113889,19.416667,2026-03-19T11:53:37.425Z
69bbe3c16914ae332b571ad5,6885a7ae5ca6affb649928b0,2850d217-45bb-4a84-8175-f159c386f1ae,didnt-feel,dont-know,-99.16914129999999,19.4301322,2026-03-19T11:53:37.803Z
69bbe3c93ae94e8973849ec3,60299c67bf5446000b21aa3f,2850d217-45bb-4a84-8175-f159c386f1ae,didnt-feel,dont-know,-99.2106745,19.478109999999997,2026-03-19T11:53:45.935Z
69bbe3c96914ae332b571adc,680ed7d2e5327c84ef9bc571,2850d217-45bb-4a84-8175-f159c386f1ae,didnt-feel,correct,-99.1594532,19.4468279,2026-03-19T11:53:45.953Z
69bbe3cea8de4d2d75f97596,67789a9fd2a47b918ee77a6f,2850d217-45bb-4a84-8175-f159c386f1ae,didnt-feel,dont-know,-99.13210100000002,19.43403700218258,2026-03-19T11:53:50.269Z
69bbe3ce836cd96c699e03fc,5a0674c8e6a2a0e0b661def0,2850d217-45bb-4a84-8175-f159c386f1ae,didnt-feel,correct,-98.2349701,19.143041999999998,2026-03-19T11:53:50.277Z
69bbe3ce33881af970623067,59fb4380728a60c73457193f,2850d217-45bb-4a84-8175-f159c386f1ae,didnt-feel,dont-know,-99.5186827,17.564869599999998,2026-03-19T11:53:50.449Z
69bbe3ce3d8f0a6fe70876cf,5a87941f516763ab11902cc6,2850d217-45bb-4a84-8175-f159c386f1ae,didnt-feel,correct,-99.207905,19.357464399999998,2026-03-19T11:53:50.711Z
69bbe3cf96943ca0faacf647,5b7ddc061ec6738123b8240c,2850d217-45bb-4a84-8175-f159c386f1ae,didnt-feel,correct,-99.1595519,19.2738023,2026-03-19T11:53:51.131Z
69bbe3d2eae4277c3900336b,5a33cba6011ccf0f16178a16,2850d217-45bb-4a84-8175-f159c386f1ae,didnt-feel,dont-know,-99.2162139,18.9360255,2026-03-19T11:53:54.034Z
69bbe3d59c2fd53e108bd946,65910ec5e49c4849927a215f,2850d217-45bb-4a84-8175-f159c386f1ae,didnt-feel,correct,-99.06125540000001,19.317696599999998,2026-03-19T11:53:57.034Z
69bbe3d6836cd96c699e0419,651ad52f580bd963069e5e47,2850d217-45bb-4a84-8175-f159c386f1ae,didnt-feel,correct,-99.18852079999999,19.5705882,2026-03-19T11:53:58.531Z
69bbe3d68deb527581515895,5a87926f212109ec275f9c7b,2850d217-45bb-4a84-8175-f159c386f1ae,didnt-feel,dont-know,-99.2162139,19.2863543,2026-03-19T11:53:58.714Z
69bbe3d83d8f0a6fe70876d9,65910ec5e49c4849927a215f,2850d217-45bb-4a84-8175-f159c386f1ae,didnt-feel,correct,-99.06125540000001,19.317696599999998,2026-03-19T11:54:00.671Z
69bbe3dd733b8958239f67d7,5c0e5effd3fda28079bbd8de,2850d217-45bb-4a84-8175-f159c386f1ae,didnt-feel,correct,-99.04259770000002,19.391553899999998,2026-03-19T11:54:05.191Z
69bbe3de16d3535bc255fef8,63f834704cbfd632353049ca,2850d217-45bb-4a84-8175-f159c386f1ae,didnt-feel,correct,-99.6300802,19.2643609,2026-03-19T11:54:06.284Z
69bbe3e08deb52758151589d,6948246d20ec4b78afcc2b03,2850d217-45bb-4a84-8175-f159c386f1ae,didnt-feel,dont-know,-99.132101,19.434037,2026-03-19T11:54:08.466Z
69bbe3e36e5e345879970f25,6441cd3d60632828adfcc1c2,2850d217-45bb-4a84-8175-f159c386f1ae,didnt-feel,correct,-99.1635146,19.4384686,2026-03-19T11:54:11.080Z
69bbe3e7b8fdcdb7e1b230e9,63dfb701e19b4d9891b517a6,2850d217-45bb-4a84-8175-f159c386f1ae,didnt-feel,correct,-99.1743607,19.555889,2026-03-19T11:54:15.319Z
69bbe3e796943ca0faacf65d,6948246d20ec4b78afcc2b03,2850d217-45bb-4a84-8175-f159c386f1ae,didnt-feel,dont-know,-99.132101,19.434037,2026-03-19T11:54:15.460Z
69bbe3e716f32f3334e56452,5fd051997d86e0000a7f78d6,2850d217-45bb-4a84-8175-f159c386f1ae,didnt-feel,dont-know,-99.46896099010192,19.387508125559986,2026-03-19T11:54:15.591Z
69bbe3e8b409d60963ddbd75,59f699ac26457201db66deb8,2850d217-45bb-4a84-8175-f159c386f1ae,didnt-feel,correct,-99.25500029999999,18.9664578,2026-03-19T11:54:16.523Z
69bbe3eb2db13e4ce6b967ed,5a0fbd26b202584a119d57dc,2850d217-45bb-4a84-8175-f159c386f1ae,didnt-feel,dont-know,-98.89763239999999,19.316190799999998,2026-03-19T11:54:19.410Z
69bbe3ec2db13e4ce6b967ef,632cd0149cf5ef80d52a51cb,2850d217-45bb-4a84-8175-f159c386f1ae,didnt-feel,correct,-99.1503565,19.349305899999997,2026-03-19T11:54:20.912Z
69bbe3ed8deb5275815158a6,68cae2c992b224ec89bb91e0,2850d217-45bb-4a84-8175-f159c386f1ae,didnt-feel,correct,-98.9107363,19.6150834,2026-03-19T11:54:21.569Z
69bbe3f3a8de4d2d75f975d8,69a623416cb1d325e80ed161,2850d217-45bb-4a84-8175-f159c386f1ae,weak,correct,-99.82086319999999,16.8970065,2026-03-19T11:54:27.690Z
69bbe3fe33881af9706230ba,62b2057660376028ad3493ea,2850d217-45bb-4a84-8175-f159c386f1ae,didnt-feel,correct,-98.98848189041018,19.329874394932695,2026-03-19T11:54:38.794Z
69bbe401836cd96c699e045b,65a93a1ee4b2faa5fdb9e43c,2850d217-45bb-4a84-8175-f159c386f1ae,didnt-feel,dont-know,-98.19669429999999,19.0444606,2026-03-19T11:54:41.679Z
69bbe40121e7d9be65f5ae80,59fb46d80023597fa78e7c64,2850d217-45bb-4a84-8175-f159c386f1ae,didnt-feel,dont-know,-99.10619009999999,19.4281521,2026-03-19T11:54:41.680Z
69bbe4026e5e345879970f5b,5a877868212109ec275e9026,2850d217-45bb-4a84-8175-f159c386f1ae,didnt-feel,dont-know,-100.1580649,18.9116277,2026-03-19T11:54:42.150Z
69bbe4028deb5275815158f4,5a97ef883c16074659acbb00,2850d217-45bb-4a84-8175-f159c386f1ae,didnt-feel,correct,-99.1051529,19.4521469,2026-03-19T11:54:42.902Z
69bbe4073d8f0a6fe7087784,59fbc57398148cf85e2cce88,2850d217-45bb-4a84-8175-f159c386f1ae,didnt-feel,dont-know,-99.1172161,19.6407353,2026-03-19T11:54:47.218Z
69bbe4079ab22f0ea43c5a92,6959f6f045372e3ef4624a11,2850d217-45bb-4a84-8175-f159c386f1ae,weak,correct,-99.10902306199071,19.41201830732372,2026-03-19T11:54:47.625Z
69bbe407f259fd2471ba5220,670281b3aead4f06e4835826,2850d217-45bb-4a84-8175-f159c386f1ae,didnt-feel,dont-know,-99.19817886447134,19.350423941557594,2026-03-19T11:54:47.906Z
69bbe40a6914ae332b571b5a,6327d9f9f971053c36860d78,2850d217-45bb-4a84-8175-f159c386f1ae,didnt-feel,dont-know,-98.9740552,19.4422034,2026-03-19T11:54:50.156Z
69bbe40a146eacf0bb9cfbce,59f699ac26457201db66deb8,2850d217-45bb-4a84-8175-f159c386f1ae,didnt-feel,correct,-99.25500029999999,18.9664578,2026-03-19T11:54:50.289Z
69bbe40b3d8f0a6fe708778b,6019c105d442f9000ade6a0d,2850d217-45bb-4a84-8175-f159c386f1ae,didnt-feel,dont-know,-99.01595309999999,19.6687154,2026-03-19T11:54:51.321Z
69bbe40d21e7d9be65f5aea2,691380f072e54cc7e565b54c,2850d217-45bb-4a84-8175-f159c386f1ae,weak,correct,-99.7976832,16.8268417,2026-03-19T11:54:53.097Z
69bbe40f8deb527581515901,688e530b7043e234da3f6952,2850d217-45bb-4a84-8175-f159c386f1ae,didnt-feel,correct,-98.3170569,19.1039514,2026-03-19T11:54:55.971Z
69bbe410836cd96c699e047e,61e5b66cc60947333cce8b21,2850d217-45bb-4a84-8175-f159c386f1ae,weak,correct,-98.2418072,19.0409762,2026-03-19T11:54:56.084Z
69bbe4108e8ac06d49fee723,6425bca1a87593703fb77ff2,2850d217-45bb-4a84-8175-f159c386f1ae,weak,correct,-99.290272,19.3926103,2026-03-19T11:54:56.848Z
69bbe4112db13e4ce6b9681b,5b5228e15bdd8b45eb1fe72d,2850d217-45bb-4a84-8175-f159c386f1ae,didnt-feel,dont-know,-99.2893502,19.358978,2026-03-19T11:54:57.529Z
69bbe4178c829929f3013023,59f87e46543d32d8d526d4f1,2850d217-45bb-4a84-8175-f159c386f1ae,didnt-feel,weaker,-99.266964,19.421295,2026-03-19T11:55:03.799Z
69bbe418f259fd2471ba523e,5f1f4a17468f25000a48b2bf,2850d217-45bb-4a84-8175-f159c386f1ae,didnt-feel,dont-know,-99.0763556,19.3723942,2026-03-19T11:55:04.030Z
69bbe419a8de4d2d75f97616,5ef23173dcfd2d000a6faa7e,2850d217-45bb-4a84-8175-f159c386f1ae,didnt-feel,correct,-99.12006859566115,19.640482426174746,2026-03-19T11:55:05.181Z
69bbe41a3ae94e8973849f28,678d8fedae1a98dceaa05419,2850d217-45bb-4a84-8175-f159c386f1ae,weak,correct,-99.0282634,19.3920266,2026-03-19T11:55:06.226Z
69bbe41a86e0f5f192bcfb84,5dcca362dbf2d034f3336d14,2850d217-45bb-4a84-8175-f159c386f1ae,weak,correct,-99.4915815,17.552266799999998,2026-03-19T11:55:06.546Z
69bbe42016f32f3334e564a3,5a45ab8c7b8b9db590cbcbe4,2850d217-45bb-4a84-8175-f159c386f1ae,didnt-feel,dont-know,-99.16802390000001,19.3813647,2026-03-19T11:55:12.698Z
69bbe421b409d60963ddbdcb,68bf5fc6cc2d3786313f81d1,2850d217-45bb-4a84-8175-f159c386f1ae,didnt-feel,dont-know,-98.84333939999999,19.2468096,2026-03-19T11:55:13.304Z
69bbe4243ae94e8973849f68,68ecbdd6049a89914d08cf35,2850d217-45bb-4a84-8175-f159c386f1ae,didnt-feel,dont-know,-99.03914309999999,19.324689100000004,2026-03-19T11:55:16.753Z
69bbe4256914ae332b571b7a,5f729a781d58be000a1aabfb,2850d217-45bb-4a84-8175-f159c386f1ae,didnt-feel,dont-know,-99.1373136,19.4302678,2026-03-19T11:55:17.033Z
69bbe42556f80c19cdfe7d4c,62ae969c1c39b6ab5fe99a36,2850d217-45bb-4a84-8175-f159c386f1ae,didnt-feel,dont-know,-99.2401069,19.451197200000003,2026-03-19T11:55:17.735Z
69bbe426f259fd2471ba5248,59f6638a178b28f9fbf370e9,2850d217-45bb-4a84-8175-f159c386f1ae,didnt-feel,correct,-101.5539362,17.652157,2026-03-19T11:55:18.381Z
69bbe42621e7d9be65f5aec0,667afa625e972978163e7fbd,2850d217-45bb-4a84-8175-f159c386f1ae,didnt-feel,correct,-102.21367,18.017047299999998,2026-03-19T11:55:18.603Z
69bbe42796943ca0faacf6b3,642b9d29eadc5ee1033cde6a,2850d217-45bb-4a84-8175-f159c386f1ae,didnt-feel,dont-know,-98.22061430000001,19.0692037,2026-03-19T11:55:19.118Z
69bbe42a836cd96c699e04b1,59f7705a05e024e0e343e26d,2850d217-45bb-4a84-8175-f159c386f1ae,didnt-feel,dont-know,-99.5937781,19.269808299999998,2026-03-19T11:55:22.209Z
69bbe42b96943ca0faacf6b6,5bb434abb442ddc0ca9b2985,2850d217-45bb-4a84-8175-f159c386f1ae,didnt-feel,correct,-99.1531822,19.3475979,2026-03-19T11:55:23.495Z
69bbe42f33881af97062310b,699bd2ecfad3caffbff05318,2850d217-45bb-4a84-8175-f159c386f1ae,didnt-feel,dont-know,-99.18505979999999,19.3785056,2026-03-19T11:55:27.198Z
69bbe42f33f58ed4c61d28c5,643f75c3530902c796f33fc1,2850d217-45bb-4a84-8175-f159c386f1ae,didnt-feel,correct,-99.1209971,19.2580456,2026-03-19T11:55:27.241Z
69bbe42f96943ca0faacf6be,632c9b26bd15f41f500c6223,2850d217-45bb-4a84-8175-f159c386f1ae,didnt-feel,correct,-99.1668002,19.3838043,2026-03-19T11:55:27.899Z
69bbe430836cd96c699e04bd,6958a17cfa1f7d3b62d12d9e,2850d217-45bb-4a84-8175-f159c386f1ae,didnt-feel,correct,-99.1840215,19.26994,2026-03-19T11:55:28.250Z
69bbe430b8fdcdb7e1b2317e,6829db814670432bfd41df49,2850d217-45bb-4a84-8175-f159c386f1ae,didnt-feel,dont-know,-98.212734,19.0673175,2026-03-19T11:55:28.627Z
69bbe43016f32f3334e564b9,5a8dbc46b2e563ec2b5a8a7b,2850d217-45bb-4a84-8175-f159c386f1ae,didnt-feel,dont-know,-99.1271858,19.3439116,2026-03-19T11:55:28.833Z
69bbe439f259fd2471ba525c,65a6aad8e49c48830fd91fd1,2850d217-45bb-4a84-8175-f159c386f1ae,didnt-feel,correct,-99.1954432,18.6590633,2026-03-19T11:55:37.176Z
69bbe43a6e5e345879970fb8,66f58c9f8798364ccde0a292,2850d217-45bb-4a84-8175-f159c386f1ae,didnt-feel,correct,-99.132101,19.434037,2026-03-19T11:55:38.969Z
69bbe43b96943ca0faacf6cd,63e47a05cbf88e5773836c5f,2850d217-45bb-4a84-8175-f159c386f1ae,didnt-feel,dont-know,-99.1362552,19.2746148,2026-03-19T11:55:39.661Z
69bbe4413d8f0a6fe70877e3,68102b12ac3fe6090c554f82,2850d217-45bb-4a84-8175-f159c386f1ae,didnt-feel,dont-know,-99.1342007,19.3645003,2026-03-19T11:55:45.454Z
69bbe443b8fdcdb7e1b231c8,642b88db1e33164eac8701b7,2850d217-45bb-4a84-8175-f159c386f1ae,didnt-feel,dont-know,-98.2558968,19.0795927,2026-03-19T11:55:47.718Z
69bbe444f259fd2471ba526c,69a13255c6c66ce7bc4ee2a1,2850d217-45bb-4a84-8175-f159c386f1ae,didnt-feel,dont-know,-99.1698333,19.448512,2026-03-19T11:55:48.540Z
69bbe445b8fdcdb7e1b231cc,59f867d77c71e00aeddc9336,2850d217-45bb-4a84-8175-f159c386f1ae,didnt-feel,dont-know,-99.0392798,19.4919749,2026-03-19T11:55:49.510Z
69bbe44686e0f5f192bcfbb8,5a79e18b516763ab118dd8f9,2850d217-45bb-4a84-8175-f159c386f1ae,didnt-feel,correct,-99.1131054,19.4602187,2026-03-19T11:55:50.125Z
69bbe4488c829929f301307b,59fbc17a7a0315157e801fbc,2850d217-45bb-4a84-8175-f159c386f1ae,didnt-feel,correct,-99.10619009999999,19.4281521,2026-03-19T11:55:52.619Z
69bbe44a8deb527581515964,5a79e18b516763ab118dd8f9,2850d217-45bb-4a84-8175-f159c386f1ae,didnt-feel,correct,-99.1131054,19.4602187,2026-03-19T11:55:54.264Z
69bbe44d33881af970623136,59f66de426457201db66b11e,2850d217-45bb-4a84-8175-f159c386f1ae,didnt-feel,dont-know,-99.193596,19.3728996,2026-03-19T11:55:57.534Z
69bbe45b56f80c19cdfe7ddb,642b8e926345a1e49cf04981,2850d217-45bb-4a84-8175-f159c386f1ae,didnt-feel,dont-know,-99.0245767,19.3490976,2026-03-19T11:56:11.403Z
69bbe45c6f3ec378d96f3d6d,68bf6310b6700629a6914b9b,2850d217-45bb-4a84-8175-f159c386f1ae,didnt-feel,dont-know,-99.2938053,19.379596,2026-03-19T11:56:12.337Z
69bbe45c9c2fd53e108bda07,67d4f4ef9187c930f185a974,2850d217-45bb-4a84-8175-f159c386f1ae,weak,correct,-99.1303962,19.493972199999998,2026-03-19T11:56:12.833Z
69bbe45f8c829929f301309f,5ef23d9bd6c7ac000ab4e30c,2850d217-45bb-4a84-8175-f159c386f1ae,didnt-feel,dont-know,-99.19405859999999,19.4052999,2026-03-19T11:56:15.555Z
69bbe4629ab22f0ea43c5b08,613961b18dee7e2bb076465e,2850d217-45bb-4a84-8175-f159c386f1ae,didnt-feel,dont-know,-98.21856369999999,18.9668123,2026-03-19T11:56:18.982Z
69bbe4656914ae332b571bd1,6931138745c95311640fbb8e,2850d217-45bb-4a84-8175-f159c386f1ae,didnt-feel,dont-know,-99.21413659999999,19.447734399999998,2026-03-19T11:56:21.502Z
69bbe4692db13e4ce6b968a0,66a4d1c9fda8c6b5948e6b97,2850d217-45bb-4a84-8175-f159c386f1ae,didnt-feel,correct,-99.07404199999999,19.5119178,2026-03-19T11:56:25.353Z
69bbe46e3d8f0a6fe7087815,5c473875d50083cadd532f89,2850d217-45bb-4a84-8175-f159c386f1ae,didnt-feel,dont-know,-99.078536,19.3584729,2026-03-19T11:56:30.387Z
69bbe46f733b8958239f68be,67d727ef93140e6e6d62df5d,2850d217-45bb-4a84-8175-f159c386f1ae,didnt-feel,correct,-99.132101,19.434037,2026-03-19T11:56:31.881Z
69bbe47233881af970623179,5a245ef97a124b6c66f2ac1a,2850d217-45bb-4a84-8175-f159c386f1ae,didnt-feel,dont-know,-99.16717316964564,19.425155639648438,2026-03-19T11:56:34.936Z
69bbe47316f32f3334e56522,59f87365543d32d8d526b908,2850d217-45bb-4a84-8175-f159c386f1ae,didnt-feel,correct,-98.1988578,19.0275587,2026-03-19T11:56:35.572Z
69bbe47596943ca0faacf71c,59f68d6192c50710c3ece954,2850d217-45bb-4a84-8175-f159c386f1ae,didnt-feel,correct,-99.1701793,19.6315757,2026-03-19T11:56:37.301Z
69bbe47616f32f3334e56525,632c94b5fe5d826be50e80df,2850d217-45bb-4a84-8175-f159c386f1ae,didnt-feel,correct,-101.1597229,19.654604,2026-03-19T11:56:38.072Z
69bbe4762db13e4ce6b968ae,632cc24c6ff98daf798e4d2d,2850d217-45bb-4a84-8175-f159c386f1ae,didnt-feel,dont-know,-99.1817672,19.478935,2026-03-19T11:56:38.288Z
69bbe47b86e0f5f192bcfbfa,5a0115641145d83efcb82bec,2850d217-45bb-4a84-8175-f159c386f1ae,didnt-feel,correct,-98.2069448,18.987233,2026-03-19T11:56:43.828Z
69bbe47e3ae94e8973849ffd,6904f5f122aa219bbb81848b,2850d217-45bb-4a84-8175-f159c386f1ae,didnt-feel,dont-know,-99.12797529999999,19.3456635,2026-03-19T11:56:46.006Z
69bbe48033881af9706231b9,5a1a19c17a124b6c66f24255,2850d217-45bb-4a84-8175-f159c386f1ae,didnt-feel,correct,-99.27093579999999,19.412430099999998,2026-03-19T11:56:48.770Z
69bbe48233f58ed4c61d2a09,697eaffeb9fab8211f6baf2d,2850d217-45bb-4a84-8175-f159c386f1ae,didnt-feel,correct,-99.2016738,19.3658809,2026-03-19T11:56:50.130Z
69bbe482836cd96c699e0553,5a0115641145d83efcb82bec,2850d217-45bb-4a84-8175-f159c386f1ae,didnt-feel,correct,-98.2069448,18.987233,2026-03-19T11:56:50.605Z
69bbe4846f3ec378d96f3dc7,6904f5f122aa219bbb81848b,2850d217-45bb-4a84-8175-f159c386f1ae,didnt-feel,dont-know,-99.12797529999999,19.3456635,2026-03-19T11:56:52.359Z
69bbe48556f80c19cdfe7e1a,5a027c2a1145d83efcb851a1,2850d217-45bb-4a84-8175-f159c386f1ae,didnt-feel,dont-know,-99.1131054,19.4528516,2026-03-19T11:56:53.641Z
69bbe48b836cd96c699e055c,66a51b36c159b8d948b88dea,2850d217-45bb-4a84-8175-f159c386f1ae,didnt-feel,correct,-99.0197998,19.3875316,2026-03-19T11:56:59.484Z
69bbe48da8de4d2d75f976b3,5e344303f0eab3001f21ed2a,2850d217-45bb-4a84-8175-f159c386f1ae,didnt-feel,dont-know,-99.5971448533237,18.96202189183199,2026-03-19T11:57:01.032Z
69bbe48e6914ae332b571c10,59f92e52543d32d8d5275e41,2850d217-45bb-4a84-8175-f159c386f1ae,didnt-feel,dont-know,-99.1892266,19.3818499,2026-03-19T11:57:02.688Z
69bbe4919ab22f0ea43c5b4c,674d3f95a35c0cab66b6d5b0,2850d217-45bb-4a84-8175-f159c386f1ae,weak,correct,-99.1705253,19.2871869,2026-03-19T11:57:05.289Z
69bbe49133f58ed4c61d2a21,6681b145435e2a93f2fa4266,2850d217-45bb-4a84-8175-f159c386f1ae,didnt-feel,correct,-99.07075395807624,18.983009223303284,2026-03-19T11:57:05.841Z
69bbe49296943ca0faacf749,5a027c2a1145d83efcb851a1,2850d217-45bb-4a84-8175-f159c386f1ae,didnt-feel,dont-know,-99.1131054,19.4528516,2026-03-19T11:57:06.710Z
69bbe49516d3535bc2560008,66bf6001eea3ed685a33ad69,2850d217-45bb-4a84-8175-f159c386f1ae,didnt-feel,correct,-99.11788280131213,19.300811767578125,2026-03-19T11:57:09.529Z
69bbe49c33881af9706231dd,67d9578e71bde2778965c91c,2850d217-45bb-4a84-8175-f159c386f1ae,didnt-feel,dont-know,-99.14769079999999,19.393651,2026-03-19T11:57:16.321Z
69bbe49d96943ca0faacf768,5a9b0d06e28cd64e8bcdbfba,2850d217-45bb-4a84-8175-f159c386f1ae,didnt-feel,correct,-99.1359301,19.3434226,2026-03-19T11:57:17.716Z
69bbe49f9c2fd53e108bda7e,59f7fe667c71e00aeddc6da0,2850d217-45bb-4a84-8175-f159c386f1ae,didnt-feel,correct,-99.1483827,19.3648912,2026-03-19T11:57:19.109Z
69bbe49f2db13e4ce6b968f2,6959a6c4240ab10c9fac4d43,2850d217-45bb-4a84-8175-f159c386f1ae,didnt-feel,weaker,-99.1594532,19.4468279,2026-03-19T11:57:19.801Z
69bbe4a0a8de4d2d75f976d9,68cd9cdd51dc854fc6ad30a7,2850d217-45bb-4a84-8175-f159c386f1ae,didnt-feel,dont-know,-98.14751179999999,19.388944499999997,2026-03-19T11:57:20.364Z
69bbe4a086e0f5f192bcfc38,5a8778b64b23ae79f14a22ea,2850d217-45bb-4a84-8175-f159c386f1ae,moderate,correct,-99.776234,16.8291242,2026-03-19T11:57:20.696Z
69bbe4a1146eacf0bb9cfd62,66a6cc8590177542b6d0479f,2850d217-45bb-4a84-8175-f159c386f1ae,didnt-feel,dont-know,-99.20557184144855,19.285785706551785,2026-03-19T11:57:21.791Z
69bbe4a23d8f0a6fe7087871,5a0f9d75b202584a119d5493,2850d217-45bb-4a84-8175-f159c386f1ae,didnt-feel,dont-know,-100.02036726102233,19.24996494671569,2026-03-19T11:57:22.247Z
69bbe4a28e8ac06d49fee883,5b837bd001060754703d371c,2850d217-45bb-4a84-8175-f159c386f1ae,didnt-feel,dont-know,-99.14769079999999,19.393651,2026-03-19T11:57:22.672Z
69bbe4a4b409d60963ddbee3,69912d1fdb948d5411801979,2850d217-45bb-4a84-8175-f159c386f1ae,didnt-feel,correct,-99.0750788,19.4967605,2026-03-19T11:57:24.206Z
69bbe4a816d3535bc256001f,5a1733037a124b6c66f20583,2850d217-45bb-4a84-8175-f159c386f1ae,didnt-feel,dont-know,-99.19475090000002,19.3868525,2026-03-19T11:57:28.691Z
69bbe4a996943ca0faacf789,5bb585cde4199db95646990f,2850d217-45bb-4a84-8175-f159c386f1ae,didnt-feel,dont-know,-99.24807279999999,18.682937,2026-03-19T11:57:29.211Z
69bbe4b13ae94e897384a03e,5b837bd001060754703d371c,2850d217-45bb-4a84-8175-f159c386f1ae,didnt-feel,dont-know,-99.14769079999999,19.393651,2026-03-19T11:57:37.610Z
69bbe4b333881af970623212,63fdeda1b9a3c29a7c6ed668,2850d217-45bb-4a84-8175-f159c386f1ae,didnt-feel,correct,-99.5304987,19.263564499999998,2026-03-19T11:57:39.322Z
69bbe4b48e8ac06d49fee8a1,632e0535c831415dcae42dca,2850d217-45bb-4a84-8175-f159c386f1ae,didnt-feel,dont-know,-102.2058807,19.8886895,2026-03-19T11:57:40.885Z
69bbe4b7b409d60963ddbf03,5a88786c4b23ae79f14d0fa9,2850d217-45bb-4a84-8175-f159c386f1ae,didnt-feel,correct,-99.1516235,19.3282174,2026-03-19T11:57:43.222Z
69bbe4b79ab22f0ea43c5b89,68d62432856dbde5e84c33ae,2850d217-45bb-4a84-8175-f159c386f1ae,didnt-feel,dont-know,-98.8914056,19.4099699,2026-03-19T11:57:43.716Z
69bbe4b76e5e34587997107c,605a9955aac2e4000a184033,2850d217-45bb-4a84-8175-f159c386f1ae,weak,correct,-99.02497729999999,19.6109847,2026-03-19T11:57:43.912Z
69bbe4ba8c829929f3013168,5b1c805991a11ec4cb806ec0,2850d217-45bb-4a84-8175-f159c386f1ae,didnt-feel,dont-know,-99.2530407,19.3576169,2026-03-19T11:57:46.837Z
69bbe4bc836cd96c699e05e9,6989284ddc7c06288df40802,2850d217-45bb-4a84-8175-f159c386f1ae,didnt-feel,correct,-99.13282186896487,19.432918056740853,2026-03-19T11:57:48.479Z
69bbe4bdeae4277c39003541,5a0dfa28b202584a119d352d,2850d217-45bb-4a84-8175-f159c386f1ae,didnt-feel,correct,-99.1594532,19.417363899999998,2026-03-19T11:57:49.652Z
69bbe4bf3ae94e897384a053,5ef8d620e7731f000a843406,2850d217-45bb-4a84-8175-f159c386f1ae,weak,correct,-99.1373136,19.271182,2026-03-19T11:57:51.231Z
69bbe4bf3d8f0a6fe70878a3,6935e68bcec4454ec3bb09a4,2850d217-45bb-4a84-8175-f159c386f1ae,didnt-feel,correct,-98.1920938,19.3171839,2026-03-19T11:57:51.289Z
69bbe4bf8c829929f301316d,5b54f46d39b0a797fc130cf2,2850d217-45bb-4a84-8175-f159c386f1ae,didnt-feel,dont-know,-99.13316309999999,19.4673105,2026-03-19T11:57:51.765Z
69bbe4c086e0f5f192bcfc8b,5a127f3781710def824a25bf,2850d217-45bb-4a84-8175-f159c386f1ae,didnt-feel,weaker,-98.42801809999999,18.911711399999998,2026-03-19T11:57:52.889Z
69bbe4c38e8ac06d49fee8b3,66aa61e24d122badf8531ad3,2850d217-45bb-4a84-8175-f159c386f1ae,didnt-feel,correct,-99.0936441,19.318196,2026-03-19T11:57:55.044Z
69bbe4cb21e7d9be65f5b062,5ba284ee3637d85639feced8,2850d217-45bb-4a84-8175-f159c386f1ae,didnt-feel,dont-know,-99.132101,19.434037,2026-03-19T11:58:03.511Z
69bbe4cc3ae94e897384a0d5,60556babc05375000a82498e,2850d217-45bb-4a84-8175-f159c386f1ae,didnt-feel,correct,-99.13316309999999,19.4673105,2026-03-19T11:58:04.519Z
69bbe4cdbf58a109b517b6d8,5ab13c6da0dfa1488f70b81d,2850d217-45bb-4a84-8175-f159c386f1ae,didnt-feel,dont-know,-99.16360510000001,18.8827246,2026-03-19T11:58:05.956Z
69bbe4d3733b8958239f6962,62f60d617a80a2e848e854d5,2850d217-45bb-4a84-8175-f159c386f1ae,didnt-feel,correct,-99.1373136,19.4302678,2026-03-19T11:58:11.765Z
69bbe4d76914ae332b571cae,69bb14283ae94e89738146af,2850d217-45bb-4a84-8175-f159c386f1ae,didnt-feel,weaker,-98.9673205,19.5905913,2026-03-19T11:58:15.618Z
69bbe4db3ae94e897384a0e4,641e2e2f2cfcc7b4992c7028,2850d217-45bb-4a84-8175-f159c386f1ae,didnt-feel,correct,-99.1309559673324,19.387426828672623,2026-03-19T11:58:19.835Z
69bbe4dd56f80c19cdfe7e9c,63a67cb60975238a056678e8,2850d217-45bb-4a84-8175-f159c386f1ae,didnt-feel,dont-know,-98.2196612,19.0818986,2026-03-19T11:58:21.149Z
69bbe4dd146eacf0bb9cfe42,62225baf8b4a95aea57ca777,2850d217-45bb-4a84-8175-f159c386f1ae,didnt-feel,dont-know,-99.2272939,19.4654772,2026-03-19T11:58:21.589Z
69bbe4e016d3535bc256005e,632c12a13fbd6e15223000b4,2850d217-45bb-4a84-8175-f159c386f1ae,didnt-feel,correct,-99.1310486,19.4318565,2026-03-19T11:58:24.004Z
69bbe4e18deb527581515a5e,5b8d6bdecf10511089f11970,2850d217-45bb-4a84-8175-f159c386f1ae,didnt-feel,dont-know,-99.10273269999999,19.315626899999998,2026-03-19T11:58:25.259Z
69bbe4e23d8f0a6fe70878e2,5a0115641145d83efcb82bec,2850d217-45bb-4a84-8175-f159c386f1ae,didnt-feel,correct,-98.2069448,18.987233,2026-03-19T11:58:26.106Z
69bbe4e3eae4277c39003577,6957e74269d4446392c91e56,2850d217-45bb-4a84-8175-f159c386f1ae,didnt-feel,dont-know,-98.44392338767648,18.90749670826866,2026-03-19T11:58:27.988Z
69bbe4e63d8f0a6fe70878e9,6957fc18aef16d54ed334cff,2850d217-45bb-4a84-8175-f159c386f1ae,didnt-feel,correct,-99.2162139,19.2863543,2026-03-19T11:58:30.645Z
69bbe4f0eae4277c39003582,6052117665f7b3000b253f66,2850d217-45bb-4a84-8175-f159c386f1ae,didnt-feel,dont-know,-99.1602107,19.5209317,2026-03-19T11:58:40.573Z
69bbe4f0a8de4d2d75f97779,5efec1c836d74c000b8eeb60,2850d217-45bb-4a84-8175-f159c386f1ae,didnt-feel,dont-know,-99.1518224,19.3989022,2026-03-19T11:58:40.766Z
69bbe4f916f32f3334e565df,5a98bba92bfb75cbff0a6779,2850d217-45bb-4a84-8175-f159c386f1ae,didnt-feel,dont-know,-99.2067525,19.4018241,2026-03-19T11:58:49.090Z
69bbe4fc86e0f5f192bcfccc,6338e5e507670864e43d327b,2850d217-45bb-4a84-8175-f159c386f1ae,didnt-feel,correct,-99.1193297,19.2823921,2026-03-19T11:58:52.165Z
69bbe5008c829929f30131c0,59f74a6c05e024e0e34394c7,2850d217-45bb-4a84-8175-f159c386f1ae,didnt-feel,dont-know,-99.2548571,18.9783183,2026-03-19T11:58:56.210Z
69bbe5019ab22f0ea43c5c01,66f0d3add6c6556131028f89,2850d217-45bb-4a84-8175-f159c386f1ae,didnt-feel,correct,-99.207905,19.655065399999998,2026-03-19T11:58:57.042Z
69bbe5026f3ec378d96f3e92,642b8bbcddc4f41c24a3f6bb,2850d217-45bb-4a84-8175-f159c386f1ae,didnt-feel,correct,-99.08613919999999,19.4431568,2026-03-19T11:58:58.050Z
69bbe50216d3535bc2560083,59f870e596400cec169443fd,2850d217-45bb-4a84-8175-f159c386f1ae,didnt-feel,correct,-99.1301871,19.2920517,2026-03-19T11:58:58.204Z
69bbe503eae4277c3900359e,632dfc8c2fd7bf8fb9e0eaa6,2850d217-45bb-4a84-8175-f159c386f1ae,didnt-feel,correct,-99.1240572,19.2905743,2026-03-19T11:58:59.135Z
69bbe505b409d60963ddbf64,5a3905b5011ccf0f1617c07f,2850d217-45bb-4a84-8175-f159c386f1ae,weak,stronger,-99.8474533,16.8986263,2026-03-19T11:59:01.249Z
69bbe5066f3ec378d96f3e97,6959d82b2055bed50c135a14,2850d217-45bb-4a84-8175-f159c386f1ae,moderate,correct,-99.85016379999999,16.8503746,2026-03-19T11:59:02.074Z
69bbe50633881af97062328a,60ec6e254f1d736e97557975,2850d217-45bb-4a84-8175-f159c386f1ae,didnt-feel,dont-know,-99.1254334,19.3990147,2026-03-19T11:59:02.253Z
69bbe50c8e8ac06d49fee92c,6557c43880de04751c1e17ab,2850d217-45bb-4a84-8175-f159c386f1ae,didnt-feel,dont-know,-99.2633141,19.3929373,2026-03-19T11:59:08.938Z
69bbe50e86e0f5f192bcfce9,688ee3c99946cce97cff69a8,2850d217-45bb-4a84-8175-f159c386f1ae,didnt-feel,dont-know,-99.0543062,19.4829853,2026-03-19T11:59:10.444Z
69bbe50e16f32f3334e56604,5b02383de6a3b91ba3d0a1d2,2850d217-45bb-4a84-8175-f159c386f1ae,weak,correct,-99.16464309999999,18.921296899999998,2026-03-19T11:59:10.543Z
69bbe50f733b8958239f69c8,5a85a6604b23ae79f1494932,2850d217-45bb-4a84-8175-f159c386f1ae,weak,correct,-99.86412,16.8817909,2026-03-19T11:59:11.409Z
69bbe513146eacf0bb9cfe78,5a877214212109ec275e28c7,2850d217-45bb-4a84-8175-f159c386f1ae,didnt-feel,dont-know,-99.00876009999999,19.585059599999997,2026-03-19T11:59:15.726Z
69bbe5149c2fd53e108bdb5a,5ba871e67d3948a594f2d521,2850d217-45bb-4a84-8175-f159c386f1ae,didnt-feel,correct,-99.1600543,19.2710828,2026-03-19T11:59:16.739Z
69bbe51b16f32f3334e56611,5a1199ef8e8b7fea5bb84608,2850d217-45bb-4a84-8175-f159c386f1ae,didnt-feel,correct,-99.1703884,19.4120868,2026-03-19T11:59:23.452Z
69bbe51d33f58ed4c61d2af1,67163439d8f4bb783de655f5,2850d217-45bb-4a84-8175-f159c386f1ae,didnt-feel,correct,-99.27717229999999,19.401065199999998,2026-03-19T11:59:25.326Z
69bbe51f8e8ac06d49fee94a,59f65e6b92c50710c3ecbd72,2850d217-45bb-4a84-8175-f159c386f1ae,didnt-feel,dont-know,-99.16396189999999,19.4637378,2026-03-19T11:59:27.227Z
69bbe51f2db13e4ce6b969fd,66a4ce0bfa4f8336b464aa97,2850d217-45bb-4a84-8175-f159c386f1ae,didnt-feel,correct,-99.1155802,19.3960377,2026-03-19T11:59:27.254Z
69bbe52316d3535bc25600b4,66f5b1b8905a3e23c724043e,2850d217-45bb-4a84-8175-f159c386f1ae,didnt-feel,dont-know,-99.1723669,19.3622472,2026-03-19T11:59:31.341Z
69bbe5248e8ac06d49fee950,59f74b4994b604ee748e6e2a,2850d217-45bb-4a84-8175-f159c386f1ae,didnt-feel,correct,-99.2756718,19.5181346,2026-03-19T11:59:32.206Z
69bbe52433f58ed4c61d2b08,698b3960f0d404d5d12c54c4,2850d217-45bb-4a84-8175-f159c386f1ae,didnt-feel,dont-know,-99.1882713,19.4561345,2026-03-19T11:59:32.414Z
69bbe525a8de4d2d75f977f4,694e186f57b8a9b3b5f98a01,2850d217-45bb-4a84-8175-f159c386f1ae,didnt-feel,correct,-99.13316309999999,19.2934821,2026-03-19T11:59:33.500Z
69bbe52a21e7d9be65f5b0f5,6135ab1d225e88925a46cea3,2850d217-45bb-4a84-8175-f159c386f1ae,didnt-feel,dont-know,-99.2211625,19.4180307,2026-03-19T11:59:38.892Z
69bbe52b6f3ec378d96f3ec5,69a18a04641c831a6c700386,2850d217-45bb-4a84-8175-f159c386f1ae,didnt-feel,correct,-99.0190366,19.3879482,2026-03-19T11:59:39.467Z
69bbe5326f3ec378d96f3ecd,5c3ec92f46c99e41e1c433b7,2850d217-45bb-4a84-8175-f159c386f1ae,didnt-feel,dont-know,-99.2418386,19.382987,2026-03-19T11:59:46.207Z
69bbe53356f80c19cdfe7f50,632cc9118d14c459b2ce79fb,2850d217-45bb-4a84-8175-f159c386f1ae,weak,correct,-98.9217747,19.6356151,2026-03-19T11:59:47.429Z
69bbe53656f80c19cdfe7f53,6395faa1e2e415ab2544cf77,2850d217-45bb-4a84-8175-f159c386f1ae,didnt-feel,dont-know,-99.1746778,19.4445835,2026-03-19T11:59:50.283Z
69bbe5363d8f0a6fe7087959,69a617b0d882e1580e7af6f4,2850d217-45bb-4a84-8175-f159c386f1ae,moderate,correct,-99.8097037,16.7983549,2026-03-19T11:59:50.875Z
69bbe53896943ca0faacf95d,643462d1bf9ab25fab4a2452,2850d217-45bb-4a84-8175-f159c386f1ae,didnt-feel,correct,-99.1048072,19.378130100000003,2026-03-19T11:59:52.154Z
69bbe53aeae4277c390035db,69b4c2d1940cefbbba4726f9,2850d217-45bb-4a84-8175-f159c386f1ae,didnt-feel,dont-know,-99.2276401,19.3818686,2026-03-19T11:59:54.436Z
69bbe5408deb527581515b11,5a07bf5f95975e38ad364c1f,2850d217-45bb-4a84-8175-f159c386f1ae,didnt-feel,dont-know,-96.7253164,17.0637447,2026-03-19T12:00:00.773Z
69bbe541eae4277c390035e5,65384e9e32648aebde01783d,2850d217-45bb-4a84-8175-f159c386f1ae,didnt-feel,correct,-98.1864452,18.985192299999998,2026-03-19T12:00:01.869Z
69bbe542b8fdcdb7e1b234d4,662a6505d201798f94a00651,2850d217-45bb-4a84-8175-f159c386f1ae,weak,dont-know,-99.1421561,19.3821451,2026-03-19T12:00:02.857Z
69bbe5459ab22f0ea43c5c7c,695c0f048fd967b563895b95,2850d217-45bb-4a84-8175-f159c386f1ae,moderate,correct,-99.905304,16.8528153,2026-03-19T12:00:05.673Z
69bbe54916d3535bc25600ee,68f3dc8746b9ea922b506ae5,2850d217-45bb-4a84-8175-f159c386f1ae,didnt-feel,dont-know,-99.207905,19.357464399999998,2026-03-19T12:00:09.580Z
69bbe54b16f32f3334e56677,65d27651e49c48f5edade168,2850d217-45bb-4a84-8175-f159c386f1ae,didnt-feel,correct,-99.00876009999999,19.585059599999997,2026-03-19T12:00:11.342Z
69bbe54d146eacf0bb9cfebd,60d0bb3653f120d7f3f54a99,2850d217-45bb-4a84-8175-f159c386f1ae,didnt-feel,dont-know,-99.1732026,19.4557875,2026-03-19T12:00:13.889Z
69bbe5518deb527581515b2d,59f8ac779c735c1b5b2756cc,2850d217-45bb-4a84-8175-f159c386f1ae,didnt-feel,correct,-99.1386972,19.5141811,2026-03-19T12:00:17.586Z
69bbe55496943ca0faacf98e,59f6b20b26457201db670393,2850d217-45bb-4a84-8175-f159c386f1ae,didnt-feel,correct,-99.1414643,19.304848399999997,2026-03-19T12:00:20.080Z
69bbe554836cd96c699e06ed,5fa867053baf66000a295b76,2850d217-45bb-4a84-8175-f159c386f1ae,didnt-feel,correct,-99.15530160000002,19.457351,2026-03-19T12:00:20.194Z
69bbe5588e8ac06d49fee9a0,5a8b04a85b7cc0cee08044a4,2850d217-45bb-4a84-8175-f159c386f1ae,didnt-feel,dont-know,-99.1905974,19.3723335,2026-03-19T12:00:24.293Z
69bbe55abf58a109b517b7e6,616298e2ea2166618cc7e54a,2850d217-45bb-4a84-8175-f159c386f1ae,didnt-feel,correct,-99.1373136,19.4302678,2026-03-19T12:00:26.299Z
69bbe55aeae4277c39003616,653814e6d21eecec9f293485,2850d217-45bb-4a84-8175-f159c386f1ae,weak,correct,-99.0267076,19.5419272,2026-03-19T12:00:26.393Z
69bbe55b16d3535bc2560120,5d839f8aaca0c8dc48961dc1,2850d217-45bb-4a84-8175-f159c386f1ae,moderate,weaker,-99.88087039999999,16.866395,2026-03-19T12:00:27.545Z
69bbe55b146eacf0bb9cfee2,64d23c9937c4d925e1736635,2850d217-45bb-4a84-8175-f159c386f1ae,didnt-feel,correct,-99.1665558,19.3617547,2026-03-19T12:00:27.776Z
69bbe55d8deb527581515b54,5a0a5dfc763eb3b97963ca98,2850d217-45bb-4a84-8175-f159c386f1ae,didnt-feel,correct,-99.1271858,19.3439116,2026-03-19T12:00:29.302Z
69bbe55db409d60963ddbfea,64474b440ec235be3b924e48,2850d217-45bb-4a84-8175-f159c386f1ae,didnt-feel,dont-know,-99.0529626,19.3829334,2026-03-19T12:00:29.444Z
69bbe55d2db13e4ce6b96a8e,59f7408926457201db67790f,2850d217-45bb-4a84-8175-f159c386f1ae,didnt-feel,dont-know,-99.222114,19.5188978,2026-03-19T12:00:29.531Z
69bbe55e96943ca0faacf9c4,67d4f8ed10ffb03117ae5086,2850d217-45bb-4a84-8175-f159c386f1ae,didnt-feel,weaker,-99.1543481,19.339029,2026-03-19T12:00:30.233Z
69bbe5616f3ec378d96f3f2c,643f79d7a2a17ed16de5ad52,2850d217-45bb-4a84-8175-f159c386f1ae,weak,stronger,-98.44858459999999,18.9210907,2026-03-19T12:00:33.664Z
69bbe5613ae94e897384a1f4,69a607629602df8e2a61afa8,2850d217-45bb-4a84-8175-f159c386f1ae,didnt-feel,dont-know,-98.8181483745575,16.591704132670124,2026-03-19T12:00:33.904Z
69bbe5656e5e34587997116a,5afd8b9be1c75d48d81fad7c,2850d217-45bb-4a84-8175-f159c386f1ae,didnt-feel,correct,-99.2321418,19.377589399999998,2026-03-19T12:00:37.237Z
69bbe5678deb527581515b80,63f8676fb9a3c2389f5f5350,2850d217-45bb-4a84-8175-f159c386f1ae,didnt-feel,dont-know,-99.256582,19.3103915,2026-03-19T12:00:39.273Z
69bbe567eae4277c39003647,5a8a75ea9f71719058b1e5df,2850d217-45bb-4a84-8175-f159c386f1ae,didnt-feel,correct,-98.0540199,16.34036,2026-03-19T12:00:39.641Z
69bbe5692db13e4ce6b96aab,6220d8c90c547673c5920685,2850d217-45bb-4a84-8175-f159c386f1ae,didnt-feel,dont-know,-98.22539929999999,19.0122167,2026-03-19T12:00:41.701Z
69bbe56a86e0f5f192bcfd83,642bacba892e46202b3d1043,2850d217-45bb-4a84-8175-f159c386f1ae,didnt-feel,dont-know,-99.21466654166579,19.35748326064636,2026-03-19T12:00:42.345Z
69bbe56a9c2fd53e108bdbdf,698b2d01f0d404d5d12b36f0,2850d217-45bb-4a84-8175-f159c386f1ae,didnt-feel,dont-know,-99.132101,19.434037,2026-03-19T12:00:42.416Z
69bbe56ab409d60963ddc008,5e109da5d825e1a606cb33cf,2850d217-45bb-4a84-8175-f159c386f1ae,didnt-feel,correct,-99.2252163,19.3131415,2026-03-19T12:00:42.764Z
69bbe56c8deb527581515b8a,60d08544b494759ff19ed307,2850d217-45bb-4a84-8175-f159c386f1ae,didnt-feel,dont-know,-99.0922273,19.5254611,2026-03-19T12:00:44.137Z
69bbe56cbf58a109b517b817,5a8bfb2bbaec7a5a141545a6,2850d217-45bb-4a84-8175-f159c386f1ae,didnt-feel,correct,-99.07365581966101,19.508861556866307,2026-03-19T12:00:44.858Z
69bbe56e16d3535bc2560164,698b2d01f0d404d5d12b36f0,2850d217-45bb-4a84-8175-f159c386f1ae,didnt-feel,dont-know,-99.132101,19.434037,2026-03-19T12:00:46.683Z
69bbe56f3ae94e897384a21f,67806467f826105e51212ed1,2850d217-45bb-4a84-8175-f159c386f1ae,didnt-feel,correct,-98.94109329208732,18.81316435734086,2026-03-19T12:00:47.782Z
69bbe571a8de4d2d75f97898,59f7fb5296400cec1693e577,2850d217-45bb-4a84-8175-f159c386f1ae,didnt-feel,dont-know,-99.1627804,18.8786218,2026-03-19T12:00:49.290Z
69bbe5713d8f0a6fe70879fc,59f7769105e024e0e343eb5e,2850d217-45bb-4a84-8175-f159c386f1ae,didnt-feel,correct,-99.14077250000001,19.391053499999998,2026-03-19T12:00:49.711Z
69bbe57221e7d9be65f5b1c0,678eb2caf9660ce029830147,2850d217-45bb-4a84-8175-f159c386f1ae,weak,correct,-99.04328869999999,19.3465819,2026-03-19T12:00:50.375Z
69bbe57221e7d9be65f5b1c2,61475f8ddd489743c2d87859,2850d217-45bb-4a84-8175-f159c386f1ae,didnt-feel,dont-know,-99.509648,19.2823128,2026-03-19T12:00:50.621Z
69bbe576836cd96c699e0775,59f8ac779c735c1b5b2756cc,2850d217-45bb-4a84-8175-f159c386f1ae,didnt-feel,correct,-99.1386972,19.5141811,2026-03-19T12:00:54.743Z
69bbe57e21e7d9be65f5b1d2,59f6a452178b28f9fbf3b6f7,2850d217-45bb-4a84-8175-f159c386f1ae,didnt-feel,dont-know,-99.1580693,19.2892862,2026-03-19T12:01:02.406Z
69bbe57e16d3535bc256017b,5a2433947a124b6c66f2a1a2,2850d217-45bb-4a84-8175-f159c386f1ae,didnt-feel,correct,-99.0598732,19.504892599999998,2026-03-19T12:01:02.508Z
69bbe57ea8de4d2d75f978c3,59f740a3178b28f9fbf4421a,2850d217-45bb-4a84-8175-f159c386f1ae,didnt-feel,dont-know,-99.1483827,19.3648912,2026-03-19T12:01:02.698Z
69bbe580eae4277c3900367e,678d6335ae1a98dcea9f926e,2850d217-45bb-4a84-8175-f159c386f1ae,didnt-feel,dont-know,-99.17744619999999,19.4326577,2026-03-19T12:01:04.068Z
69bbe58221e7d9be65f5b1e9,5a009ad3dd313346a249d785,2850d217-45bb-4a84-8175-f159c386f1ae,didnt-feel,dont-know,-99.0892502,19.3910643,2026-03-19T12:01:06.718Z
69bbe5839ab22f0ea43c5d4b,67310b967df6de46e3f36981,2850d217-45bb-4a84-8175-f159c386f1ae,didnt-feel,correct,-99.0750788,19.523287,2026-03-19T12:01:07.462Z
69bbe5858c829929f30132e3,68c0f9b98e7b82939f34c502,2850d217-45bb-4a84-8175-f159c386f1ae,didnt-feel,correct,-98.1734651,19.0528653,2026-03-19T12:01:09.502Z
69bbe58616d3535bc2560194,69783ec0c63fc5e0c3b6d3b4,2850d217-45bb-4a84-8175-f159c386f1ae,weak,correct,-99.50269890000001,17.560516,2026-03-19T12:01:10.940Z
69bbe58c6f3ec378d96f3f76,67d63b8293140e6e6d5f7e3b,2850d217-45bb-4a84-8175-f159c386f1ae,didnt-feel,correct,-101.21766989999999,19.6836467,2026-03-19T12:01:16.598Z
69bbe58da8de4d2d75f978d9,5b2c2f8e785dd1156838d70a,2850d217-45bb-4a84-8175-f159c386f1ae,didnt-feel,weaker,-99.2292123,19.3659664,2026-03-19T12:01:17.428Z
69bbe58d6914ae332b571e0c,698e1e5a1aa36786f28493ef,2850d217-45bb-4a84-8175-f159c386f1ae,didnt-feel,dont-know,-99.1631081,19.2833332,2026-03-19T12:01:17.881Z
69bbe58eb8fdcdb7e1b235b2,69ac41644e612e1d13402594,2850d217-45bb-4a84-8175-f159c386f1ae,strong,dont-know,-100.62810139999999,17.2237303,2026-03-19T12:01:18.267Z
69bbe58e146eacf0bb9cff83,673c9e47e5dac996ae779ed6,2850d217-45bb-4a84-8175-f159c386f1ae,didnt-feel,correct,-99.1767453,19.348851,2026-03-19T12:01:18.715Z
69bbe59021e7d9be65f5b1fd,59fcae196e6f478dc4ac0a83,2850d217-45bb-4a84-8175-f159c386f1ae,didnt-feel,dont-know,-99.02256279999999,19.5701405,2026-03-19T12:01:20.345Z
69bbe59156f80c19cdfe8029,5a92dba2152e6f1a859adb67,2850d217-45bb-4a84-8175-f159c386f1ae,didnt-feel,correct,-99.35204759999999,20.0425701,2026-03-19T12:01:21.439Z
69bbe593b409d60963ddc045,67c218aec380c79c9acbf19e,2850d217-45bb-4a84-8175-f159c386f1ae,didnt-feel,weaker,-99.132101,19.434037,2026-03-19T12:01:23.501Z
69bbe5948deb527581515bea,65177de2580bd993b69a2377,2850d217-45bb-4a84-8175-f159c386f1ae,didnt-feel,dont-know,-99.0267076,19.5537188,2026-03-19T12:01:24.282Z
69bbe59516f32f3334e56774,67837fca0c81c4b4c95d2646,2850d217-45bb-4a84-8175-f159c386f1ae,didnt-feel,dont-know,-102.32357192784548,19.944335394583014,2026-03-19T12:01:25.864Z
69bbe59633881af9706233ca,5b9130be88e1c0c0000f6708,2850d217-45bb-4a84-8175-f159c386f1ae,didnt-feel,correct,-101.1641476,19.6863336,2026-03-19T12:01:26.430Z
69bbe5978deb527581515bef,69a47c66944276f7fcd4cccb,2850d217-45bb-4a84-8175-f159c386f1ae,didnt-feel,dont-know,-99.129894,19.3644628,2026-03-19T12:01:27.105Z
69bbe59d33f58ed4c61d2c2c,59f680eb92c50710c3ecdc55,2850d217-45bb-4a84-8175-f159c386f1ae,didnt-feel,correct,-104.7028101,19.22582,2026-03-19T12:01:33.844Z
69bbe59f21e7d9be65f5b241,63892bc2ba434d47345aa2ad,2850d217-45bb-4a84-8175-f159c386f1ae,didnt-feel,dont-know,-99.0336159,19.593170699999998,2026-03-19T12:01:35.047Z
69bbe59f56f80c19cdfe804b,61381a0a06e098342bdc06e8,2850d217-45bb-4a84-8175-f159c386f1ae,didnt-feel,weaker,-98.3773116,19.266384499999997,2026-03-19T12:01:35.891Z
69bbe5a096943ca0faacfa41,5bcca8285b1b6e8e9c10ada5,2850d217-45bb-4a84-8175-f159c386f1ae,didnt-feel,correct,-99.1165633,19.3237725,2026-03-19T12:01:36.866Z
69bbe5a3bf58a109b517b88a,5d82dcd27f27863b9947bfc2,2850d217-45bb-4a84-8175-f159c386f1ae,didnt-feel,dont-know,-98.9521664,19.2711913,2026-03-19T12:01:39.191Z
69bbe5a39ab22f0ea43c5d9e,685ac9d924f884ad1486390f,2850d217-45bb-4a84-8175-f159c386f1ae,didnt-feel,dont-know,-99.132101,19.434037,2026-03-19T12:01:39.720Z
69bbe5a4b8fdcdb7e1b235ce,5a038da995975e38ad35ef73,2850d217-45bb-4a84-8175-f159c386f1ae,didnt-feel,correct,-99.2951104,19.3750429,2026-03-19T12:01:40.817Z
69bbe5a7eae4277c390036e5,613d3290916677cd45c39134,2850d217-45bb-4a84-8175-f159c386f1ae,didnt-feel,weaker,-98.9769851,19.4264968,2026-03-19T12:01:43.411Z
69bbe5a88e8ac06d49feea45,65c7ae09e49c48674e7319b4,2850d217-45bb-4a84-8175-f159c386f1ae,didnt-feel,dont-know,-99.1041157,19.4142597,2026-03-19T12:01:44.739Z
69bbe5a916f32f3334e56799,59fb4e010023597fa78e8d2a,2850d217-45bb-4a84-8175-f159c386f1ae,didnt-feel,dont-know,-97.0915318,18.8376439,2026-03-19T12:01:45.369Z
69bbe5aa56f80c19cdfe8067,680ce3eae5327c84ef8d4096,2850d217-45bb-4a84-8175-f159c386f1ae,weak,weaker,-98.2732659,19.094128299999998,2026-03-19T12:01:46.804Z
69bbe5ab33f58ed4c61d2c3a,643f7ca89cbfaaad147934b8,2850d217-45bb-4a84-8175-f159c386f1ae,didnt-feel,weaker,-99.0972012,19.268769,2026-03-19T12:01:47.902Z
69bbe5af56f80c19cdfe806f,605567698fa392000a1f9d34,2850d217-45bb-4a84-8175-f159c386f1ae,didnt-feel,correct,-99.1837258,19.4738323,2026-03-19T12:01:51.236Z
69bbe5af8deb527581515c13,59f75b5d05e024e0e343bff9,2850d217-45bb-4a84-8175-f159c386f1ae,didnt-feel,dont-know,-99.14939372740832,19.38909874286322,2026-03-19T12:01:51.541Z
69bbe5b021e7d9be65f5b255,5b02dacdd21120eaf08cfc40,2850d217-45bb-4a84-8175-f159c386f1ae,didnt-feel,weaker,-99.10826469999999,19.660154199999997,2026-03-19T12:01:52.631Z
69bbe5b26f3ec378d96f3ffe,6138c4799b4bad9eccc1ae44,2850d217-45bb-4a84-8175-f159c386f1ae,didnt-feel,correct,-98.1324904,19.0605764,2026-03-19T12:01:54.647Z
69bbe5b421e7d9be65f5b25a,6957e5d129725537a0fd3978,2850d217-45bb-4a84-8175-f159c386f1ae,didnt-feel,weaker,-99.20962046831846,18.92183792424881,2026-03-19T12:01:56.761Z
69bbe5bf8deb527581515c24,68a93bde1652db31efbe9962,2850d217-45bb-4a84-8175-f159c386f1ae,didnt-feel,weaker,-99.5478784,19.026552499999998,2026-03-19T12:02:07.854Z
69bbe5c233881af9706233f8,645c70b1ac3a3ce6cc671bb9,2850d217-45bb-4a84-8175-f159c386f1ae,didnt-feel,dont-know,-99.132101,19.434037,2026-03-19T12:02:10.558Z
69bbe5c2733b8958239f6b0d,695a4ffd45372e3ef463f040,2850d217-45bb-4a84-8175-f159c386f1ae,didnt-feel,dont-know,-98.23633749999999,19.0766125,2026-03-19T12:02:10.688Z
69bbe5c7b409d60963ddc0bf,5a88a2384b23ae79f14d77cc,2850d217-45bb-4a84-8175-f159c386f1ae,didnt-feel,correct,-99.0930528,19.4619648,2026-03-19T12:02:15.817Z
69bbe5c79c2fd53e108bdc90,62f6a0b19e84fc3c6502137e,2850d217-45bb-4a84-8175-f159c386f1ae,didnt-feel,correct,-99.04328869999999,19.499829000000002,2026-03-19T12:02:15.976Z
69bbe5c9b409d60963ddc0c1,5a17b74f7a124b6c66f2196e,2850d217-45bb-4a84-8175-f159c386f1ae,didnt-feel,weaker,-99.1406779,19.4330609,2026-03-19T12:02:17.426Z
69bbe5c996943ca0faacfa8e,66f59d8e34b57d6bdb7d0847,2850d217-45bb-4a84-8175-f159c386f1ae,didnt-feel,dont-know,-98.82800639999999,19.2746299,2026-03-19T12:02:17.966Z
69bbe5cb33f58ed4c61d2c69,65d14b1d5e933437a442b02f,2850d217-45bb-4a84-8175-f159c386f1ae,didnt-feel,dont-know,-99.06125540000001,19.795227399999998,2026-03-19T12:02:19.539Z
69bbe5cd6914ae332b571ede,666f7881ee0ded3777d7e77a,2850d217-45bb-4a84-8175-f159c386f1ae,didnt-feel,correct,-99.098584,19.3615004,2026-03-19T12:02:21.394Z
69bbe5cd9c2fd53e108bdc9a,6329365a46a75bf1ec4475ae,2850d217-45bb-4a84-8175-f159c386f1ae,didnt-feel,weaker,-99.1549556,19.501201,2026-03-19T12:02:21.630Z
69bbe5ce3d8f0a6fe7087b0a,6865ea314423cd7e86fdb769,2850d217-45bb-4a84-8175-f159c386f1ae,didnt-feel,dont-know,-99.16360510000001,19.368542599999998,2026-03-19T12:02:22.772Z
69bbe5d09c2fd53e108bdca4,5a88a2384b23ae79f14d77cc,2850d217-45bb-4a84-8175-f159c386f1ae,didnt-feel,correct,-99.0930528,19.4619648,2026-03-19T12:02:24.620Z
69bbe5d3b409d60963ddc0d7,684a3ecbc31cef71139d3821,2850d217-45bb-4a84-8175-f159c386f1ae,didnt-feel,correct,-99.01806280016899,19.670326718892156,2026-03-19T12:02:27.494Z
69bbe5d36914ae332b571ef8,6220d6bf6461c85074fabf9b,2850d217-45bb-4a84-8175-f159c386f1ae,didnt-feel,dont-know,-99.4867182,19.176822599999998,2026-03-19T12:02:27.830Z
69bbe5d516d3535bc256021c,67d4f6a4567108a1c1f1e7bb,2850d217-45bb-4a84-8175-f159c386f1ae,didnt-feel,dont-know,-99.04259770000002,19.403341599999997,2026-03-19T12:02:29.628Z
69bbe5d68c829929f30133a0,66f59d8e34b57d6bdb7d0847,2850d217-45bb-4a84-8175-f159c386f1ae,didnt-feel,dont-know,-98.82800639999999,19.2746299,2026-03-19T12:02:30.754Z
69bbe5d916d3535bc2560223,59f6cf716f0e9f1ee71d9b40,2850d217-45bb-4a84-8175-f159c386f1ae,didnt-feel,correct,-98.4701719,18.6025388,2026-03-19T12:02:33.723Z
69bbe5db146eacf0bb9cfffe,68a42036bf2eb5296a1fe91b,2850d217-45bb-4a84-8175-f159c386f1ae,didnt-feel,correct,-99.2162139,18.9360255,2026-03-19T12:02:35.801Z
69bbe5df3ae94e897384a2dd,5a1087e78e8b7fea5bb7cdb0,2850d217-45bb-4a84-8175-f159c386f1ae,didnt-feel,correct,-99.0709315,19.392349499999998,2026-03-19T12:02:39.645Z
69bbe5e016d3535bc256023a,59fe76df1145d83efcb7d185,2850d217-45bb-4a84-8175-f159c386f1ae,didnt-feel,dont-know,-98.4486251,19.2883831,2026-03-19T12:02:40.108Z
69bbe5ea2db13e4ce6b96bec,5dc8821d39ac0bad0cf4072d,2850d217-45bb-4a84-8175-f159c386f1ae,didnt-feel,correct,-98.82800639999999,19.2746299,2026-03-19T12:02:50.841Z
69bbe5ed96943ca0faacfabf,682df90a0737a188b93af28a,2850d217-45bb-4a84-8175-f159c386f1ae,didnt-feel,dont-know,-99.1097641,19.2792129,2026-03-19T12:02:53.210Z
69bbe5f721e7d9be65f5b2b1,6425b3bf30bb24bffd153476,2850d217-45bb-4a84-8175-f159c386f1ae,didnt-feel,correct,-99.1345232,19.3961117,2026-03-19T12:03:03.554Z
69bbe5fa3ae94e897384a404,5a96cbdc425cf7d7bfa8a200,2850d217-45bb-4a84-8175-f159c386f1ae,didnt-feel,correct,-99.08337399999999,19.6496241,2026-03-19T12:03:06.245Z
69bbe5fab409d60963ddc123,5f6558552b2bb100106c78be,2850d217-45bb-4a84-8175-f159c386f1ae,didnt-feel,dont-know,-99.1698933,19.3845688,2026-03-19T12:03:06.686Z
69bbe6029c2fd53e108bdcf2,647197779b6b3ac8150f2d90,2850d217-45bb-4a84-8175-f159c386f1ae,didnt-feel,dont-know,-99.1483827,19.3648912,2026-03-19T12:03:14.224Z
69bbe60421e7d9be65f5b2c5,6957d0b2589046a190a2759c,2850d217-45bb-4a84-8175-f159c386f1ae,didnt-feel,correct,-99.132101,19.434037,2026-03-19T12:03:16.809Z
69bbe6076f3ec378d96f407b,652410e5d994af4f229ab479,2850d217-45bb-4a84-8175-f159c386f1ae,didnt-feel,correct,-99.1627804,18.8786218,2026-03-19T12:03:19.043Z
69bbe60b3ae94e897384a41e,5a8ba0972ed5a17360116c10,2850d217-45bb-4a84-8175-f159c386f1ae,didnt-feel,correct,-99.16083719999999,19.4276061,2026-03-19T12:03:23.674Z
69bbe61033881af970623492,67c21ca656c24d73a7e0c4ea,2850d217-45bb-4a84-8175-f159c386f1ae,didnt-feel,correct,-99.0096595,19.7143222,2026-03-19T12:03:28.242Z
69bbe6118deb527581515ca1,5af106e14df1d890456d2280,2850d217-45bb-4a84-8175-f159c386f1ae,didnt-feel,correct,-98.2951581,19.051855400000004,2026-03-19T12:03:29.242Z
69bbe611b8fdcdb7e1b23699,59fb89d298148cf85e2caefa,2850d217-45bb-4a84-8175-f159c386f1ae,didnt-feel,dont-know,-99.156702,19.3764431,2026-03-19T12:03:29.257Z
69bbe6129ab22f0ea43c5e3c,68ce279d4f46c51fa180a586,2850d217-45bb-4a84-8175-f159c386f1ae,didnt-feel,dont-know,-99.6076921,18.5664121,2026-03-19T12:03:30.566Z
69bbe61533881af9706234a4,63d848adfc64d27f77bef8fc,2850d217-45bb-4a84-8175-f159c386f1ae,didnt-feel,correct,-99.132101,19.434037,2026-03-19T12:03:33.873Z
69bbe61786e0f5f192bcfeff,59f875dc543d32d8d526c055,2850d217-45bb-4a84-8175-f159c386f1ae,didnt-feel,dont-know,-101.19713340000001,19.6651332,2026-03-19T12:03:35.022Z
69bbe61cbf58a109b517b990,59f729eb178b28f9fbf40f43,2850d217-45bb-4a84-8175-f159c386f1ae,didnt-feel,dont-know,-99.08337399999999,19.334271299999997,2026-03-19T12:03:40.179Z
69bbe6208c829929f3013433,696857285898c7e4eaefa2b4,2850d217-45bb-4a84-8175-f159c386f1ae,didnt-feel,dont-know,-99.098584,19.3615004,2026-03-19T12:03:44.323Z
69bbe624733b8958239f6bdf,6141181777b97097815bc3b8,2850d217-45bb-4a84-8175-f159c386f1ae,didnt-feel,correct,-99.14860188961029,19.43592360517438,2026-03-19T12:03:48.334Z
69bbe6256914ae332b571f7b,632b4b6254279ae87559c2fc,2850d217-45bb-4a84-8175-f159c386f1ae,didnt-feel,dont-know,-99.2134442,18.8626027,2026-03-19T12:03:49.176Z
69bbe62616f32f3334e5686e,696f96e3bd30ac319e293455,2850d217-45bb-4a84-8175-f159c386f1ae,didnt-feel,weaker,-99.1649702,19.410892,2026-03-19T12:03:50.722Z
69bbe627733b8958239f6be6,5a8a794c9f71719058b2173e,2850d217-45bb-4a84-8175-f159c386f1ae,didnt-feel,correct,-99.10204130000001,19.3915279,2026-03-19T12:03:51.216Z
69bbe6299c2fd53e108bdd2e,63961c74eb1cb69ef449ed92,2850d217-45bb-4a84-8175-f159c386f1ae,didnt-feel,correct,-99.127438,19.4927702,2026-03-19T12:03:53.382Z
69bbe62e96943ca0faacfb1f,5afcc62ff445bc7513d8b425,2850d217-45bb-4a84-8175-f159c386f1ae,didnt-feel,correct,-99.16360510000001,19.4392516,2026-03-19T12:03:58.804Z
69bbe62f9c2fd53e108bdd37,66c38c5f1ba91c56110d50ff,2850d217-45bb-4a84-8175-f159c386f1ae,didnt-feel,correct,-99.16083719999999,18.906402999999997,2026-03-19T12:03:59.815Z
69bbe6316f3ec378d96f40b9,5a08fdc5e6a2a0e0b6620f0f,2850d217-45bb-4a84-8175-f159c386f1ae,didnt-feel,dont-know,-99.0543447,19.2517529,2026-03-19T12:04:01.292Z
69bbe6322db13e4ce6b96c74,6852dfcdb23f054c93e26697,2850d217-45bb-4a84-8175-f159c386f1ae,didnt-feel,dont-know,-99.1612091101706,19.365442629170598,2026-03-19T12:04:02.112Z
69bbe6363ae94e897384a452,63291f362db5946ac4853dc9,2850d217-45bb-4a84-8175-f159c386f1ae,didnt-feel,correct,-99.13544569999999,19.6632398,2026-03-19T12:04:06.323Z
69bbe636836cd96c699e08fd,66a0f827f3905473ef14ab77,2850d217-45bb-4a84-8175-f159c386f1ae,didnt-feel,dont-know,-99.35898399999999,18.765628,2026-03-19T12:04:06.954Z
69bbe6392db13e4ce6b96c7b,68816b349d649016130ec787,2850d217-45bb-4a84-8175-f159c386f1ae,didnt-feel,dont-know,-99.15253399999999,19.3366956,2026-03-19T12:04:09.647Z
69bbe63a733b8958239f6bf9,6441aa17a74e64feea928efa,2850d217-45bb-4a84-8175-f159c386f1ae,didnt-feel,dont-know,-99.132101,19.434037,2026-03-19T12:04:10.557Z
69bbe63bb409d60963ddc176,5f629435c1daa7000a405827,2850d217-45bb-4a84-8175-f159c386f1ae,didnt-feel,correct,-99.1982364,19.5509264,2026-03-19T12:04:11.877Z
69bbe63c56f80c19cdfe8133,5a1087e681710def82497f7c,2850d217-45bb-4a84-8175-f159c386f1ae,didnt-feel,correct,-99.146999,19.3458119,2026-03-19T12:04:12.489Z
69bbe63e733b8958239f6c03,695895e2c8242e11e567e284,2850d217-45bb-4a84-8175-f159c386f1ae,didnt-feel,dont-know,-101.44558031111956,19.17552119202505,2026-03-19T12:04:14.335Z
69bbe642b8fdcdb7e1b236f4,6958f06e874604b18f2923df,2850d217-45bb-4a84-8175-f159c386f1ae,didnt-feel,correct,-99.0474345,19.5099377,2026-03-19T12:04:18.552Z
69bbe643bf58a109b517b9d1,5a1087e681710def82497f7c,2850d217-45bb-4a84-8175-f159c386f1ae,didnt-feel,correct,-99.146999,19.3458119,2026-03-19T12:04:19.540Z
69bbe6473ae94e897384a469,696009755921d2fb9bae8bd4,2850d217-45bb-4a84-8175-f159c386f1ae,didnt-feel,dont-know,-98.9668086,19.7344246,2026-03-19T12:04:23.456Z
69bbe64833881af97062352f,59f691f692c50710c3ecee2f,2850d217-45bb-4a84-8175-f159c386f1ae,didnt-feel,dont-know,-99.2602185,19.5240567,2026-03-19T12:04:24.049Z
69bbe6482db13e4ce6b96c92,5b7daa3eb52cd60b90daf022,2850d217-45bb-4a84-8175-f159c386f1ae,didnt-feel,correct,-99.1396967,19.4912408,2026-03-19T12:04:24.175Z
69bbe64ab8fdcdb7e1b23713,5f27e50f49f8bc000af1b50f,2850d217-45bb-4a84-8175-f159c386f1ae,didnt-feel,correct,-99.1593263,19.449222,2026-03-19T12:04:26.568Z
69bbe64e836cd96c699e0926,6852dfcdb23f054c93e26697,2850d217-45bb-4a84-8175-f159c386f1ae,didnt-feel,correct,-99.1612091101706,19.365442629170598,2026-03-19T12:04:30.220Z
69bbe651733b8958239f6c23,6980b8089ea2c7084f901b09,2850d217-45bb-4a84-8175-f159c386f1ae,didnt-feel,dont-know,-98.4006723,19.1541748,2026-03-19T12:04:33.792Z
69bbe65196943ca0faacfb52,6852dfcdb23f054c93e26697,2850d217-45bb-4a84-8175-f159c386f1ae,didnt-feel,correct,-99.1612091101706,19.365442629170598,2026-03-19T12:04:33.888Z
69bbe6546914ae332b571fd7,66ad2fa5441247cfe74e441e,2850d217-45bb-4a84-8175-f159c386f1ae,didnt-feel,dont-know,-99.08475659999999,19.984265999999998,2026-03-19T12:04:36.267Z
69bbe6569ab22f0ea43c5e8f,5bad67235970a01b7b3b4a93,2850d217-45bb-4a84-8175-f159c386f1ae,didnt-feel,dont-know,-99.1248628,19.2909523,2026-03-19T12:04:38.467Z
69bbe65e33f58ed4c61d2d6a,61bfdec227308dfd9d728826,2850d217-45bb-4a84-8175-f159c386f1ae,didnt-feel,correct,-99.19405859999999,19.3817323,2026-03-19T12:04:46.524Z
69bbe662b409d60963ddc1af,68899453c6a5283c2c1d2846,2850d217-45bb-4a84-8175-f159c386f1ae,weak,stronger,-99.1359301,19.5290566,2026-03-19T12:04:50.234Z
69bbe66633f58ed4c61d2d71,5ab1500d11b4732930728e09,2850d217-45bb-4a84-8175-f159c386f1ae,didnt-feel,weaker,-99.2215119,19.4842001,2026-03-19T12:04:54.606Z
69bbe6696914ae332b571ffc,64443630b8df127ec9598ca0,2850d217-45bb-4a84-8175-f159c386f1ae,didnt-feel,correct,-101.17760768160224,19.70807960441935,2026-03-19T12:04:57.642Z
69bbe66ab8fdcdb7e1b23763,697fda679ea2c7084f8d4bcf,2850d217-45bb-4a84-8175-f159c386f1ae,didnt-feel,correct,-98.43350199999999,19.2859213,2026-03-19T12:04:58.822Z
69bbe66a9ab22f0ea43c5eab,68ac8afc1652db31efcb07dc,2850d217-45bb-4a84-8175-f159c386f1ae,didnt-feel,dont-know,-99.1393889,19.370499799999997,2026-03-19T12:04:58.988Z
69bbe66d6f3ec378d96f4113,68cd7887c9cc6512939943ba,2850d217-45bb-4a84-8175-f159c386f1ae,didnt-feel,correct,-99.2536148,18.9768267,2026-03-19T12:05:01.833Z
69bbe67033f58ed4c61d2d82,5a8b88cf7bab68e8d71e2614,2850d217-45bb-4a84-8175-f159c386f1ae,didnt-feel,correct,-99.1117223,19.2938193,2026-03-19T12:05:04.972Z
69bbe671146eacf0bb9d00f9,59f7736205e024e0e343e6ed,2850d217-45bb-4a84-8175-f159c386f1ae,didnt-feel,correct,-99.0812035,19.31677,2026-03-19T12:05:05.532Z
69bbe6723d8f0a6fe7087c19,5a024fed61c0127ef0351036,2850d217-45bb-4a84-8175-f159c386f1ae,didnt-feel,weaker,-99.1733781,19.3696798,2026-03-19T12:05:06.986Z
69bbe6759ab22f0ea43c5ec5,5a21ae877a124b6c66f2906e,2850d217-45bb-4a84-8175-f159c386f1ae,didnt-feel,correct,-98.2732659,19.094128299999998,2026-03-19T12:05:09.351Z
69bbe6762db13e4ce6b96ce0,632cfaa02fb27a36e4b511e5,2850d217-45bb-4a84-8175-f159c386f1ae,didnt-feel,correct,-99.2834093,19.4471389,2026-03-19T12:05:10.439Z
69bbe678eae4277c39003861,5a11d74f8e8b7fea5bb85e18,2850d217-45bb-4a84-8175-f159c386f1ae,didnt-feel,dont-know,-99.0938793,19.656231,2026-03-19T12:05:12.179Z
69bbe678b409d60963ddc1c8,6958702ffeb5b8b862731bc2,2850d217-45bb-4a84-8175-f159c386f1ae,didnt-feel,dont-know,-98.22539929999999,19.307225799999998,2026-03-19T12:05:12.414Z
69bbe67916d3535bc2560362,6957fac58d66229d1f92af29,2850d217-45bb-4a84-8175-f159c386f1ae,weak,correct,-99.639703,19.3306489,2026-03-19T12:05:13.619Z
69bbe67d733b8958239f6c6c,68cd7887c9cc6512939943ba,2850d217-45bb-4a84-8175-f159c386f1ae,didnt-feel,correct,-99.2536148,18.9768267,2026-03-19T12:05:17.010Z
69bbe67d33f58ed4c61d2d97,6849a5dacf7cf581be1f49b3,2850d217-45bb-4a84-8175-f159c386f1ae,didnt-feel,dont-know,-99.2383753,19.476695799999998,2026-03-19T12:05:17.972Z
69bbe68316f32f3334e568f5,6580f99b67467ba212dcd376,2850d217-45bb-4a84-8175-f159c386f1ae,didnt-feel,correct,-98.1324904,19.0605764,2026-03-19T12:05:23.700Z
69bbe6878deb527581515d6f,59f7a021bc77845687ced45a,2850d217-45bb-4a84-8175-f159c386f1ae,didnt-feel,dont-know,-99.75392819999999,16.7601805,2026-03-19T12:05:27.778Z
69bbe68816f32f3334e568fc,59fb163b728a60c73456d154,2850d217-45bb-4a84-8175-f159c386f1ae,didnt-feel,correct,-98.24932869999999,18.994193799999998,2026-03-19T12:05:28.269Z
69bbe68fb409d60963ddc1e3,5a309971011ccf0f16175d3a,2850d217-45bb-4a84-8175-f159c386f1ae,didnt-feel,dont-know,-99.21065608929558,19.45697537688933,2026-03-19T12:05:35.135Z
69bbe6923ae94e897384a4de,59f620af92c50710c3ec9f4d,2850d217-45bb-4a84-8175-f159c386f1ae,didnt-feel,correct,-99.0999669,19.4837196,2026-03-19T12:05:38.629Z
69bbe692733b8958239f6ca3,632c54ae5f77df055a27a280,2850d217-45bb-4a84-8175-f159c386f1ae,didnt-feel,correct,-99.03776119999999,19.299713399999998,2026-03-19T12:05:38.927Z
69bbe6979c2fd53e108bddfc,59fc8cf095344bef0b311656,2850d217-45bb-4a84-8175-f159c386f1ae,didnt-feel,dont-know,-99.0488165,19.4641835,2026-03-19T12:05:43.386Z
69bbe69856f80c19cdfe8208,5b515a13029ad3c1b9a9aeb5,2850d217-45bb-4a84-8175-f159c386f1ae,didnt-feel,correct,-99.0422236,19.284294,2026-03-19T12:05:44.359Z
69bbe69b836cd96c699e09bc,59fa996c6defd566533b5752,2850d217-45bb-4a84-8175-f159c386f1ae,didnt-feel,correct,-99.6410951,19.290849899999998,2026-03-19T12:05:47.521Z
69bbe69b16d3535bc2560395,697eafe3b9fab8211f6bae14,2850d217-45bb-4a84-8175-f159c386f1ae,didnt-feel,correct,-99.0654022,19.4103067,2026-03-19T12:05:47.908Z
69bbe69d8deb527581515d8d,5a8829e8516763ab1191845d,2850d217-45bb-4a84-8175-f159c386f1ae,didnt-feel,dont-know,-99.25500029999999,19.2991128,2026-03-19T12:05:49.838Z
69bbe6a0836cd96c699e09c3,6957d0c2f1d9dad3749b4cfa,2850d217-45bb-4a84-8175-f159c386f1ae,didnt-feel,correct,-99.16498910000001,19.3287038,2026-03-19T12:05:52.834Z
69bbe6a321e7d9be65f5b5ae,5a8829e8516763ab1191845d,2850d217-45bb-4a84-8175-f159c386f1ae,didnt-feel,dont-know,-99.25500029999999,19.2991128,2026-03-19T12:05:55.038Z
69bbe6aa8e8ac06d49feed47,63448f4c4da6d1300bf535d2,2850d217-45bb-4a84-8175-f159c386f1ae,didnt-feel,weaker,-98.27765800301995,19.07127353800635,2026-03-19T12:06:02.147Z
69bbe6ae8deb527581515d9e,59f740d0178b28f9fbf445c1,2850d217-45bb-4a84-8175-f159c386f1ae,didnt-feel,correct,-99.1242057,19.2906465,2026-03-19T12:06:06.013Z
69bbe6b3bf58a109b517baa0,688e584382565ca5afdf8cad,2850d217-45bb-4a84-8175-f159c386f1ae,didnt-feel,dont-know,-99.1443175,19.3748262,2026-03-19T12:06:11.133Z
69bbe6b586e0f5f192bd01b8,696a83fa8766b3cc6ee4ceff,2850d217-45bb-4a84-8175-f159c386f1ae,didnt-feel,dont-know,-99.20830015093088,19.45799765395489,2026-03-19T12:06:13.020Z
69bbe6b69c2fd53e108bde4a,643f75e0530902c06ef3559f,2850d217-45bb-4a84-8175-f159c386f1ae,didnt-feel,weaker,-99.536755,19.297818499999998,2026-03-19T12:06:14.580Z
69bbe6b9b409d60963ddc233,624a3ca14fe05d2952e5ae60,2850d217-45bb-4a84-8175-f159c386f1ae,didnt-feel,dont-know,-99.67033359999999,19.2966545,2026-03-19T12:06:17.347Z
69bbe6bab8fdcdb7e1b237f4,5b5337af646e9477a13fe5ca,2850d217-45bb-4a84-8175-f159c386f1ae,didnt-feel,dont-know,-99.03776119999999,19.299713399999998,2026-03-19T12:06:18.028Z
69bbe6bdb8fdcdb7e1b237f7,624a3ca14fe05d2952e5ae60,2850d217-45bb-4a84-8175-f159c386f1ae,didnt-feel,dont-know,-99.67033359999999,19.2966545,2026-03-19T12:06:21.632Z
69bbe6bd9c2fd53e108bde50,59f6549292c50710c3ecb652,2850d217-45bb-4a84-8175-f159c386f1ae,weak,correct,-99.8166783,16.866571999999998,2026-03-19T12:06:21.831Z
69bbe6bf33f58ed4c61d2e76,5ef24c1f779372000a5a050f,2850d217-45bb-4a84-8175-f159c386f1ae,didnt-feel,dont-know,-99.2466874,19.4585942,2026-03-19T12:06:23.904Z
69bbe6bfb8fdcdb7e1b237fb,65fb41e43f5601d9c9cbbe5e,2850d217-45bb-4a84-8175-f159c386f1ae,didnt-feel,dont-know,-102.19472329999999,17.9603604,2026-03-19T12:06:23.996Z
69bbe6c06e5e3458799713ff,59f942e0879b74cfcf2bec08,2850d217-45bb-4a84-8175-f159c386f1ae,didnt-feel,correct,-99.16498910000001,19.405299,2026-03-19T12:06:24.061Z
69bbe6cd21e7d9be65f5b5e3,6138212a984a8c84d93c1b0c,2850d217-45bb-4a84-8175-f159c386f1ae,didnt-feel,dont-know,-99.0073673,19.4102526,2026-03-19T12:06:37.318Z
69bbe6cd8deb527581515dee,688dc254e79752732ae9fa9a,2850d217-45bb-4a84-8175-f159c386f1ae,didnt-feel,correct,-98.972843,19.3662819,2026-03-19T12:06:37.984Z
69bbe6ce6914ae332b5720ae,632c03a80668c851474e9cef,2850d217-45bb-4a84-8175-f159c386f1ae,didnt-feel,correct,-99.25084369999999,19.6454877,2026-03-19T12:06:38.196Z
69bbe6ce56f80c19cdfe827c,69ae3fc038b50cb2cd631ae7,2850d217-45bb-4a84-8175-f159c386f1ae,didnt-feel,dont-know,-99.03776119999999,19.4116869,2026-03-19T12:06:38.529Z
69bbe6d1836cd96c699e0a63,68bbe8501eba0bc370a7a5c1,2850d217-45bb-4a84-8175-f159c386f1ae,didnt-feel,weaker,-99.2162139,19.2863543,2026-03-19T12:06:41.822Z
69bbe6d33d8f0a6fe7087d2d,59f67ef792c50710c3ecda4b,2850d217-45bb-4a84-8175-f159c386f1ae,didnt-feel,correct,-99.1442997,19.3747991,2026-03-19T12:06:43.489Z
69bbe6d496943ca0faacfc3d,62bcde1cfc1e0b8e378f4638,2850d217-45bb-4a84-8175-f159c386f1ae,didnt-feel,dont-know,-99.23698999999999,19.2838297,2026-03-19T12:06:44.477Z
69bbe6d73ae94e897384a567,610b1ccd76c9202052533b57,2850d217-45bb-4a84-8175-f159c386f1ae,didnt-feel,correct,-99.1270416,19.4952031,2026-03-19T12:06:47.438Z
69bbe6d8b8fdcdb7e1b2382a,6342323ec562795312a82af9,2850d217-45bb-4a84-8175-f159c386f1ae,didnt-feel,correct,-99.1695251,19.2859027,2026-03-19T12:06:48.101Z
69bbe6df3d8f0a6fe7087d41,670566c1fd1bc2e7a0e06269,2850d217-45bb-4a84-8175-f159c386f1ae,didnt-feel,correct,-99.132101,19.434037,2026-03-19T12:06:55.507Z
69bbe6e2bf58a109b517baf9,64fc048fd6dc35e8d32a7a4e,2850d217-45bb-4a84-8175-f159c386f1ae,didnt-feel,correct,-99.0324037335813,19.60157487743505,2026-03-19T12:06:58.019Z
69bbe6e29ab22f0ea43c5f83,5a8af8ea9d7756997f910aee,2850d217-45bb-4a84-8175-f159c386f1ae,didnt-feel,dont-know,-99.0791469,19.4869685,2026-03-19T12:06:58.137Z
69bbe6e33d8f0a6fe7087d53,5e3ae5a999afba000b6ad02a,2850d217-45bb-4a84-8175-f159c386f1ae,didnt-feel,dont-know,-99.16083719999999,19.4276061,2026-03-19T12:06:59.177Z
69bbe6e316d3535bc256040f,5f136f185a7773000fd6480b,2850d217-45bb-4a84-8175-f159c386f1ae,didnt-feel,correct,-99.56595709999999,19.165342,2026-03-19T12:06:59.528Z
69bbe6e816f32f3334e569c5,651781f06543a4a3ddaecbb2,2850d217-45bb-4a84-8175-f159c386f1ae,didnt-feel,dont-know,-99.1070882,19.4285623,2026-03-19T12:07:04.155Z
69bbe6ea9c2fd53e108bde9c,68ae54671652db31efd2beef,2850d217-45bb-4a84-8175-f159c386f1ae,didnt-feel,dont-know,-98.2171967,19.0420739,2026-03-19T12:07:06.384Z
69bbe6f133f58ed4c61d2eba,59fb67a60023597fa78ecdd2,2850d217-45bb-4a84-8175-f159c386f1ae,didnt-feel,correct,-98.9523314,18.905496,2026-03-19T12:07:13.534Z
69bbe6f233881af970623664,5a17148d5ca2e1ec182606f7,2850d217-45bb-4a84-8175-f159c386f1ae,didnt-feel,correct,-99.16498910000001,19.405299,2026-03-19T12:07:14.628Z
69bbe6f4eae4277c390038ff,69633264ab025787b34a573b,2850d217-45bb-4a84-8175-f159c386f1ae,didnt-feel,dont-know,-99.1143504062264,19.324868066624028,2026-03-19T12:07:16.856Z
69bbe6f58deb527581515e1d,632cf6adf5a16429ebb662e4,2850d217-45bb-4a84-8175-f159c386f1ae,didnt-feel,correct,-99.0709315,19.704798399999998,2026-03-19T12:07:17.148Z
69bbe6f69ab22f0ea43c5fa6,5ef22782d62e53000b9b65e6,2850d217-45bb-4a84-8175-f159c386f1ae,didnt-feel,dont-know,-99.1698933,19.3845688,2026-03-19T12:07:18.634Z
69bbe700eae4277c3900390a,68fa7cf346b9ea922b6b934e,2850d217-45bb-4a84-8175-f159c386f1ae,didnt-feel,correct,-98.22950089999999,18.9899168,2026-03-19T12:07:28.657Z
69bbe702b8fdcdb7e1b238b6,688e530f82565ca5afdeb86c,2850d217-45bb-4a84-8175-f159c386f1ae,didnt-feel,correct,-99.13544569999999,19.6632398,2026-03-19T12:07:30.243Z
69bbe70316d3535bc2560431,5a457dc87b8b9db590cbc96e,2850d217-45bb-4a84-8175-f159c386f1ae,didnt-feel,dont-know,-99.19938042248745,19.34901036340563,2026-03-19T12:07:31.473Z
69bbe70456f80c19cdfe82b8,66a5391d2922f9890da88660,2850d217-45bb-4a84-8175-f159c386f1ae,didnt-feel,dont-know,-99.06401989999999,19.293989399999997,2026-03-19T12:07:32.939Z
69bbe70a56f80c19cdfe82c0,69bbe68533881af970623592,2850d217-45bb-4a84-8175-f159c386f1ae,didnt-feel,correct,-99.132101,19.434037,2026-03-19T12:07:38.766Z
69bbe70dbf58a109b517bb2b,696857285898c7e4eaefa2b4,2850d217-45bb-4a84-8175-f159c386f1ae,didnt-feel,dont-know,-99.098584,19.3615004,2026-03-19T12:07:41.932Z
69bbe7103d8f0a6fe7087d9f,5b9042baf8f6b1ec1a48a8c2,2850d217-45bb-4a84-8175-f159c386f1ae,didnt-feel,correct,-99.1373136,19.4302678,2026-03-19T12:07:44.091Z
69bbe7106e5e3458799714fa,67e21c85c328efef41912b07,2850d217-45bb-4a84-8175-f159c386f1ae,didnt-feel,correct,-99.87249480000001,19.7904306,2026-03-19T12:07:44.836Z
69bbe718733b8958239f6dbe,5a89137e4b23ae79f14eae13,2850d217-45bb-4a84-8175-f159c386f1ae,didnt-feel,dont-know,-98.1739152,18.9617559,2026-03-19T12:07:52.346Z
69bbe7192db13e4ce6b96deb,6786f6f28e384d3e712d695d,2850d217-45bb-4a84-8175-f159c386f1ae,didnt-feel,dont-know,-99.16498910000001,19.3287038,2026-03-19T12:07:53.021Z
69bbe7196e5e345879971504,61d5bb19142a7357e0001211,2850d217-45bb-4a84-8175-f159c386f1ae,didnt-feel,correct,-99.0529055,19.3912017,2026-03-19T12:07:53.155Z
69bbe71d2db13e4ce6b96dfc,59f7d575993bc192df1b0a1f,2850d217-45bb-4a84-8175-f159c386f1ae,didnt-feel,dont-know,-99.03049159999999,19.5877923,2026-03-19T12:07:57.872Z
69bbe71d836cd96c699e0abc,59f6a82526457201db66f59a,2850d217-45bb-4a84-8175-f159c386f1ae,didnt-feel,dont-know,-99.21898379999999,19.3392293,2026-03-19T12:07:57.999Z
69bbe72316f32f3334e56a14,680f05cde5327c84ef9d0e97,2850d217-45bb-4a84-8175-f159c386f1ae,didnt-feel,correct,-99.1698333,19.472084199999998,2026-03-19T12:08:03.885Z
69bbe7246e5e34587997150f,69b19b9df8071b75398382b9,2850d217-45bb-4a84-8175-f159c386f1ae,didnt-feel,correct,-99.16802390000001,19.3813647,2026-03-19T12:08:04.926Z
69bbe7278deb527581515e5a,62bf4b2dcb3aeca7e2bea145,2850d217-45bb-4a84-8175-f159c386f1ae,weak,stronger,-98.75293529999999,18.504425899999998,2026-03-19T12:08:07.849Z
69bbe72b8e8ac06d49feee45,61a790ca8c4a4b683e36f866,2850d217-45bb-4a84-8175-f159c386f1ae,didnt-feel,correct,-99.1373136,19.4302678,2026-03-19T12:08:11.653Z
69bbe72d8deb527581515e61,66f5b70937524a62e71c211d,2850d217-45bb-4a84-8175-f159c386f1ae,didnt-feel,dont-know,-98.8886672,19.3188392,2026-03-19T12:08:13.056Z
69bbe72d6914ae332b572151,680f05cde5327c84ef9d0e97,2850d217-45bb-4a84-8175-f159c386f1ae,didnt-feel,correct,-99.1698333,19.472084199999998,2026-03-19T12:08:13.175Z
69bbe7346914ae332b572159,59f8768fd865af09198cfd5d,2850d217-45bb-4a84-8175-f159c386f1ae,didnt-feel,dont-know,-99.1442316,19.457911,2026-03-19T12:08:20.499Z
69bbe7366f3ec378d96f4292,5a9c5aacd559adbd29f986a0,2850d217-45bb-4a84-8175-f159c386f1ae,weak,correct,-99.1719095,19.4093682,2026-03-19T12:08:22.347Z
69bbe739146eacf0bb9d02a7,59f691f892c50710c3ecee34,2850d217-45bb-4a84-8175-f159c386f1ae,didnt-feel,weaker,-99.1735257,19.4679891,2026-03-19T12:08:25.596Z
69bbe73eb409d60963ddc2d5,653d2565a7196cab02a78269,2850d217-45bb-4a84-8175-f159c386f1ae,weak,dont-know,-99.0951269,19.477332399999998,2026-03-19T12:08:30.359Z
69bbe7406e5e345879971555,68103fe2ac3fe6090c55dc77,2850d217-45bb-4a84-8175-f159c386f1ae,didnt-feel,correct,-99.1578608751297,19.39333699796723,2026-03-19T12:08:32.516Z
69bbe741836cd96c699e0b00,5f8e0bc5913893000a8af0cf,2850d217-45bb-4a84-8175-f159c386f1ae,didnt-feel,weaker,-99.1579012,19.3925149,2026-03-19T12:08:33.056Z
69bbe74bb409d60963ddc2e7,655bbc16bc27be1e6dc6f671,2850d217-45bb-4a84-8175-f159c386f1ae,didnt-feel,dont-know,-98.2133645536717,18.907095098174697,2026-03-19T12:08:43.987Z
69bbe74c56f80c19cdfe8335,59fc7b6f7a0315157e8053fa,2850d217-45bb-4a84-8175-f159c386f1ae,didnt-feel,dont-know,-99.16083719999999,19.4276061,2026-03-19T12:08:44.217Z
69bbe74db409d60963ddc2ea,59f7349326457201db675344,2850d217-45bb-4a84-8175-f159c386f1ae,didnt-feel,correct,-99.2069108,19.3365171,2026-03-19T12:08:45.201Z
69bbe756836cd96c699e0b18,59fd4f6b61c0127ef034312b,2850d217-45bb-4a84-8175-f159c386f1ae,didnt-feel,dont-know,-99.2756998,19.3568681,2026-03-19T12:08:54.632Z
69bbe75721e7d9be65f5b740,64dc5d427c4ca271ac5b1eca,2850d217-45bb-4a84-8175-f159c386f1ae,didnt-feel,correct,-99.1668002,19.3838043,2026-03-19T12:08:55.008Z
69bbe75a8e8ac06d49feeeb9,698906585f53315ceeb09608,2850d217-45bb-4a84-8175-f159c386f1ae,didnt-feel,dont-know,-99.5409261,19.263754799999997,2026-03-19T12:08:58.753Z
69bbe75e21e7d9be65f5b748,698b2169f0d404d5d12a40ab,2850d217-45bb-4a84-8175-f159c386f1ae,didnt-feel,correct,-98.19353213533759,18.998600380961882,2026-03-19T12:09:02.203Z
69bbe765836cd96c699e0b2b,65ca922aef16830fb64baf18,2850d217-45bb-4a84-8175-f159c386f1ae,didnt-feel,correct,-99.1048072,19.378130100000003,2026-03-19T12:09:09.354Z
69bbe76786e0f5f192bd02ab,66c36de7eba7edd4e372d826,2850d217-45bb-4a84-8175-f159c386f1ae,didnt-feel,dont-know,-99.132101,19.434037,2026-03-19T12:09:11.493Z
69bbe76b9c2fd53e108bdf5b,670c456c02f112c080b757d1,2850d217-45bb-4a84-8175-f159c386f1ae,weak,correct,-99.8390005,16.8946737,2026-03-19T12:09:15.094Z
69bbe76e8deb527581515ec1,6220e31a0b84733ceee375b8,2850d217-45bb-4a84-8175-f159c386f1ae,didnt-feel,dont-know,-99.2297436,19.5436636,2026-03-19T12:09:18.337Z
69bbe76e6914ae332b5721c6,5c680d9d703908f76de08f1c,2850d217-45bb-4a84-8175-f159c386f1ae,didnt-feel,correct,-99.0875219,19.255995499999997,2026-03-19T12:09:18.462Z
69bbe77616f32f3334e56ae9,5a8aa71c55729d49ae71c49e,2850d217-45bb-4a84-8175-f159c386f1ae,didnt-feel,dont-know,-99.1089562,19.2954306,2026-03-19T12:09:26.986Z
69bbe77e8c829929f3013759,67849c59bae2e55aac2499dd,2850d217-45bb-4a84-8175-f159c386f1ae,didnt-feel,dont-know,-99.03914309999999,19.430774,2026-03-19T12:09:34.902Z
69bbe7816f3ec378d96f42fd,59f87397d865af09198cf4cf,2850d217-45bb-4a84-8175-f159c386f1ae,didnt-feel,correct,-99.03776119999999,19.4116869,2026-03-19T12:09:37.420Z
69bbe782146eacf0bb9d035d,6692de3ecf283506fbc210c7,2850d217-45bb-4a84-8175-f159c386f1ae,didnt-feel,correct,-99.2834093,19.4471389,2026-03-19T12:09:38.673Z
69bbe7856914ae332b5721ee,642b8e513e294220f99f3a0a,2850d217-45bb-4a84-8175-f159c386f1ae,didnt-feel,correct,-99.1591008,19.2956953,2026-03-19T12:09:41.541Z
69bbe7876e5e3458799715cc,643f773310273ad7bde36500,2850d217-45bb-4a84-8175-f159c386f1ae,didnt-feel,dont-know,-99.132428,19.4263704,2026-03-19T12:09:43.610Z
69bbe78e56f80c19cdfe8393,675c656e1f35c3601c707251,2850d217-45bb-4a84-8175-f159c386f1ae,didnt-feel,dont-know,-98.4561706,18.927267,2026-03-19T12:09:50.291Z
69bbe793eae4277c39003a06,5c29bd836febe609dfdf638c,2850d217-45bb-4a84-8175-f159c386f1ae,didnt-feel,dont-know,-99.65501689999999,19.2901119,2026-03-19T12:09:55.341Z
69bbe794b409d60963ddc355,5aaf1cad41942a31b2566f14,2850d217-45bb-4a84-8175-f159c386f1ae,didnt-feel,dont-know,-99.21413659999999,19.3932334,2026-03-19T12:09:56.595Z
69bbe795bf58a109b517bc46,6441ce36a74e6483b8957ded,2850d217-45bb-4a84-8175-f159c386f1ae,didnt-feel,dont-know,-99.0636744,19.4726495,2026-03-19T12:09:57.510Z
69bbe79686e0f5f192bd0311,5e11742e3eb3eef35a853f9e,2850d217-45bb-4a84-8175-f159c386f1ae,didnt-feel,correct,-98.2425188,18.9805024,2026-03-19T12:09:58.017Z
69bbe796836cd96c699e0b73,59f7438794b604ee748e482a,2850d217-45bb-4a84-8175-f159c386f1ae,didnt-feel,dont-know,-99.24876549999999,19.325199299999998,2026-03-19T12:09:58.116Z
69bbe7a09ab22f0ea43c6091,696a1e434cacff361f07e72b,2850d217-45bb-4a84-8175-f159c386f1ae,didnt-feel,correct,-99.04467059999999,19.2920048,2026-03-19T12:10:08.449Z
69bbe7a0b409d60963ddc36c,696a1e434cacff361f07e72b,2850d217-45bb-4a84-8175-f159c386f1ae,didnt-feel,correct,-99.04467059999999,19.2920048,2026-03-19T12:10:08.830Z
69bbe7a16e5e34587997160d,667859ecbffe5be64c073b2c,2850d217-45bb-4a84-8175-f159c386f1ae,didnt-feel,dont-know,-99.1425231,19.4471274,2026-03-19T12:10:09.078Z
69bbe7a116f32f3334e56b46,6995e52a76dc0843f4aeb00f,2850d217-45bb-4a84-8175-f159c386f1ae,didnt-feel,correct,-99.132101,19.434037,2026-03-19T12:10:09.356Z
69bbe7a2bf58a109b517bc56,5b518d78757585a41de27305,2850d217-45bb-4a84-8175-f159c386f1ae,didnt-feel,dont-know,-98.44995589999999,19.2792607,2026-03-19T12:10:10.229Z
69bbe7aa16f32f3334e56b5a,5a87758c212109ec275e5f70,2850d217-45bb-4a84-8175-f159c386f1ae,didnt-feel,dont-know,-99.1871364,19.580973699999998,2026-03-19T12:10:18.351Z
69bbe7ab86e0f5f192bd0350,59f79201c6e26063f86b6a16,2850d217-45bb-4a84-8175-f159c386f1ae,didnt-feel,correct,-99.2187428,19.6518252,2026-03-19T12:10:19.055Z
69bbe7b316d3535bc25605a1,6959de82a1b4d32ab967c00a,2850d217-45bb-4a84-8175-f159c386f1ae,weak,correct,-99.9068966,16.8743516,2026-03-19T12:10:27.262Z
69bbe7b9146eacf0bb9d03c8,5dd6d84b9561053a01b35ec7,2850d217-45bb-4a84-8175-f159c386f1ae,didnt-feel,correct,-98.833519,19.7048733,2026-03-19T12:10:34.000Z
69bbe7be96943ca0faacfdcd,69703705bd30ac319e2dc330,2850d217-45bb-4a84-8175-f159c386f1ae,didnt-feel,dont-know,-99.18579574674368,19.403406731070998,2026-03-19T12:10:38.020Z
69bbe7c09ab22f0ea43c60cc,59f745a494b604ee748e55d8,2850d217-45bb-4a84-8175-f159c386f1ae,didnt-feel,correct,-99.0400125,19.6583177,2026-03-19T12:10:40.576Z
69bbe7c03d8f0a6fe7087ebf,59f6a16c26457201db66ebd6,2850d217-45bb-4a84-8175-f159c386f1ae,didnt-feel,weaker,-99.11777359999999,19.2970147,2026-03-19T12:10:40.891Z
69bbe7c416f32f3334e56b87,5ab29a7557e4909b2d0fd593,2850d217-45bb-4a84-8175-f159c386f1ae,strong,correct,-98.95627669999999,18.728024599999998,2026-03-19T12:10:44.648Z
69bbe7c5b409d60963ddc3a5,59f763a994b604ee748ea5b9,2850d217-45bb-4a84-8175-f159c386f1ae,didnt-feel,dont-know,-99.49217968138194,17.518096773018137,2026-03-19T12:10:45.998Z
69bbe7c616d3535bc25605b9,5a878e6d212109ec275f864c,2850d217-45bb-4a84-8175-f159c386f1ae,didnt-feel,dont-know,-99.1755743,18.8816957,2026-03-19T12:10:46.001Z
69bbe7cabf58a109b517bc92,632cb57498e01645e8f69391,2850d217-45bb-4a84-8175-f159c386f1ae,didnt-feel,correct,-99.2848068,19.4256987,2026-03-19T12:10:50.791Z
69bbe7d121e7d9be65f5b815,674fdbe226662e20aa8626c9,2850d217-45bb-4a84-8175-f159c386f1ae,didnt-feel,dont-know,-102.0285507,19.4018206,2026-03-19T12:10:57.957Z
69bbe7d56e5e345879971670,59fbf2199b5494a21e9a17e0,2850d217-45bb-4a84-8175-f159c386f1ae,didnt-feel,correct,-99.2567323,19.3546144,2026-03-19T12:11:01.544Z
69bbe7d6b8fdcdb7e1b23a16,61d13a2c02fd703a4477f584,2850d217-45bb-4a84-8175-f159c386f1ae,didnt-feel,dont-know,-99.1466404,19.345542,2026-03-19T12:11:02.030Z
69bbe7d716f32f3334e56bb1,5b305cf5d1c449832fabf92a,2850d217-45bb-4a84-8175-f159c386f1ae,weak,correct,-99.0474345,19.5099377,2026-03-19T12:11:03.326Z
69bbe7da6e5e345879971678,5ba26b207d3948a594ecd802,2850d217-45bb-4a84-8175-f159c386f1ae,didnt-feel,dont-know,-99.0723139,19.420274799999998,2026-03-19T12:11:06.656Z
69bbe7db16d3535bc25605de,6093f0016e88d8000a3edccb,2850d217-45bb-4a84-8175-f159c386f1ae,didnt-feel,correct,-98.978664,19.8410387,2026-03-19T12:11:07.863Z
69bbe7dd146eacf0bb9d041a,66d5f4ecf7ee17231130ef39,2850d217-45bb-4a84-8175-f159c386f1ae,didnt-feel,dont-know,-99.132101,19.434037,2026-03-19T12:11:09.128Z
69bbe7e3146eacf0bb9d041f,59f6a86192c50710c3ed0e54,2850d217-45bb-4a84-8175-f159c386f1ae,didnt-feel,weaker,-99.1368495,19.383599,2026-03-19T12:11:15.019Z
69bbe7e43ae94e897384a7b7,59f748daae9196d83db10781,2850d217-45bb-4a84-8175-f159c386f1ae,didnt-feel,correct,-99.2557394,19.5276545,2026-03-19T12:11:16.827Z
69bbe7ef6e5e34587997169c,6046dc7e1bc432000bea241a,2850d217-45bb-4a84-8175-f159c386f1ae,didnt-feel,dont-know,-99.1442316,19.4431779,2026-03-19T12:11:27.850Z
69bbe7f02db13e4ce6b96f60,698bae91f0d404d5d1326fe7,2850d217-45bb-4a84-8175-f159c386f1ae,moderate,correct,-99.99051192775369,19.627785193269588,2026-03-19T12:11:28.594Z
69bbe7f3eae4277c39003ae0,698bae91f0d404d5d1326fe7,2850d217-45bb-4a84-8175-f159c386f1ae,moderate,correct,-99.99051192775369,19.627785193269588,2026-03-19T12:11:31.831Z
69bbe7ff6f3ec378d96f4420,5b7ea80b4a4f3b3810b7cf09,2850d217-45bb-4a84-8175-f159c386f1ae,weak,weaker,-99.0323806,19.6079115,2026-03-19T12:11:43.712Z
69bbe8009c2fd53e108be065,5b281bcc6a72ed7bd136dd56,2850d217-45bb-4a84-8175-f159c386f1ae,didnt-feel,correct,-99.0709315,19.392349499999998,2026-03-19T12:11:44.380Z
69bbe8036f3ec378d96f4426,63b2b85e6e0f56e3db3266ce,2850d217-45bb-4a84-8175-f159c386f1ae,didnt-feel,dont-know,-99.11518009999999,19.4962144,2026-03-19T12:11:47.450Z
69bbe80621e7d9be65f5b86e,6784af813b0bbfb01c4f38cf,2850d217-45bb-4a84-8175-f159c386f1ae,didnt-feel,dont-know,-100.13254277408123,20.48749257700664,2026-03-19T12:11:50.134Z
69bbe8076e5e3458799716d3,66a4fe922e7cba773ccd421b,2850d217-45bb-4a84-8175-f159c386f1ae,didnt-feel,correct,-98.1324904,19.0605764,2026-03-19T12:11:51.269Z
69bbe80a56f80c19cdfe8475,61d2365802fd70dbd7787b4c,2850d217-45bb-4a84-8175-f159c386f1ae,didnt-feel,correct,-99.1706621,19.2666995,2026-03-19T12:11:54.385Z
69bbe8108c829929f30138be,5dfeacd765405c8e26d7f604,2850d217-45bb-4a84-8175-f159c386f1ae,didnt-feel,correct,-99.15253399999999,19.672639099999998,2026-03-19T12:12:00.416Z
69bbe81c3ae94e897384a84a,65cac344e49c4876cd7e214c,2850d217-45bb-4a84-8175-f159c386f1ae,didnt-feel,dont-know,-99.6424992,19.2558162,2026-03-19T12:12:12.273Z
69bbe81e3ae94e897384a84c,68c018bb9422b676643a2401,2850d217-45bb-4a84-8175-f159c386f1ae,didnt-feel,correct,-99.1968277,19.5819521,2026-03-19T12:12:14.494Z
69bbe822bf58a109b517bd20,6224329f95d60a87294bdd5f,2850d217-45bb-4a84-8175-f159c386f1ae,didnt-feel,correct,-99.13316309999999,19.396592899999998,2026-03-19T12:12:18.906Z
69bbe8249c2fd53e108be0ab,5a38acaf011ccf0f1617bcd0,2850d217-45bb-4a84-8175-f159c386f1ae,didnt-feel,dont-know,-99.1360353,19.3434191,2026-03-19T12:12:20.110Z
69bbe82516f32f3334e56c43,6959aad6af369f9326d115af,2850d217-45bb-4a84-8175-f159c386f1ae,didnt-feel,dont-know,-99.7827167,16.7792844,2026-03-19T12:12:21.143Z
69bbe827bf58a109b517bd26,5bb2ba3db442ddc0ca97b172,2850d217-45bb-4a84-8175-f159c386f1ae,didnt-feel,correct,-95.0264402,16.4584645,2026-03-19T12:12:23.922Z
69bbe8289ab22f0ea43c61ff,5a93108433f01f57cdec1dfc,2850d217-45bb-4a84-8175-f159c386f1ae,didnt-feel,dont-know,-98.214165,19.0108545,2026-03-19T12:12:24.289Z
69bbe8296e5e3458799716fe,5a8853d74b23ae79f14ccf56,2850d217-45bb-4a84-8175-f159c386f1ae,didnt-feel,dont-know,-99.1529231,19.420870400000002,2026-03-19T12:12:25.071Z
69bbe83316d3535bc2560671,69bbe760b8fdcdb7e1b23944,2850d217-45bb-4a84-8175-f159c386f1ae,didnt-feel,correct,-99.2702429,19.329259699999998,2026-03-19T12:12:35.807Z
69bbe83f33f58ed4c61d31e1,59f73f9826457201db676494,2850d217-45bb-4a84-8175-f159c386f1ae,weak,correct,-99.16498910000001,19.405299,2026-03-19T12:12:47.644Z
69bbe846bf58a109b517bd46,67d500e49187c930f186a199,2850d217-45bb-4a84-8175-f159c386f1ae,didnt-feel,correct,-99.132101,19.434037,2026-03-19T12:12:54.469Z
69bbe8486f3ec378d96f44c8,6765d4d9451ef049ab13280f,2850d217-45bb-4a84-8175-f159c386f1ae,didnt-feel,correct,-99.1041157,19.4142597,2026-03-19T12:12:56.411Z
69bbe85221e7d9be65f5b8fa,613901c08694a91bc6a12c65,2850d217-45bb-4a84-8175-f159c386f1ae,didnt-feel,correct,-99.1695251,19.2859027,2026-03-19T12:13:06.127Z
69bbe8596f3ec378d96f44df,5b8c8c95b4af9c66be35a23a,2850d217-45bb-4a84-8175-f159c386f1ae,didnt-feel,correct,-99.16498910000001,19.3287038,2026-03-19T12:13:13.339Z
69bbe85c16f32f3334e56c8c,696a25fc366988e3e7cea4fb,2850d217-45bb-4a84-8175-f159c386f1ae,moderate,correct,-99.82086319999999,16.8970065,2026-03-19T12:13:16.225Z
69bbe85c16f32f3334e56c8e,616878115c4585911a549fc5,2850d217-45bb-4a84-8175-f159c386f1ae,didnt-feel,dont-know,-99.1509907,19.2834688,2026-03-19T12:13:16.417Z
69bbe85e8deb527581516061,5b1d64f8d14f981050a6adfb,2850d217-45bb-4a84-8175-f159c386f1ae,didnt-feel,correct,-99.1463071,19.3303807,2026-03-19T12:13:18.143Z
69bbe863b409d60963ddc4a4,59f86e0b96400cec16943a99,2850d217-45bb-4a84-8175-f159c386f1ae,didnt-feel,dont-know,-99.0778695,19.186543,2026-03-19T12:13:23.053Z
69bbe8656914ae332b572391,63294ab246a75b2d00481097,2850d217-45bb-4a84-8175-f159c386f1ae,didnt-feel,correct,-99.0750788,19.3258466,2026-03-19T12:13:25.432Z
69bbe865146eacf0bb9d0558,5f0d3e397b4076000a5068c8,2850d217-45bb-4a84-8175-f159c386f1ae,didnt-feel,correct,-99.6954033,19.2688418,2026-03-19T12:13:25.901Z
69bbe8668e8ac06d49fef125,5a8b90737bab68e8d71e3c0e,2850d217-45bb-4a84-8175-f159c386f1ae,didnt-feel,dont-know,-99.0806088,19.3579802,2026-03-19T12:13:26.189Z
69bbe86e21e7d9be65f5b929,66ad2c8290269998a5606445,2850d217-45bb-4a84-8175-f159c386f1ae,weak,correct,-99.13025289773941,19.436571369077022,2026-03-19T12:13:34.329Z
69bbe86eb8fdcdb7e1b23bbc,5a0994c295975e38ad368b40,2850d217-45bb-4a84-8175-f159c386f1ae,didnt-feel,correct,-99.1539178,19.5060423,2026-03-19T12:13:34.692Z
69bbe8726f3ec378d96f4502,6311027eaa07b65f91cc2dd0,2850d217-45bb-4a84-8175-f159c386f1ae,didnt-feel,correct,-99.0999669,19.242120099999998,2026-03-19T12:13:38.520Z
69bbe87933f58ed4c61d323a,66f749b60b5d03a6c2e8823d,2850d217-45bb-4a84-8175-f159c386f1ae,didnt-feel,correct,-99.2418386,19.3579501,2026-03-19T12:13:45.940Z
69bbe87e96943ca0faacfef2,5a884ed6212109ec27613f2c,2850d217-45bb-4a84-8175-f159c386f1ae,didnt-feel,dont-know,-99.10619009999999,19.488563400000004,2026-03-19T12:13:50.881Z
69bbe87f6e5e3458799717d9,6995ede826db9a2198de94ed,2850d217-45bb-4a84-8175-f159c386f1ae,didnt-feel,correct,-98.8610882,19.5029648,2026-03-19T12:13:51.619Z
69bbe8823ae94e897384a8eb,5a3ca2dcc8ba9f2af3995f63,2850d217-45bb-4a84-8175-f159c386f1ae,didnt-feel,dont-know,-98.14397919999999,19.0488809,2026-03-19T12:13:54.536Z
69bbe888eae4277c39003c00,6055807877d557000aeefc61,2850d217-45bb-4a84-8175-f159c386f1ae,didnt-feel,dont-know,-99.1368636,19.3835263,2026-03-19T12:14:00.723Z
69bbe88b733b8958239f7151,59f73fbe178b28f9fbf42e02,2850d217-45bb-4a84-8175-f159c386f1ae,didnt-feel,correct,-99.02256279999999,19.3991822,2026-03-19T12:14:03.179Z
69bbe88d3ae94e897384a904,5f7ca2e340b9ab000a038561,2850d217-45bb-4a84-8175-f159c386f1ae,didnt-feel,dont-know,-99.1049724,19.4823866,2026-03-19T12:14:05.518Z
69bbe88e16f32f3334e56ccf,632c262b2db59436d2a6a225,2850d217-45bb-4a84-8175-f159c386f1ae,didnt-feel,correct,-98.2254365,19.0897755,2026-03-19T12:14:06.300Z
69bbe88f33f58ed4c61d3260,6969f73c57aa7534b66f717f,2850d217-45bb-4a84-8175-f159c386f1ae,didnt-feel,dont-know,-99.0937441,19.4950848,2026-03-19T12:14:07.258Z
69bbe8923ae94e897384a908,6957d16a181887d9bf4b454f,2850d217-45bb-4a84-8175-f159c386f1ae,didnt-feel,dont-know,-99.0267076,19.600887999999998,2026-03-19T12:14:10.117Z
69bbe8959ab22f0ea43c62e1,68cd9cdf8747f7527f0887bb,2850d217-45bb-4a84-8175-f159c386f1ae,didnt-feel,correct,-99.15426,19.3823098,2026-03-19T12:14:13.463Z
69bbe89621e7d9be65f5b955,5b0b9dc9bfc7465851879e1d,2850d217-45bb-4a84-8175-f159c386f1ae,didnt-feel,dont-know,-99.132057,19.3488401,2026-03-19T12:14:14.379Z
69bbe89aeae4277c39003c14,59fe1977dd313346a2496e5a,2850d217-45bb-4a84-8175-f159c386f1ae,didnt-feel,correct,-99.19752,19.3395802,2026-03-19T12:14:18.646Z
69bbe89b86e0f5f192bd0513,644001339f02f1370996eb5c,2850d217-45bb-4a84-8175-f159c386f1ae,didnt-feel,correct,-99.1757159,19.5053037,2026-03-19T12:14:19.757Z
69bbe89b3d8f0a6fe7088097,689d408fbf2eb5296acfdcb1,2850d217-45bb-4a84-8175-f159c386f1ae,didnt-feel,dont-know,-99.16776543483138,18.923268683976193,2026-03-19T12:14:19.995Z
69bbe8a03d8f0a6fe70880a7,68bf5c41b5f14e93ecda30b6,2850d217-45bb-4a84-8175-f159c386f1ae,didnt-feel,dont-know,-99.1581949,19.3888734,2026-03-19T12:14:24.006Z
69bbe8a2eae4277c39003c22,5a0c9ed181710def8248e5dd,2850d217-45bb-4a84-8175-f159c386f1ae,didnt-feel,correct,-99.08890459999999,19.3251564,2026-03-19T12:14:26.540Z
69bbe8a496943ca0faacff59,67d4f76a5947d59a483a2922,2850d217-45bb-4a84-8175-f159c386f1ae,weak,correct,-98.9990801,16.7537277,2026-03-19T12:14:28.739Z
69bbe8a416f32f3334e56d10,632fbefa0e95614e386abada,2850d217-45bb-4a84-8175-f159c386f1ae,didnt-feel,dont-know,-99.0547603,19.357475,2026-03-19T12:14:28.968Z
69bbe8a53d8f0a6fe70880b1,5ce08c8f66cbcf6da2e0f7e7,2850d217-45bb-4a84-8175-f159c386f1ae,didnt-feel,dont-know,-98.5597409,19.7786814,2026-03-19T12:14:29.088Z
69bbe8ae8deb527581516110,696a60362c7eb4d361e8e39a,2850d217-45bb-4a84-8175-f159c386f1ae,didnt-feel,dont-know,-101.5677341,20.4794872,2026-03-19T12:14:38.969Z
69bbe8b09ab22f0ea43c631c,643f780f6bc1079ca0e05eb2,2850d217-45bb-4a84-8175-f159c386f1ae,didnt-feel,correct,-99.00876009999999,19.585059599999997,2026-03-19T12:14:40.008Z
69bbe8b116d3535bc25607b2,61d7b423881b02247bfd5509,2850d217-45bb-4a84-8175-f159c386f1ae,didnt-feel,weaker,-99.1678836,19.289265,2026-03-19T12:14:41.255Z
69bbe8b633f58ed4c61d32af,644dece2136b8e4f5e0839e2,2850d217-45bb-4a84-8175-f159c386f1ae,didnt-feel,dont-know,-99.1253549,19.3335822,2026-03-19T12:14:46.114Z
69bbe8b62db13e4ce6b970fd,63f834d743aa844090a5e2e7,2850d217-45bb-4a84-8175-f159c386f1ae,didnt-feel,dont-know,-98.24551836530252,19.079178815611726,2026-03-19T12:14:46.192Z
69bbe8c16914ae332b572440,5e3236d5b4ae6a000ad4a9b9,2850d217-45bb-4a84-8175-f159c386f1ae,didnt-feel,dont-know,-99.23560479999999,18.9203462,2026-03-19T12:14:57.569Z
69bbe8c216d3535bc25607d3,5a8b03c79f886943c52ce9ff,2850d217-45bb-4a84-8175-f159c386f1ae,didnt-feel,dont-know,-100.0052044,19.9198874,2026-03-19T12:14:58.528Z
69bbe8ca33f58ed4c61d32c8,5a0c9ffc81710def8248e906,2850d217-45bb-4a84-8175-f159c386f1ae,moderate,correct,-99.1165633,19.3237725,2026-03-19T12:15:06.198Z
69bbe8ca6f3ec378d96f45c2,67c21d23816c992d1489ad1d,2850d217-45bb-4a84-8175-f159c386f1ae,didnt-feel,dont-know,-99.132101,19.434037,2026-03-19T12:15:06.567Z
69bbe8ca8c829929f30139fa,69b198cbf56220673b9ff7a6,2850d217-45bb-4a84-8175-f159c386f1ae,didnt-feel,correct,-99.0211532,19.330366,2026-03-19T12:15:06.621Z
69bbe8cd146eacf0bb9d05ef,68c0157f9422b676643a134e,2850d217-45bb-4a84-8175-f159c386f1ae,didnt-feel,dont-know,-99.05503569999999,19.2833881,2026-03-19T12:15:09.930Z
69bbe8ce8e8ac06d49fef1cb,59f93f09879b74cfcf2be8ac,2850d217-45bb-4a84-8175-f159c386f1ae,didnt-feel,correct,-98.1761975,19.076341799999998,2026-03-19T12:15:10.365Z
69bbe8d26e5e3458799718e1,62f1d4bc9958c97df100ad87,2850d217-45bb-4a84-8175-f159c386f1ae,didnt-feel,dont-know,-99.0404557,19.5149399,2026-03-19T12:15:14.813Z
69bbe8d221e7d9be65f5b9d0,657b394764af7b0c7e0179b4,2850d217-45bb-4a84-8175-f159c386f1ae,didnt-feel,dont-know,-98.20766720920801,19.03915095941184,2026-03-19T12:15:14.910Z
69bbe8d3733b8958239f7212,67d5f7cd71bde27789595dc5,2850d217-45bb-4a84-8175-f159c386f1ae,didnt-feel,correct,-99.132101,19.434037,2026-03-19T12:15:15.360Z
69bbe8d396943ca0faacffb0,5a3457a2665c8f1fffc2731a,2850d217-45bb-4a84-8175-f159c386f1ae,didnt-feel,correct,-99.0184183,19.586562900000004,2026-03-19T12:15:15.791Z
69bbe8d76e5e3458799718ea,68c06e257325abe07014cac6,2850d217-45bb-4a84-8175-f159c386f1ae,didnt-feel,dont-know,-99.0073673,19.4102526,2026-03-19T12:15:19.678Z
69bbe8da9c2fd53e108be1d0,66d9bc6557a8cfef4ef4af64,2850d217-45bb-4a84-8175-f159c386f1ae,didnt-feel,dont-know,-99.1348956,19.4683018,2026-03-19T12:15:22.779Z
69bbe8db3ae94e897384a98f,6195008a55f97bc1750de1b0,2850d217-45bb-4a84-8175-f159c386f1ae,weak,weaker,-99.2848068,19.4256987,2026-03-19T12:15:23.534Z
69bbe8e086e0f5f192bd0585,5ab1506c8c43858cc0f3b432,2850d217-45bb-4a84-8175-f159c386f1ae,didnt-feel,correct,-99.1373136,19.4302678,2026-03-19T12:15:28.751Z
69bbe8e26914ae332b572489,5a0df93281710def8249488c,2850d217-45bb-4a84-8175-f159c386f1ae,didnt-feel,correct,-99.11379699999999,19.347479800000002,2026-03-19T12:15:30.137Z
69bbe8e316f32f3334e56d86,5a88699d516763ab1191f76a,2850d217-45bb-4a84-8175-f159c386f1ae,didnt-feel,dont-know,-99.1048072,19.3958089,2026-03-19T12:15:31.442Z
69bbe8e421e7d9be65f5b9e7,5a03337ba1ce53d18176622b,2850d217-45bb-4a84-8175-f159c386f1ae,didnt-feel,weaker,-99.0453615,19.469514099999998,2026-03-19T12:15:32.402Z
69bbe8e96e5e345879971900,6575ddadec2152e2baad8e86,2850d217-45bb-4a84-8175-f159c386f1ae,didnt-feel,dont-know,-99.1214045,19.4435932,2026-03-19T12:15:37.163Z
69bbe8f3b8fdcdb7e1b23cdd,59fb599a9d5e8d8ae7ebaaa7,2850d217-45bb-4a84-8175-f159c386f1ae,didnt-feel,correct,-98.95627669999999,18.728024599999998,2026-03-19T12:15:47.048Z
69bbe8f333f58ed4c61d3300,69b3bcd24529cf488d581df6,2850d217-45bb-4a84-8175-f159c386f1ae,weak,correct,-99.0598732,19.504892599999998,2026-03-19T12:15:47.555Z
69bbe8f56e5e345879971923,5a88a5044b23ae79f14da69e,2850d217-45bb-4a84-8175-f159c386f1ae,didnt-feel,correct,-99.1019709,19.5285287,2026-03-19T12:15:49.440Z
69bbe8f686e0f5f192bd05b2,69584d137853ab835bbe09ae,2850d217-45bb-4a84-8175-f159c386f1ae,didnt-feel,dont-know,-99.12624609999999,19.6607139,2026-03-19T12:15:50.565Z
69bbe8ff146eacf0bb9d065f,6159a6fbd4689d16328bba80,2850d217-45bb-4a84-8175-f159c386f1ae,didnt-feel,dont-know,-99.19128970000001,19.5262433,2026-03-19T12:15:59.042Z
69bbe900bf58a109b517bec4,68539f8a37c0e8bf800185c9,2850d217-45bb-4a84-8175-f159c386f1ae,didnt-feel,dont-know,-98.1864452,18.985192299999998,2026-03-19T12:16:00.289Z
69bbe904bf58a109b517bec9,5aa9a5d126df2a1ab7d16acc,2850d217-45bb-4a84-8175-f159c386f1ae,weak,correct,-98.6023254,18.301724399999998,2026-03-19T12:16:04.096Z
69bbe909836cd96c699e0e6b,698e25b61126c76f0986a972,2850d217-45bb-4a84-8175-f159c386f1ae,didnt-feel,correct,-98.2281337,18.9560669,2026-03-19T12:16:09.056Z
69bbe90b8deb5275815161ac,59fb174db326dead121674c2,2850d217-45bb-4a84-8175-f159c386f1ae,didnt-feel,correct,-99.22206956767245,19.483399647761427,2026-03-19T12:16:11.785Z
69bbe90d96943ca0faad001d,698e25b61126c76f0986a972,2850d217-45bb-4a84-8175-f159c386f1ae,didnt-feel,correct,-98.2281337,18.9560669,2026-03-19T12:16:13.463Z
69bbe90fbf58a109b517bed8,66ca9ca2f94dab5a98dc2337,2850d217-45bb-4a84-8175-f159c386f1ae,didnt-feel,dont-know,-99.23075659999999,19.3820783,2026-03-19T12:16:15.668Z
69bbe9159c2fd53e108be27b,5f7a67671dbb14000a5897d8,2850d217-45bb-4a84-8175-f159c386f1ae,weak,correct,-99.0170369,19.2462344,2026-03-19T12:16:21.538Z
69bbe916eae4277c39003d77,6425b59030bb2404be158e9d,2850d217-45bb-4a84-8175-f159c386f1ae,didnt-feel,dont-know,-99.0909786,19.5261706,2026-03-19T12:16:22.208Z
69bbe91833f58ed4c61d3340,5a7678354b23ae79f148c640,2850d217-45bb-4a84-8175-f159c386f1ae,didnt-feel,correct,-98.2144627,19.0569426,2026-03-19T12:16:24.195Z
69bbe9196914ae332b5724d8,5a8796254b23ae79f14b3a33,2850d217-45bb-4a84-8175-f159c386f1ae,didnt-feel,dont-know,-99.0654022,19.4103067,2026-03-19T12:16:25.073Z
69bbe919836cd96c699e0e8e,59f747bc05e024e0e3438a2d,2850d217-45bb-4a84-8175-f159c386f1ae,didnt-feel,dont-know,-99.17143436148763,19.366649220206675,2026-03-19T12:16:25.367Z
69bbe91916d3535bc25608c9,5b96ff86b19cdbcbc5371f76,2850d217-45bb-4a84-8175-f159c386f1ae,didnt-feel,dont-know,-102.285823,19.977252099999998,2026-03-19T12:16:25.826Z
69bbe91c3d8f0a6fe708817b,5a8af9335b7cc0cee0800fa4,2850d217-45bb-4a84-8175-f159c386f1ae,didnt-feel,correct,-99.6308564,19.3049081,2026-03-19T12:16:28.823Z
69bbe91eb8fdcdb7e1b23d15,5a112ca6b202584a119db765,2850d217-45bb-4a84-8175-f159c386f1ae,didnt-feel,correct,-98.86495493352413,18.751475444540375,2026-03-19T12:16:30.661Z
69bbe91e9ab22f0ea43c6424,607250e8fcf79c000a2b9644,2850d217-45bb-4a84-8175-f159c386f1ae,weak,correct,-99.7976832,16.8268417,2026-03-19T12:16:30.880Z
69bbe92433f58ed4c61d334f,5a8fd23d50d7304d270bf395,2850d217-45bb-4a84-8175-f159c386f1ae,didnt-feel,correct,-98.1867868,19.0201991,2026-03-19T12:16:36.296Z
69bbe925eae4277c39003da9,673cb2a3813ebe4a2972d758,2850d217-45bb-4a84-8175-f159c386f1ae,didnt-feel,dont-know,-99.21163447201252,19.39418011327694,2026-03-19T12:16:37.709Z
69bbe9319c2fd53e108be2bd,61476d235194a22ed2082ee6,2850d217-45bb-4a84-8175-f159c386f1ae,didnt-feel,correct,-99.22383119999999,18.871648800000003,2026-03-19T12:16:49.481Z
69bbe93786e0f5f192bd062d,6631c1d92c1e46f900e350c2,2850d217-45bb-4a84-8175-f159c386f1ae,didnt-feel,dont-know,-102.0554049,19.4329258,2026-03-19T12:16:55.319Z
69bbe93a6f3ec378d96f468d,6447442e0ec23599789237d8,2850d217-45bb-4a84-8175-f159c386f1ae,didnt-feel,correct,-99.16498910000001,19.6941112,2026-03-19T12:16:58.879Z
69bbe93bbf58a109b517bf26,632c6888a7496e561120bf3a,2850d217-45bb-4a84-8175-f159c386f1ae,didnt-feel,correct,-99.02359899999999,19.5011825,2026-03-19T12:16:59.254Z
69bbe93e96943ca0faad0093,5f7968e3f3dfe5000a11296d,2850d217-45bb-4a84-8175-f159c386f1ae,didnt-feel,weaker,-99.1373136,19.4302678,2026-03-19T12:17:02.451Z
69bbe9423ae94e897384aa53,5a24a0c449297f5a37e88860,2850d217-45bb-4a84-8175-f159c386f1ae,didnt-feel,dont-know,-99.2307731,18.9402336,2026-03-19T12:17:06.458Z
69bbe9469ab22f0ea43c648a,5a0a2af81bd2466979f2a696,2850d217-45bb-4a84-8175-f159c386f1ae,didnt-feel,dont-know,-99.18505979999999,19.3785056,2026-03-19T12:17:10.145Z
69bbe9493d8f0a6fe70881d1,59f7467894b604ee748e5a65,2850d217-45bb-4a84-8175-f159c386f1ae,weak,correct,-99.89630849999999,16.8788117,2026-03-19T12:17:13.982Z
69bbe94c146eacf0bb9d06fa,632c451098e01615b3f33f1e,2850d217-45bb-4a84-8175-f159c386f1ae,didnt-feel,correct,-99.1746778,18.8851198,2026-03-19T12:17:16.633Z
69bbe94f3ae94e897384aa61,5a8a679f909e7de50d02a4ee,2850d217-45bb-4a84-8175-f159c386f1ae,didnt-feel,dont-know,-99.6657719,19.273988,2026-03-19T12:17:19.445Z
69bbe94f33f58ed4c61d338b,68d77150856dbde5e8527a5c,2850d217-45bb-4a84-8175-f159c386f1ae,didnt-feel,dont-know,-99.2051355,19.3752791,2026-03-19T12:17:19.955Z
69bbe94f3d8f0a6fe70881db,59f7274326457201db674679,2850d217-45bb-4a84-8175-f159c386f1ae,didnt-feel,dont-know,-99.1266753598409,19.383831516899733,2026-03-19T12:17:19.963Z
69bbe9508e8ac06d49fef2c9,67d4f343e3b9f24f1166fad0,2850d217-45bb-4a84-8175-f159c386f1ae,didnt-feel,dont-know,-99.23075659999999,19.3820783,2026-03-19T12:17:20.332Z
69bbe9508c829929f3013ad9,5a8f7f5b9120e2d009dd42d5,2850d217-45bb-4a84-8175-f159c386f1ae,didnt-feel,correct,-99.19752,19.3395802,2026-03-19T12:17:20.805Z
69bbe95356f80c19cdfe8713,66aa860d4d122badf853df5f,2850d217-45bb-4a84-8175-f159c386f1ae,didnt-feel,dont-know,-99.132101,19.434037,2026-03-19T12:17:23.192Z
69bbe95333f58ed4c61d3391,643f7944397cec0cad38fb6a,2850d217-45bb-4a84-8175-f159c386f1ae,didnt-feel,dont-know,-99.146999,19.2957335,2026-03-19T12:17:23.897Z
69bbe953836cd96c699e0ee0,5a8f7f5b9120e2d009dd42d5,2850d217-45bb-4a84-8175-f159c386f1ae,didnt-feel,correct,-99.19752,19.3395802,2026-03-19T12:17:23.914Z
69bbe9546f3ec378d96f46ae,5a0c9d87b202584a119cd035,2850d217-45bb-4a84-8175-f159c386f1ae,didnt-feel,dont-know,-99.2756998,19.3568681,2026-03-19T12:17:24.816Z
69bbe95816d3535bc2560941,59fe0c1e61c0127ef0346cb5,2850d217-45bb-4a84-8175-f159c386f1ae,didnt-feel,correct,-99.2219915,19.2834184,2026-03-19T12:17:28.521Z
69bbe9592db13e4ce6b97271,67534d35c744afcaca30335f,2850d217-45bb-4a84-8175-f159c386f1ae,strong,stronger,-100.6352747,17.2224104,2026-03-19T12:17:29.594Z
69bbe95996943ca0faad00b8,5c547c7fd217dc9585c2c76a,2850d217-45bb-4a84-8175-f159c386f1ae,weak,correct,-99.1158717,19.371682099999997,2026-03-19T12:17:29.768Z
69bbe95e3ae94e897384aa77,5a416160dc03ee7377540749,2850d217-45bb-4a84-8175-f159c386f1ae,didnt-feel,correct,-98.982146,19.6860924,2026-03-19T12:17:34.377Z
69bbe960733b8958239f72f3,6889a6b2474d17efc03050ad,2850d217-45bb-4a84-8175-f159c386f1ae,didnt-feel,dont-know,-101.78109295402022,19.812256212696557,2026-03-19T12:17:36.863Z
69bbe961733b8958239f72f5,696a49d42c7eb4d361e70bbc,2850d217-45bb-4a84-8175-f159c386f1ae,didnt-feel,dont-know,-99.1497664,19.4458447,2026-03-19T12:17:37.162Z
69bbe9676f3ec378d96f46c3,61382d1e9439d74ad78335d3,2850d217-45bb-4a84-8175-f159c386f1ae,weak,dont-know,-99.02385489999999,19.7831807,2026-03-19T12:17:43.309Z
69bbe974b8fdcdb7e1b23dcf,67c1e3aaa7d9b5af9786e1f0,2850d217-45bb-4a84-8175-f159c386f1ae,didnt-feel,dont-know,-99.69261739999999,19.295468800000002,2026-03-19T12:17:56.756Z
69bbe979733b8958239f732a,643f1b018ef0c8430446d395,2850d217-45bb-4a84-8175-f159c386f1ae,didnt-feel,weaker,-99.2979641,19.545816700000003,2026-03-19T12:18:01.398Z
69bbe97dbf58a109b517bf97,61382d1e9439d74ad78335d3,2850d217-45bb-4a84-8175-f159c386f1ae,weak,dont-know,-99.02385489999999,19.7831807,2026-03-19T12:18:05.520Z
69bbe97e8e8ac06d49fef32c,6640b56e6c098747990888e3,2850d217-45bb-4a84-8175-f159c386f1ae,didnt-feel,correct,-99.14268476888537,19.414699267352994,2026-03-19T12:18:06.154Z
69bbe97e9ab22f0ea43c64d8,633d0bf70d758e32fec5c685,2850d217-45bb-4a84-8175-f159c386f1ae,weak,correct,-99.12002129999999,19.3788394,2026-03-19T12:18:06.284Z
69bbe97f836cd96c699e0f18,59f82c767c71e00aeddc8a8f,2850d217-45bb-4a84-8175-f159c386f1ae,didnt-feel,correct,-99.2343352,19.3460317,2026-03-19T12:18:07.252Z
69bbe980eae4277c39003e83,65722b7d6450f44f8afcc27f,2850d217-45bb-4a84-8175-f159c386f1ae,didnt-feel,correct,-99.2023662,19.281163799999998,2026-03-19T12:18:08.467Z
69bbe9843ae94e897384aad1,5a8b9bd212d6173c680e7a59,2850d217-45bb-4a84-8175-f159c386f1ae,weak,correct,-99.11658788099885,19.469403031268143,2026-03-19T12:18:12.253Z
69bbe987733b8958239f7338,6430a5f7bf9ab29a733ff40c,2850d217-45bb-4a84-8175-f159c386f1ae,didnt-feel,dont-know,-99.09311721101403,19.50635806773782,2026-03-19T12:18:15.781Z
69bbe98c6f3ec378d96f46fe,63f674ceee4f13315f61f38e,2850d217-45bb-4a84-8175-f159c386f1ae,didnt-feel,dont-know,-99.1860513,19.473984,2026-03-19T12:18:20.008Z
69bbe98e8deb5275815162b2,59f6a72992c50710c3ed0cbf,2850d217-45bb-4a84-8175-f159c386f1ae,didnt-feel,dont-know,-99.1304588,19.3762725,2026-03-19T12:18:22.206Z
69bbe98eeae4277c39003e93,6016c2d0e15307000ab694a0,2850d217-45bb-4a84-8175-f159c386f1ae,didnt-feel,weaker,-99.1613952551428,19.470501567148414,2026-03-19T12:18:22.436Z
69bbe992836cd96c699e0f35,688e8b55982b261232b4d997,2850d217-45bb-4a84-8175-f159c386f1ae,didnt-feel,correct,-99.0059861,19.2379414,2026-03-19T12:18:26.851Z
69bbe9938e8ac06d49fef3da,5e30e1188176da000a93e439,2850d217-45bb-4a84-8175-f159c386f1ae,didnt-feel,dont-know,-98.2500125,18.9786824,2026-03-19T12:18:27.727Z
69bbe99656f80c19cdfe8786,5a9bfd68543df5f1d8709b7b,2850d217-45bb-4a84-8175-f159c386f1ae,didnt-feel,dont-know,-99.1559935,19.5052002,2026-03-19T12:18:30.625Z
69bbe9a116f32f3334e56f4f,632c41a485eccc2dad778000,2850d217-45bb-4a84-8175-f159c386f1ae,weak,correct,-98.2015669,19.0363706,2026-03-19T12:18:41.677Z
69bbe9a13d8f0a6fe7088249,5a88f4ce4b23ae79f14e7c5d,2850d217-45bb-4a84-8175-f159c386f1ae,weak,correct,-99.7483527,19.3042587,2026-03-19T12:18:41.732Z
69bbe9a26914ae332b572626,632cb69d1d45fa7e7580a373,2850d217-45bb-4a84-8175-f159c386f1ae,didnt-feel,dont-know,-99.2048908,19.4330047,2026-03-19T12:18:42.967Z
69bbe9aa836cd96c699e0f67,59f813e27c1642f6b3de3100,2850d217-45bb-4a84-8175-f159c386f1ae,didnt-feel,weaker,-98.997699,19.3532646,2026-03-19T12:18:50.230Z
69bbe9ab86e0f5f192bd0726,6440c15a5ba31037cc9abedc,2850d217-45bb-4a84-8175-f159c386f1ae,didnt-feel,dont-know,-99.1069756,19.4167821,2026-03-19T12:18:51.133Z
69bbe9ad6914ae332b57264e,66ade3e2c4438d3fef1d6e92,2850d217-45bb-4a84-8175-f159c386f1ae,didnt-feel,dont-know,-99.01227006688714,19.578375844933618,2026-03-19T12:18:53.090Z
69bbe9b116d3535bc2560a2d,67c21a1f53b1109218106185,2850d217-45bb-4a84-8175-f159c386f1ae,didnt-feel,correct,-99.23075659999999,19.2731018,2026-03-19T12:18:57.802Z
69bbe9b316d3535bc2560a30,5a8a77c99f71719058b20031,2850d217-45bb-4a84-8175-f159c386f1ae,didnt-feel,dont-know,-99.09443549999999,19.392646,2026-03-19T12:18:59.269Z
69bbe9b88deb5275815162ec,643f7b451ef7961359b1d853,2850d217-45bb-4a84-8175-f159c386f1ae,didnt-feel,correct,-98.78391909999999,19.978799600000002,2026-03-19T12:19:04.016Z
69bbe9b8eae4277c39003f15,59f9e6a2879b74cfcf2c1d7a,2850d217-45bb-4a84-8175-f159c386f1ae,didnt-feel,dont-know,-99.1144885,19.4645693,2026-03-19T12:19:04.418Z
69bbe9ba146eacf0bb9d07d2,5ab1be6eff306403045eb55d,2850d217-45bb-4a84-8175-f159c386f1ae,violent,stronger,-99.16360510000001,19.5099709,2026-03-19T12:19:06.179Z
69bbe9bbbf58a109b517c00f,6783847a7c939708fdf83753,2850d217-45bb-4a84-8175-f159c386f1ae,didnt-feel,dont-know,-98.2463662,19.0503518,2026-03-19T12:19:07.393Z
69bbe9bc836cd96c699e0f92,59f6a05492c50710c3ed0209,2850d217-45bb-4a84-8175-f159c386f1ae,weak,dont-know,-99.0819571,19.4728832,2026-03-19T12:19:08.778Z
69bbe9c033f58ed4c61d3486,5a8ffb0350d7304d270bf555,2850d217-45bb-4a84-8175-f159c386f1ae,didnt-feel,correct,-99.1251318,19.4316849,2026-03-19T12:19:13.000Z
69bbe9c22db13e4ce6b97365,65adc677e49c48826d092ea2,2850d217-45bb-4a84-8175-f159c386f1ae,didnt-feel,correct,-99.1573774,19.368120299999998,2026-03-19T12:19:14.513Z
69bbe9c5146eacf0bb9d07e1,6958578f81af5f8637fc9264,2850d217-45bb-4a84-8175-f159c386f1ae,didnt-feel,dont-know,-99.1971906,18.8293757,2026-03-19T12:19:17.697Z
69bbe9c79c2fd53e108be3e2,5ef22cce44c4e4000ac6440e,2850d217-45bb-4a84-8175-f159c386f1ae,weak,weaker,-99.1303962,19.493972199999998,2026-03-19T12:19:19.614Z
69bbe9c76e5e345879971a55,5a8796254b23ae79f14b3a33,2850d217-45bb-4a84-8175-f159c386f1ae,didnt-feel,dont-know,-99.0654022,19.4103067,2026-03-19T12:19:19.716Z
69bbe9c886e0f5f192bd0751,60dde023a63d9455ff0d7764,2850d217-45bb-4a84-8175-f159c386f1ae,didnt-feel,dont-know,-99.02256279999999,19.3991822,2026-03-19T12:19:20.599Z
69bbe9c9836cd96c699e0fa7,688e61a021409458b667dd28,2850d217-45bb-4a84-8175-f159c386f1ae,didnt-feel,dont-know,-98.88133501439918,19.50493886265755,2026-03-19T12:19:21.724Z
69bbe9c921e7d9be65f5bc17,632dfdae08fdad84a1fdfeb8,2850d217-45bb-4a84-8175-f159c386f1ae,didnt-feel,dont-know,-99.1202133,19.3800533,2026-03-19T12:19:21.911Z
69bbe9d7146eacf0bb9d07f7,699c6d3449b5db259b3437e2,2850d217-45bb-4a84-8175-f159c386f1ae,didnt-feel,dont-know,-101.2304188,19.6872449,2026-03-19T12:19:35.263Z
69bbe9e36914ae332b5726aa,6440adfea74e64187b8e0dac,2850d217-45bb-4a84-8175-f159c386f1ae,weak,weaker,-99.1372722,19.3609845,2026-03-19T12:19:47.912Z
69bbe9e66914ae332b5726ae,68c3023898c847399b1cf2a1,2850d217-45bb-4a84-8175-f159c386f1ae,didnt-feel,dont-know,-99.0839185,19.4682242,2026-03-19T12:19:50.826Z
69bbe9e9836cd96c699e0fcb,693db6f820ec4b78afa719a4,2850d217-45bb-4a84-8175-f159c386f1ae,didnt-feel,dont-know,-99.1633971,19.406685,2026-03-19T12:19:53.654Z
69bbe9f8b8fdcdb7e1b23ee1,6784107e3b0bbfb01c44eaf3,2850d217-45bb-4a84-8175-f159c386f1ae,didnt-feel,dont-know,-99.18366054072976,18.893551759282524,2026-03-19T12:20:08.600Z
69bbe9fa146eacf0bb9d083e,691f9c656f46f0adb2c067af,2850d217-45bb-4a84-8175-f159c386f1ae,weak,correct,-99.08613919999999,19.4696799,2026-03-19T12:20:10.026Z
69bbe9fa9ab22f0ea43c65c9,5ba506c378fda76df5951a8c,2850d217-45bb-4a84-8175-f159c386f1ae,didnt-feel,correct,-99.75392819999999,19.2804257,2026-03-19T12:20:10.418Z
69bbe9fc56f80c19cdfe8844,59f737550a25adc0efc5cad0,2850d217-45bb-4a84-8175-f159c386f1ae,didnt-feel,correct,-101.2274302,19.7317579,2026-03-19T12:20:12.763Z
69bbe9fe146eacf0bb9d0852,69993953a9ce999460a47820,2850d217-45bb-4a84-8175-f159c386f1ae,didnt-feel,weaker,-99.132101,19.434037,2026-03-19T12:20:14.696Z
69bbea06836cd96c699e100e,695a82503ae49e7363df4c98,2850d217-45bb-4a84-8175-f159c386f1ae,weak,correct,-99.8030538,16.818891,2026-03-19T12:20:22.761Z
69bbea093ae94e897384ab90,6959913caf369f9326cff5bc,2850d217-45bb-4a84-8175-f159c386f1ae,didnt-feel,dont-know,-99.18374295219986,18.89008630823771,2026-03-19T12:20:25.221Z
69bbea0c6e5e345879971ac6,623db77d5390836e3806d53c,2850d217-45bb-4a84-8175-f159c386f1ae,didnt-feel,dont-know,-99.19613539999999,19.4515965,2026-03-19T12:20:28.306Z
69bbea0f146eacf0bb9d0865,64235042be5df48da96b5613,2850d217-45bb-4a84-8175-f159c386f1ae,didnt-feel,dont-know,-102.0509424,19.4010937,2026-03-19T12:20:31.795Z
69bbea128deb52758151638a,59f9413e879b74cfcf2bea6e,2850d217-45bb-4a84-8175-f159c386f1ae,didnt-feel,dont-know,-99.1562969,19.4286926,2026-03-19T12:20:34.080Z
69bbea1356f80c19cdfe886e,59f88aad543d32d8d526eb07,2850d217-45bb-4a84-8175-f159c386f1ae,didnt-feel,correct,-98.1987443,19.3209691,2026-03-19T12:20:35.843Z
69bbea1b96943ca0faad029d,59f7cc67993bc192df1afe66,2850d217-45bb-4a84-8175-f159c386f1ae,didnt-feel,correct,-98.2385992,19.0553165,2026-03-19T12:20:43.511Z
69bbea1e8c829929f3013cf1,69a2605c641c831a6c791456,2850d217-45bb-4a84-8175-f159c386f1ae,didnt-feel,dont-know,-99.2026966,19.4433631,2026-03-19T12:20:46.059Z
69bbea20bf58a109b517c120,6406a73df9d0cdf95a325a2c,2850d217-45bb-4a84-8175-f159c386f1ae,didnt-feel,correct,-101.2151914,19.672378,2026-03-19T12:20:48.546Z
69bbea2616f32f3334e57076,69b2faee8cd5ea77c288c27a,2850d217-45bb-4a84-8175-f159c386f1ae,didnt-feel,correct,-99.1336162,19.4102841,2026-03-19T12:20:54.979Z
69bbea2a96943ca0faad02b5,59f6b7ef26457201db670c31,2850d217-45bb-4a84-8175-f159c386f1ae,didnt-feel,correct,-99.16083719999999,19.4276061,2026-03-19T12:20:58.147Z
69bbea2bbf58a109b517c12e,59f8684b7c71e00aeddc9bc1,2850d217-45bb-4a84-8175-f159c386f1ae,didnt-feel,correct,-99.0687326,19.402507,2026-03-19T12:20:59.495Z
69bbea2e86e0f5f192bd0800,64507fe337597e7956dc5487,2850d217-45bb-4a84-8175-f159c386f1ae,didnt-feel,correct,-98.8932734,19.3009554,2026-03-19T12:21:02.001Z
69bbea3796943ca0faad02c5,5a89b232516763ab1193f3ef,2850d217-45bb-4a84-8175-f159c386f1ae,didnt-feel,dont-know,-99.0750788,19.3258466,2026-03-19T12:21:11.460Z
69bbea3a146eacf0bb9d0899,5cb41b68998a32dcdde36070,2850d217-45bb-4a84-8175-f159c386f1ae,didnt-feel,dont-know,-98.18194834515452,19.0646685670284,2026-03-19T12:21:14.121Z
69bbea3b6e5e345879971b21,59fa1ece879b74cfcf2c2f4c,2850d217-45bb-4a84-8175-f159c386f1ae,didnt-feel,dont-know,-101.1597229,19.654604,2026-03-19T12:21:15.054Z
69bbea3b733b8958239f7548,6957fb892cbf7d5d0722ff7f,2850d217-45bb-4a84-8175-f159c386f1ae,didnt-feel,dont-know,-98.43350199999999,18.884938599999998,2026-03-19T12:21:15.357Z
69bbea3c146eacf0bb9d089b,5e1f0ac8087015000a08db38,2850d217-45bb-4a84-8175-f159c386f1ae,didnt-feel,correct,-99.28271629999999,19.3860544,2026-03-19T12:21:16.101Z
69bbea3fb8fdcdb7e1b23f66,613d5cfd3cbe9c54286e4521,2850d217-45bb-4a84-8175-f159c386f1ae,didnt-feel,dont-know,-99.5139636,19.2866566,2026-03-19T12:21:19.107Z
69bbea4316d3535bc2560b82,5a87734a212109ec275e3aef,2850d217-45bb-4a84-8175-f159c386f1ae,didnt-feel,dont-know,-99.5943738,19.270741,2026-03-19T12:21:23.387Z
69bbea4aeae4277c39004000,6957fb0d78a5575e0038c8ee,2850d217-45bb-4a84-8175-f159c386f1ae,didnt-feel,correct,-99.132101,19.434037,2026-03-19T12:21:30.638Z
69bbea4a16f32f3334e570c6,5a9db71a26ea5837f4e21ac7,2850d217-45bb-4a84-8175-f159c386f1ae,didnt-feel,weaker,-99.03914309999999,19.324689100000004,2026-03-19T12:21:30.705Z
69bbea4a86e0f5f192bd0821,59f72cd30a25adc0efc5bfa6,2850d217-45bb-4a84-8175-f159c386f1ae,didnt-feel,dont-know,-99.1581938,19.5324585,2026-03-19T12:21:30.822Z
69bbea5c836cd96c699e10c2,5a108978b202584a119d8371,2850d217-45bb-4a84-8175-f159c386f1ae,didnt-feel,dont-know,-99.1193297,19.644852099999998,2026-03-19T12:21:48.490Z
69bbea5e733b8958239f757a,6969e4703478f82ad09e65de,2850d217-45bb-4a84-8175-f159c386f1ae,didnt-feel,dont-know,-99.2479120194912,18.304242501467144,2026-03-19T12:21:50.593Z
69bbea606914ae332b5727dc,59fb1ae8728a60c73456d242,2850d217-45bb-4a84-8175-f159c386f1ae,didnt-feel,dont-know,-99.1688382,19.463559,2026-03-19T12:21:52.805Z
69bbea68bf58a109b517c199,59f9e523543d32d8d5279e29,2850d217-45bb-4a84-8175-f159c386f1ae,weak,correct,-99.1781383,17.59346,2026-03-19T12:22:00.206Z
69bbea6b8e8ac06d49fef555,67c21318b67951a938dd8f2f,2850d217-45bb-4a84-8175-f159c386f1ae,didnt-feel,dont-know,-99.1898531,19.3750166,2026-03-19T12:22:03.103Z
69bbea6deae4277c39004045,632a3d52e67dbdebde646dd4,2850d217-45bb-4a84-8175-f159c386f1ae,didnt-feel,correct,-98.15434069999999,19.0537118,2026-03-19T12:22:05.690Z
69bbea6d96943ca0faad0323,698b193bff0bd3ff83986da2,2850d217-45bb-4a84-8175-f159c386f1ae,didnt-feel,correct,-99.2051355,19.3752791,2026-03-19T12:22:05.937Z
69bbea6e86e0f5f192bd0868,667b59c75e9729781640285a,2850d217-45bb-4a84-8175-f159c386f1ae,weak,correct,-99.1235267,19.3480472,2026-03-19T12:22:06.270Z
69bbea6f146eacf0bb9d095b,6439c2c2b20c9761341f30c3,2850d217-45bb-4a84-8175-f159c386f1ae,didnt-feel,correct,-99.2462157,18.9290193,2026-03-19T12:22:07.184Z
69bbea6f8c829929f3013d73,5a6f6384035e0e078db606a1,2850d217-45bb-4a84-8175-f159c386f1ae,didnt-feel,correct,-99.03806229999999,19.6362098,2026-03-19T12:22:07.944Z
69bbea748e8ac06d49fef565,646aedc3c993d7385fb1ccbb,2850d217-45bb-4a84-8175-f159c386f1ae,weak,correct,-99.17239771857413,19.3818359375,2026-03-19T12:22:12.431Z
69bbea7e96943ca0faad033e,5a19862c49297f5a37e80733,2850d217-45bb-4a84-8175-f159c386f1ae,didnt-feel,correct,-99.502004,17.5539614,2026-03-19T12:22:22.678Z
69bbea82b8fdcdb7e1b24000,59fb5b269d5e8d8ae7ebb2c5,2850d217-45bb-4a84-8175-f159c386f1ae,didnt-feel,dont-know,-99.3219532,19.5761642,2026-03-19T12:22:26.063Z
69bbea8633f58ed4c61d3607,5b846397c464d3ea21a128cb,2850d217-45bb-4a84-8175-f159c386f1ae,didnt-feel,correct,-101.19288499999999,19.7020748,2026-03-19T12:22:30.601Z
69bbea878deb527581516476,655bac1f80de04c83c2e0998,2850d217-45bb-4a84-8175-f159c386f1ae,didnt-feel,dont-know,-98.1754139,19.1279457,2026-03-19T12:22:31.299Z
69bbea888c829929f3013d95,67f6fa2c36d1bc9ac5c15e1c,2850d217-45bb-4a84-8175-f159c386f1ae,moderate,stronger,-99.19408343732357,19.490602215421134,2026-03-19T12:22:32.132Z
69bbea886e5e345879971b8f,66f5cbbcbeb5bf9ddf2e936d,2850d217-45bb-4a84-8175-f159c386f1ae,didnt-feel,dont-know,-99.132101,19.434037,2026-03-19T12:22:32.209Z
69bbea8eb8fdcdb7e1b2401a,64593b4fe91d85fb89052c7d,2850d217-45bb-4a84-8175-f159c386f1ae,didnt-feel,dont-know,-99.17398569999999,19.4704002,2026-03-19T12:22:38.690Z
69bbea946f3ec378d96f4994,59f70e4e6f0e9f1ee71da809,2850d217-45bb-4a84-8175-f159c386f1ae,didnt-feel,dont-know,-98.2376984,19.1459704,2026-03-19T12:22:44.483Z
69bbea9aeae4277c390040c6,5a91a9bff388e977b2b38d43,2850d217-45bb-4a84-8175-f159c386f1ae,didnt-feel,correct,-99.1713005,19.368716199999998,2026-03-19T12:22:50.993Z
69bbea9d3ae94e897384ac8c,632f26850d758e1480b623f0,2850d217-45bb-4a84-8175-f159c386f1ae,didnt-feel,correct,-99.1313611,19.386124,2026-03-19T12:22:53.525Z
69bbeaa686e0f5f192bd08df,5a8b0e279d7756997f91698d,2850d217-45bb-4a84-8175-f159c386f1ae,didnt-feel,dont-know,-99.0336159,19.484101700000004,2026-03-19T12:23:02.837Z
69bbeaa756f80c19cdfe8979,6722a70422e841a46b4efef6,2850d217-45bb-4a84-8175-f159c386f1ae,didnt-feel,correct,-99.7358325,19.3106624,2026-03-19T12:23:03.582Z
69bbeaaa6f3ec378d96f49ae,5b02387099e34f05a96d6db1,2850d217-45bb-4a84-8175-f159c386f1ae,didnt-feel,dont-know,-99.1342636,19.3784669,2026-03-19T12:23:06.101Z
69bbeaaf16f32f3334e571fa,632c5ae70637bd229fc68c7a,2850d217-45bb-4a84-8175-f159c386f1ae,didnt-feel,correct,-100.4146515,20.551118,2026-03-19T12:23:11.588Z
69bbeab49ab22f0ea43c67e0,680307ef6ffb8f95d281ab60,2850d217-45bb-4a84-8175-f159c386f1ae,moderate,correct,-99.132101,19.434037,2026-03-19T12:23:16.273Z
69bbeaba16f32f3334e5720b,5d73b6b7ab9c25c6bcf3e480,2850d217-45bb-4a84-8175-f159c386f1ae,weak,correct,-99.1425231,19.4471274,2026-03-19T12:23:22.394Z
69bbeabc16d3535bc2560c5e,696a1296366988e3e7cdcda0,2850d217-45bb-4a84-8175-f159c386f1ae,didnt-feel,dont-know,-99.838875,19.564865599999997,2026-03-19T12:23:24.873Z
69bbeabd733b8958239f764d,691fd2a37b5c3ea6535f82d3,2850d217-45bb-4a84-8175-f159c386f1ae,didnt-feel,correct,-99.24594379999999,19.4555574,2026-03-19T12:23:25.237Z
69bbeabfeae4277c39004123,5e33b0eff0eab3001f21a59b,2850d217-45bb-4a84-8175-f159c386f1ae,weak,correct,-99.5211152,17.5746343,2026-03-19T12:23:27.121Z
69bbeabf3ae94e897384acc3,6774a0ee2a03c761a38cbe39,2850d217-45bb-4a84-8175-f159c386f1ae,didnt-feel,correct,-99.1802147,19.4649276,2026-03-19T12:23:27.543Z
69bbeac69ab22f0ea43c67f8,68c0a736c51f3c9adaf549dc,2850d217-45bb-4a84-8175-f159c386f1ae,didnt-feel,correct,-99.18505979999999,19.5567665,2026-03-19T12:23:34.644Z
69bbeac916d3535bc2560cb8,66f9823977ebd4919dae84e7,2850d217-45bb-4a84-8175-f159c386f1ae,didnt-feel,dont-know,-99.5917753,18.9614368,2026-03-19T12:23:37.435Z
69bbeac98deb527581516537,5a417bb9dc03ee73775485f1,2850d217-45bb-4a84-8175-f159c386f1ae,didnt-feel,correct,-99.0260168,19.3349171,2026-03-19T12:23:37.894Z
69bbead46f3ec378d96f4a00,698dfbb1f0d404d5d13fd533,2850d217-45bb-4a84-8175-f159c386f1ae,weak,stronger,-99.132101,19.434037,2026-03-19T12:23:48.517Z
69bbead49c2fd53e108be6a8,6858be8ae536dff865937a3d,2850d217-45bb-4a84-8175-f159c386f1ae,didnt-feel,dont-know,-99.132101,19.434037,2026-03-19T12:23:48.906Z
69bbead98deb527581516552,642b87fa9899de98561671a2,2850d217-45bb-4a84-8175-f159c386f1ae,didnt-feel,dont-know,-99.19752,19.489829399999998,2026-03-19T12:23:53.956Z
69bbeada9ab22f0ea43c6830,673aae2b813ebe4a296ccb65,2850d217-45bb-4a84-8175-f159c386f1ae,didnt-feel,dont-know,-99.1866435913916,19.515439365504076,2026-03-19T12:23:54.380Z
69bbeadc8c829929f3013e38,5b181b8c4205236ce5f860e3,2850d217-45bb-4a84-8175-f159c386f1ae,didnt-feel,dont-know,-99.1698505833866,19.343551635742188,2026-03-19T12:23:56.991Z
69bbeae1836cd96c699e11ab,5ef2ef1d6d7b79000b805421,2850d217-45bb-4a84-8175-f159c386f1ae,didnt-feel,correct,-99.0488165,19.564401,2026-03-19T12:24:01.408Z
69bbeae7733b8958239f76b5,59f86df87c1642f6b3de6d3c,2850d217-45bb-4a84-8175-f159c386f1ae,didnt-feel,dont-know,-99.2328344,19.4740328,2026-03-19T12:24:07.154Z
69bbeaeb733b8958239f76bf,6959d84e2b3b03fb4f5c7158,2850d217-45bb-4a84-8175-f159c386f1ae,weak,correct,-99.88087039999999,16.866395,2026-03-19T12:24:11.472Z
69bbeaec16d3535bc2560cf4,6958410c9dac11ecf74ebaaf,2850d217-45bb-4a84-8175-f159c386f1ae,didnt-feel,dont-know,-98.2481344,19.044219,2026-03-19T12:24:12.631Z
69bbeaed9ab22f0ea43c6850,6802a6edd11d1009d7591dc9,2850d217-45bb-4a84-8175-f159c386f1ae,didnt-feel,correct,-99.2037508,19.5094012,2026-03-19T12:24:13.229Z
69bbeaef3ae94e897384ad1e,59f87ab0d865af09198d075c,2850d217-45bb-4a84-8175-f159c386f1ae,didnt-feel,correct,-99.19475090000002,19.3868525,2026-03-19T12:24:15.666Z
69bbeaf021e7d9be65f5be2d,65cd2b1009d8430ac8321aaf,2850d217-45bb-4a84-8175-f159c386f1ae,didnt-feel,dont-know,-99.1601925,19.4180436,2026-03-19T12:24:16.813Z
69bbeaf296943ca0faad04a5,6995c92276dc0843f4adc55b,2850d217-45bb-4a84-8175-f159c386f1ae,didnt-feel,dont-know,-99.1441797,19.3350497,2026-03-19T12:24:18.445Z
69bbeaf56e5e345879971c83,65615f3080de04aba250cd8a,2850d217-45bb-4a84-8175-f159c386f1ae,didnt-feel,correct,-99.1415138369311,19.630513227439348,2026-03-19T12:24:21.746Z
69bbeb009c2fd53e108be6df,5f9b9eba76b240000a2faa47,2850d217-45bb-4a84-8175-f159c386f1ae,didnt-feel,dont-know,-99.3222279,18.6270769,2026-03-19T12:24:32.249Z
69bbeb016f3ec378d96f4a4f,632f00abcde3cba16b51c689,2850d217-45bb-4a84-8175-f159c386f1ae,didnt-feel,dont-know,-102.2612298,19.9924583,2026-03-19T12:24:33.192Z
69bbeb0216d3535bc2560d16,5a108d3381710def8249a42b,2850d217-45bb-4a84-8175-f159c386f1ae,didnt-feel,dont-know,-99.17556408945008,19.387753359397205,2026-03-19T12:24:34.043Z
69bbeb028deb527581516583,69b625474529cf488d64f172,2850d217-45bb-4a84-8175-f159c386f1ae,weak,correct,-99.84039589999999,16.9048186,2026-03-19T12:24:34.374Z
69bbeb043d8f0a6fe70884db,67aff67a2ad4e4c0755c124a,2850d217-45bb-4a84-8175-f159c386f1ae,didnt-feel,dont-know,-99.02169939999999,19.3021669,2026-03-19T12:24:36.261Z
69bbeb0456f80c19cdfe8a0f,661f489f7479857d7771a7e6,2850d217-45bb-4a84-8175-f159c386f1ae,didnt-feel,correct,-98.4314455,18.9167132,2026-03-19T12:24:36.457Z
69bbeb0c3ae94e897384ad6e,61383260774724cb87fe7c54,2850d217-45bb-4a84-8175-f159c386f1ae,didnt-feel,correct,-99.24807279999999,19.2891574,2026-03-19T12:24:44.689Z
69bbeb0e6914ae332b572911,646a56d6350187556480d6de,2850d217-45bb-4a84-8175-f159c386f1ae,didnt-feel,weaker,-99.013812,19.2549037,2026-03-19T12:24:46.453Z
69bbeb146f3ec378d96f4a85,632c3e222db5945e7ea74134,2850d217-45bb-4a84-8175-f159c386f1ae,didnt-feel,correct,-99.1761621,19.3062069,2026-03-19T12:24:52.836Z
69bbeb1a9ab22f0ea43c688a,670af383b0a2512a99755778,2850d217-45bb-4a84-8175-f159c386f1ae,didnt-feel,dont-know,-99.1037159,19.3123529,2026-03-19T12:24:58.979Z
69bbeb1a6f3ec378d96f4a8c,59fc84959b5494a21e9a3660,2850d217-45bb-4a84-8175-f159c386f1ae,weak,weaker,-99.1664688,19.3948289,2026-03-19T12:24:58.983Z
69bbeb1d8c829929f3013e8d,59f71ac426457201db673b88,2850d217-45bb-4a84-8175-f159c386f1ae,weak,correct,-99.64635063464229,19.282322632067054,2026-03-19T12:25:01.595Z
69bbeb213ae94e897384ad94,5a0cd0af81710def82491127,2850d217-45bb-4a84-8175-f159c386f1ae,didnt-feel,correct,-99.61013142557546,19.258739145098126,2026-03-19T12:25:05.034Z
69bbeb2216d3535bc2560d3e,69ac44d313c801bb39191f4d,2850d217-45bb-4a84-8175-f159c386f1ae,didnt-feel,correct,-99.132101,19.434037,2026-03-19T12:25:06.057Z
69bbeb2356f80c19cdfe8a5b,6958981d0a53f686cea7741e,2850d217-45bb-4a84-8175-f159c386f1ae,didnt-feel,weaker,-99.1567524522543,19.477544761018926,2026-03-19T12:25:07.447Z
69bbeb243ae94e897384ad98,65ccd017704958c7ba987942,2850d217-45bb-4a84-8175-f159c386f1ae,didnt-feel,dont-know,-99.1601925,19.4180436,2026-03-19T12:25:08.641Z
69bbeb2a3ae94e897384ada0,68bf5bdbb0bdcc62a8e5aa68,2850d217-45bb-4a84-8175-f159c386f1ae,didnt-feel,dont-know,-98.9341937,18.840925199999997,2026-03-19T12:25:14.751Z
69bbeb2b6914ae332b57294e,5c6ec673be2a5704795a3b3a,2850d217-45bb-4a84-8175-f159c386f1ae,weak,weaker,-99.15530160000002,19.457351,2026-03-19T12:25:15.959Z
69bbeb2d6f3ec378d96f4ac9,6957fae6cb3d0565bb1096e3,2850d217-45bb-4a84-8175-f159c386f1ae,didnt-feel,correct,-99.69261739999999,19.295468800000002,2026-03-19T12:25:17.716Z
69bbeb308e8ac06d49fef6cd,6957da71b73a13ace8553d31,2850d217-45bb-4a84-8175-f159c386f1ae,didnt-feel,dont-know,-98.1324904,19.0605764,2026-03-19T12:25:20.426Z
69bbeb3316f32f3334e572be,60560752bf8dc1000bad1bb2,2850d217-45bb-4a84-8175-f159c386f1ae,didnt-feel,correct,-99.20582789999999,19.3391597,2026-03-19T12:25:23.651Z
69bbeb34b8fdcdb7e1b24203,6958344c934e17d5d2e755d4,2850d217-45bb-4a84-8175-f159c386f1ae,didnt-feel,dont-know,-100.3554035,19.502834999999997,2026-03-19T12:25:24.046Z
69bbeb3633f58ed4c61d37c1,632f337e1c5347af50a9ad91,2850d217-45bb-4a84-8175-f159c386f1ae,didnt-feel,dont-know,-99.6322619,18.9528995,2026-03-19T12:25:26.993Z
69bbeb3786e0f5f192bd09e5,59f6c1056f0e9f1ee71d8e1f,2850d217-45bb-4a84-8175-f159c386f1ae,didnt-feel,dont-know,-99.1375528,19.3641547,2026-03-19T12:25:27.867Z
69bbeb39eae4277c39004233,5a87ef70516763ab11916d04,2850d217-45bb-4a84-8175-f159c386f1ae,didnt-feel,correct,-99.0384522,19.3976544,2026-03-19T12:25:29.383Z
69bbeb399ab22f0ea43c68d6,6528c9cc61d00552a0377c55,2850d217-45bb-4a84-8175-f159c386f1ae,didnt-feel,correct,-102.2161726,17.9691928,2026-03-19T12:25:29.714Z
69bbeb3e96943ca0faad0505,6528c9cc61d00552a0377c55,2850d217-45bb-4a84-8175-f159c386f1ae,didnt-feel,correct,-102.2161726,17.9691928,2026-03-19T12:25:34.178Z
69bbeb456914ae332b57297e,59f873c5543d32d8d526ba0e,2850d217-45bb-4a84-8175-f159c386f1ae,didnt-feel,dont-know,-99.1442316,19.510953699999998,2026-03-19T12:25:41.955Z
69bbeb4896943ca0faad0512,6138266c5d0a8b2f52a8a29f,2850d217-45bb-4a84-8175-f159c386f1ae,didnt-feel,correct,-97.93402359999999,18.8509378,2026-03-19T12:25:44.245Z
69bbeb48eae4277c39004252,59f86f3d543d32d8d526ab63,2850d217-45bb-4a84-8175-f159c386f1ae,didnt-feel,correct,-99.0435432,19.3915373,2026-03-19T12:25:44.727Z
69bbeb4a8deb5275815165ff,66f5b2ad6463c9952d834f14,2850d217-45bb-4a84-8175-f159c386f1ae,didnt-feel,correct,-99.1092529,19.4432754,2026-03-19T12:25:46.643Z
69bbeb4c6e5e345879971ce4,5a8ab48955729d49ae71d65d,2850d217-45bb-4a84-8175-f159c386f1ae,didnt-feel,correct,-98.82800639999999,19.2746299,2026-03-19T12:25:48.125Z
69bbeb4d16f32f3334e572e1,680929908d1460d16c6cfaa9,2850d217-45bb-4a84-8175-f159c386f1ae,didnt-feel,correct,-98.24659349999999,19.0075857,2026-03-19T12:25:49.633Z
69bbeb5216d3535bc2560d8b,60dde023a63d9455ff0d7764,2850d217-45bb-4a84-8175-f159c386f1ae,didnt-feel,dont-know,-99.02256279999999,19.3991822,2026-03-19T12:25:54.116Z
69bbeb5333f58ed4c61d380d,68d0c8af6f966822bb27aca5,2850d217-45bb-4a84-8175-f159c386f1ae,didnt-feel,correct,-99.1802147,18.8671911,2026-03-19T12:25:55.244Z
69bbeb549c2fd53e108be895,6572500e899c49ef81b680ed,2850d217-45bb-4a84-8175-f159c386f1ae,didnt-feel,correct,-99.1539178,19.394073400000003,2026-03-19T12:25:56.516Z
69bbeb5986e0f5f192bd0ad0,69ae92e2f56220673b8fc4db,2850d217-45bb-4a84-8175-f159c386f1ae,violent,correct,-99.098584,19.3615004,2026-03-19T12:26:01.521Z
69bbeb6156f80c19cdfe8ac0,632c5537455d814bfb40e04d,2850d217-45bb-4a84-8175-f159c386f1ae,didnt-feel,correct,-99.25500029999999,18.934089699999998,2026-03-19T12:26:09.399Z
69bbeb61146eacf0bb9d0b5b,6990c090d5d99264173af788,2850d217-45bb-4a84-8175-f159c386f1ae,didnt-feel,correct,-99.132101,19.434037,2026-03-19T12:26:09.657Z
69bbeb638e8ac06d49fef72e,5a7f260d516763ab118e19cc,2850d217-45bb-4a84-8175-f159c386f1ae,didnt-feel,correct,-99.1966987,19.4744237,2026-03-19T12:26:11.656Z
69bbeb64b8fdcdb7e1b24247,5a88a4d1516763ab1192a2b0,2850d217-45bb-4a84-8175-f159c386f1ae,didnt-feel,dont-know,-99.17744619999999,19.4149803,2026-03-19T12:26:12.837Z
69bbeb6721e7d9be65f5bf43,64096944abbcefb8793fbd0a,2850d217-45bb-4a84-8175-f159c386f1ae,didnt-feel,correct,-99.1386972,19.632075800000003,2026-03-19T12:26:15.487Z
69bbeb6f6f3ec378d96f4b39,5a8a885fdc3cb7ed55a483a7,2850d217-45bb-4a84-8175-f159c386f1ae,didnt-feel,dont-know,-98.1905446,19.0366227,2026-03-19T12:26:23.121Z
69bbeb6f96943ca0faad0544,59fa877e9c735c1b5b282f72,2850d217-45bb-4a84-8175-f159c386f1ae,didnt-feel,dont-know,-98.291948,19.051972,2026-03-19T12:26:23.661Z
69bbeb716e5e345879971d26,695a75bbf9badbac300fa216,2850d217-45bb-4a84-8175-f159c386f1ae,didnt-feel,correct,-98.04379089999999,19.0393896,2026-03-19T12:26:25.224Z
69bbeb756914ae332b5729cd,643fe7ca9f02f1ac18943610,2850d217-45bb-4a84-8175-f159c386f1ae,weak,correct,-99.29611785337329,19.374659829925672,2026-03-19T12:26:29.214Z
69bbeb769c2fd53e108be8d4,5c467d990da86f2fd9f2e455,2850d217-45bb-4a84-8175-f159c386f1ae,didnt-feel,dont-know,-99.1594532,19.4468279,2026-03-19T12:26:30.705Z
69bbeb76bf58a109b517c46d,650b21d01bd6aa7be7c9e27b,2850d217-45bb-4a84-8175-f159c386f1ae,weak,correct,-99.512176,17.5531425,2026-03-19T12:26:30.751Z
69bbeb7696943ca0faad054d,59f8138e7c1642f6b3de30c5,2850d217-45bb-4a84-8175-f159c386f1ae,didnt-feel,correct,-99.1373136,19.4302678,2026-03-19T12:26:30.838Z
69bbeb77eae4277c3900428a,688e5a17a85c18df7b1559df,2850d217-45bb-4a84-8175-f159c386f1ae,didnt-feel,dont-know,-99.9965553,19.4408796,2026-03-19T12:26:31.108Z
69bbeb793ae94e897384ae48,65524b5761f9bb7a7d6e4c15,2850d217-45bb-4a84-8175-f159c386f1ae,didnt-feel,correct,-99.132101,19.434037,2026-03-19T12:26:33.451Z
69bbeb7986e0f5f192bd0b06,59f78750ae9196d83db179d1,2850d217-45bb-4a84-8175-f159c386f1ae,didnt-feel,dont-know,-99.15748549999999,19.4199263,2026-03-19T12:26:33.576Z
69bbeb7a96943ca0faad055e,643fe0449f02f1318b934f60,2850d217-45bb-4a84-8175-f159c386f1ae,weak,dont-know,-99.9119927,16.8342978,2026-03-19T12:26:34.671Z
69bbeb7b3d8f0a6fe70885a9,642b7c2e892e46785c37ff4d,2850d217-45bb-4a84-8175-f159c386f1ae,didnt-feel,correct,-99.1756742,19.4370524,2026-03-19T12:26:35.110Z
69bbeb7d6f3ec378d96f4b55,5ef2349b0386a1000c7fc461,2850d217-45bb-4a84-8175-f159c386f1ae,weak,correct,-98.49796719999999,19.3197991,2026-03-19T12:26:37.493Z
69bbeb7e16f32f3334e57343,5c9bafb60d1ec7e5c9ab1759,2850d217-45bb-4a84-8175-f159c386f1ae,didnt-feel,correct,-98.2931055,19.2842426,2026-03-19T12:26:38.325Z
69bbeb806e5e345879971d42,5b0dd10786c6f475dca49da0,2850d217-45bb-4a84-8175-f159c386f1ae,didnt-feel,dont-know,-99.16498910000001,19.405299,2026-03-19T12:26:40.630Z
69bbeb84146eacf0bb9d0bac,68c03d8216d3408272363098,2850d217-45bb-4a84-8175-f159c386f1ae,didnt-feel,dont-know,-99.2965778,19.6180762,2026-03-19T12:26:44.422Z
69bbeb85146eacf0bb9d0baf,69611bbafaf43476f5a330e2,2850d217-45bb-4a84-8175-f159c386f1ae,didnt-feel,correct,-99.1954432,18.6590633,2026-03-19T12:26:45.635Z
69bbeb8856f80c19cdfe8b08,63336875104b91104a8cee04,2850d217-45bb-4a84-8175-f159c386f1ae,didnt-feel,dont-know,-99.6703431,19.2663239,2026-03-19T12:26:48.394Z
69bbeb88bf58a109b517c4a0,63fe8f908ce71e2b550eb5bc,2850d217-45bb-4a84-8175-f159c386f1ae,didnt-feel,correct,-98.21377919999999,19.0665589,2026-03-19T12:26:48.756Z
69bbeb8c16d3535bc2560e27,66137313be3e95bb7b05c88c,2850d217-45bb-4a84-8175-f159c386f1ae,didnt-feel,dont-know,-99.23566522076726,19.339064668361253,2026-03-19T12:26:52.390Z
69bbeb8d56f80c19cdfe8b0d,59f6bf6e6f0e9f1ee71d8c0a,2850d217-45bb-4a84-8175-f159c386f1ae,didnt-feel,dont-know,-99.1375528,19.3641547,2026-03-19T12:26:53.111Z
69bbeb9186e0f5f192bd0b34,65d14aaf7efdb54fc27fee61,2850d217-45bb-4a84-8175-f159c386f1ae,didnt-feel,correct,-99.19731298461556,19.455315577399013,2026-03-19T12:26:57.632Z
69bbeba08deb5275815166ae,661df8967479857d776d5dc7,2850d217-45bb-4a84-8175-f159c386f1ae,didnt-feel,dont-know,-99.132101,19.434037,2026-03-19T12:27:12.634Z
69bbeba7146eacf0bb9d0bea,66ad2b8d441247cfe74dfff4,2850d217-45bb-4a84-8175-f159c386f1ae,didnt-feel,dont-know,-98.2240321,19.125832499999998,2026-03-19T12:27:19.169Z
69bbeba78e8ac06d49fef7f0,69797123c63fc5e0c3bccbc8,2850d217-45bb-4a84-8175-f159c386f1ae,weak,dont-know,-99.0308525,19.419399,2026-03-19T12:27:19.221Z
69bbeba921e7d9be65f5bfac,59f6a2c326457201db66edd8,2850d217-45bb-4a84-8175-f159c386f1ae,didnt-feel,dont-know,-99.0927071,19.4778225,2026-03-19T12:27:21.182Z
69bbebaa86e0f5f192bd0b62,5aa9a6f52c388a3668fa66e7,2850d217-45bb-4a84-8175-f159c386f1ae,didnt-feel,dont-know,-99.1393889,19.3660806,2026-03-19T12:27:22.396Z
69bbebaa3d8f0a6fe70885f9,645c70e7c92e9044313e4f92,2850d217-45bb-4a84-8175-f159c386f1ae,didnt-feel,correct,-99.1338657,19.329409,2026-03-19T12:27:22.517Z
69bbebab16d3535bc2560e62,698214f6560089ef850202f7,2850d217-45bb-4a84-8175-f159c386f1ae,didnt-feel,correct,-99.132101,19.434037,2026-03-19T12:27:23.404Z
69bbebac16f32f3334e57396,65cc53604ccc295131d86598,2850d217-45bb-4a84-8175-f159c386f1ae,didnt-feel,correct,-99.1293991,19.2981129,2026-03-19T12:27:24.013Z
69bbebac3ae94e897384aeae,5ab93d25ec4b29485b456141,2850d217-45bb-4a84-8175-f159c386f1ae,didnt-feel,dont-know,-99.0768069,19.411577700000002,2026-03-19T12:27:24.160Z
69bbebac8e8ac06d49fef80f,6521aef0af6f85a09861ea13,2850d217-45bb-4a84-8175-f159c386f1ae,didnt-feel,correct,-99.1574132,19.4663973,2026-03-19T12:27:24.749Z
69bbebaf56f80c19cdfe8b4d,688ea6b59946cce97cfc347c,2850d217-45bb-4a84-8175-f159c386f1ae,didnt-feel,dont-know,-99.5577323,19.1754906,2026-03-19T12:27:27.821Z
69bbebb26f3ec378d96f4bc8,65a9405b5529a9162d1260fb,2850d217-45bb-4a84-8175-f159c386f1ae,weak,correct,-97.9102647,18.9536891,2026-03-19T12:27:30.639Z
69bbebb58c829929f3014019,5caf32ef693d1bf92f8d1f74,2850d217-45bb-4a84-8175-f159c386f1ae,didnt-feel,correct,-102.1957335,17.9588559,2026-03-19T12:27:33.122Z
69bbebb756f80c19cdfe8b66,5afc3ff76c68be49281139ad,2850d217-45bb-4a84-8175-f159c386f1ae,weak,correct,-99.2134839,18.9163919,2026-03-19T12:27:35.254Z
69bbebb96914ae332b572a45,699fd38356c1eb676eb8430b,2850d217-45bb-4a84-8175-f159c386f1ae,weak,correct,-99.0087486,19.3586109,2026-03-19T12:27:37.620Z
69bbebba3ae94e897384aebf,59f73f9ecf2d1de81acd7224,2850d217-45bb-4a84-8175-f159c386f1ae,didnt-feel,correct,-99.1598641,18.8974847,2026-03-19T12:27:38.351Z
69bbebba3d8f0a6fe7088612,59f77a61ae9196d83db169d6,2850d217-45bb-4a84-8175-f159c386f1ae,didnt-feel,dont-know,-99.18207331526449,19.30567721720636,2026-03-19T12:27:38.555Z
69bbebc76914ae332b572a74,59f93ff6543d32d8d5276b16,2850d217-45bb-4a84-8175-f159c386f1ae,didnt-feel,dont-know,-98.8932734,19.3009554,2026-03-19T12:27:51.336Z
69bbebc88c829929f301403b,59f7b3b2a5c308a413941135,2850d217-45bb-4a84-8175-f159c386f1ae,didnt-feel,correct,-99.2106447,19.2736958,2026-03-19T12:27:52.998Z
69bbebcab8fdcdb7e1b24369,66f5b5079483cb3752cf11c0,2850d217-45bb-4a84-8175-f159c386f1ae,didnt-feel,correct,-99.0211813,19.6247518,2026-03-19T12:27:54.274Z
69bbebcf733b8958239f792f,632c6244cee4819e69961870,2850d217-45bb-4a84-8175-f159c386f1ae,weak,correct,-99.1144885,19.330505,2026-03-19T12:27:59.491Z
69bbebd48e8ac06d49fef868,632c6244cee4819e69961870,2850d217-45bb-4a84-8175-f159c386f1ae,weak,correct,-99.1144885,19.330505,2026-03-19T12:28:04.445Z
69bbebd76f3ec378d96f4c02,67c2133f671de7b20f66207d,2850d217-45bb-4a84-8175-f159c386f1ae,weak,correct,-99.16360510000001,19.4392516,2026-03-19T12:28:07.578Z
69bbebd886e0f5f192bd0bd8,59f7432805e024e0e3436f05,2850d217-45bb-4a84-8175-f159c386f1ae,didnt-feel,dont-know,-99.1594532,19.4468279,2026-03-19T12:28:08.465Z
69bbebdd9c2fd53e108be9aa,643f7c7c9f02f130e08db3e3,2850d217-45bb-4a84-8175-f159c386f1ae,didnt-feel,correct,-99.1144885,19.330505,2026-03-19T12:28:13.699Z
69bbebdf3ae94e897384af06,696a25814cacff361f085055,2850d217-45bb-4a84-8175-f159c386f1ae,didnt-feel,dont-know,-99.6473596,19.314793599999998,2026-03-19T12:28:15.997Z
69bbebe121e7d9be65f5c034,65ccc2c309d84307372e3f3c,2850d217-45bb-4a84-8175-f159c386f1ae,weak,dont-know,-99.2032343,19.2817253,2026-03-19T12:28:17.950Z
69bbebe38e8ac06d49fef87b,6930c92c2b30a0a6d9caacf1,2850d217-45bb-4a84-8175-f159c386f1ae,didnt-feel,correct,-99.0951269,19.3520979,2026-03-19T12:28:19.525Z
69bbebe3146eacf0bb9d0c68,5b0bf81bef446c541b76505a,2850d217-45bb-4a84-8175-f159c386f1ae,didnt-feel,weaker,-98.14443899999999,19.0648426,2026-03-19T12:28:19.834Z
69bbebe3b8fdcdb7e1b24385,5a8a7e4c9f71719058b259ed,2850d217-45bb-4a84-8175-f159c386f1ae,didnt-feel,dont-know,-99.1634999,19.4251356,2026-03-19T12:28:19.852Z
69bbebe516f32f3334e57411,68112c9aeb8750ee65bfe0ec,2850d217-45bb-4a84-8175-f159c386f1ae,didnt-feel,dont-know,-101.1539676,19.6970524,2026-03-19T12:28:21.602Z
69bbebed9ab22f0ea43c6a13,6291315a12b2374b85e79934,2850d217-45bb-4a84-8175-f159c386f1ae,didnt-feel,dont-know,-99.1698333,19.472084199999998,2026-03-19T12:28:29.213Z
69bbebee8e8ac06d49fef88b,642b90315bea8d0defae7993,2850d217-45bb-4a84-8175-f159c386f1ae,weak,correct,-99.50269890000001,17.560516,2026-03-19T12:28:30.379Z
69bbebef3d8f0a6fe7088677,5f4dc9861db2a6000a0eee32,2850d217-45bb-4a84-8175-f159c386f1ae,didnt-feel,dont-know,-99.1587925,19.6750356,2026-03-19T12:28:31.557Z
69bbebf196943ca0faad0636,5a37589e14840f98fb7caec8,2850d217-45bb-4a84-8175-f159c386f1ae,didnt-feel,dont-know,-96.1139489,19.1645515,2026-03-19T12:28:33.930Z
69bbebfbeae4277c3900436d,65f8406f83b3ad3833409fa6,2850d217-45bb-4a84-8175-f159c386f1ae,didnt-feel,correct,-99.15253399999999,19.466331,2026-03-19T12:28:43.687Z
69bbec036f3ec378d96f4c51,6425ff3ce4dee406d54b5295,2850d217-45bb-4a84-8175-f159c386f1ae,didnt-feel,dont-know,-99.2508024,19.3374609,2026-03-19T12:28:51.098Z
69bbec0321e7d9be65f5c070,6425ff3ce4dee406d54b5295,2850d217-45bb-4a84-8175-f159c386f1ae,didnt-feel,dont-know,-99.2508024,19.3374609,2026-03-19T12:28:51.099Z
69bbec049c2fd53e108be9f1,6783cb5fbae2e55aac165056,2850d217-45bb-4a84-8175-f159c386f1ae,didnt-feel,correct,-99.1333499,19.2929898,2026-03-19T12:28:52.421Z
69bbec05b8fdcdb7e1b243c8,5c0a7fbc5a80bdad4c156896,2850d217-45bb-4a84-8175-f159c386f1ae,didnt-feel,dont-know,-99.17261763703206,19.38783005329036,2026-03-19T12:28:53.586Z
69bbec07146eacf0bb9d0ca3,59f6d14f6f0e9f1ee71d9c70,2850d217-45bb-4a84-8175-f159c386f1ae,didnt-feel,dont-know,-99.0584911,19.5241208,2026-03-19T12:28:55.251Z
69bbec0e9ab22f0ea43c6a56,698909bad370bc5ee6bba2e6,2850d217-45bb-4a84-8175-f159c386f1ae,didnt-feel,weaker,-99.132101,19.434037,2026-03-19T12:29:02.102Z
69bbec0f6e5e345879971e6a,695b45258fd967b5638529f9,2850d217-45bb-4a84-8175-f159c386f1ae,didnt-feel,correct,-99.098584,19.402751,2026-03-19T12:29:03.450Z
69bbec118e8ac06d49fef8cc,6810d76fac3fe6090c580a7f,2850d217-45bb-4a84-8175-f159c386f1ae,didnt-feel,correct,-99.2314492,18.8661214,2026-03-19T12:29:05.492Z
69bbec1dbf58a109b517c5d2,620d43db0b84735d9fcdfd59,2850d217-45bb-4a84-8175-f159c386f1ae,didnt-feel,weaker,-99.1749604,19.3759284,2026-03-19T12:29:17.456Z
69bbec21146eacf0bb9d0ccd,5c6a31e6a8ef49717257951a,2850d217-45bb-4a84-8175-f159c386f1ae,didnt-feel,correct,-99.1251318,19.4316849,2026-03-19T12:29:21.465Z
69bbec22eae4277c390043c2,67dc7a2a93140e6e6d7649bb,2850d217-45bb-4a84-8175-f159c386f1ae,didnt-feel,dont-know,-98.1946443,19.0157954,2026-03-19T12:29:22.430Z
69bbec223ae94e897384af74,67a8e02fa9f4686743d9bb20,2850d217-45bb-4a84-8175-f159c386f1ae,didnt-feel,dont-know,-99.17952260000001,19.3832047,2026-03-19T12:29:22.788Z
69bbec246f3ec378d96f4c86,5a1a2b8a5ca2e1ec18265d33,2850d217-45bb-4a84-8175-f159c386f1ae,didnt-feel,correct,-99.2660856,19.4605471,2026-03-19T12:29:24.800Z
69bbec2616d3535bc2560f70,660f1d8571f64c280543b1ae,2850d217-45bb-4a84-8175-f159c386f1ae,didnt-feel,dont-know,-99.1336074,19.4301054,2026-03-19T12:29:26.576Z
69bbec26733b8958239f79c8,5a416dcbdc03ee7377547150,2850d217-45bb-4a84-8175-f159c386f1ae,didnt-feel,dont-know,-99.106318,19.2958279,2026-03-19T12:29:26.587Z
69bbec2933f58ed4c61d3975,648519570dc06a41a731d8a5,2850d217-45bb-4a84-8175-f159c386f1ae,didnt-feel,dont-know,-99.132101,19.434037,2026-03-19T12:29:29.522Z
69bbec2e9ab22f0ea43c6b42,645c790cb6ac4c0e591ac212,2850d217-45bb-4a84-8175-f159c386f1ae,didnt-feel,weaker,-99.2085974,19.2653873,2026-03-19T12:29:34.891Z
69bbec309c2fd53e108bea73,670b1d20b0d2c90fa010f34e,2850d217-45bb-4a84-8175-f159c386f1ae,didnt-feel,dont-know,-98.2541155,18.8974194,2026-03-19T12:29:36.972Z
69bbec35b8fdcdb7e1b24414,5ab13d6c1a54544af5b6f63f,2850d217-45bb-4a84-8175-f159c386f1ae,didnt-feel,dont-know,-99.2272939,19.49494,2026-03-19T12:29:41.128Z
69bbec366f3ec378d96f4ca6,59f9d48a543d32d8d5279853,2850d217-45bb-4a84-8175-f159c386f1ae,didnt-feel,correct,-98.1511075,19.0373663,2026-03-19T12:29:42.098Z
69bbec396f3ec378d96f4caa,5ab13d6c1a54544af5b6f63f,2850d217-45bb-4a84-8175-f159c386f1ae,didnt-feel,dont-know,-99.2272939,19.49494,2026-03-19T12:29:45.392Z
69bbec398deb5275815167d2,613a89075e3ce65386764f0e,2850d217-45bb-4a84-8175-f159c386f1ae,didnt-feel,weaker,-99.1927393,19.5107528,2026-03-19T12:29:45.687Z
69bbec3a8deb5275815167d4,699f248856c1eb676eb3ab54,2850d217-45bb-4a84-8175-f159c386f1ae,didnt-feel,dont-know,-99.65383350849152,16.748487498569226,2026-03-19T12:29:46.704Z
69bbec3d3ae94e897384afa5,664a8339f167bb1f25f29317,2850d217-45bb-4a84-8175-f159c386f1ae,didnt-feel,dont-know,-99.1255544,19.458117599999998,2026-03-19T12:29:49.509Z
69bbec3d8e8ac06d49fef93a,668aa55905aed7a30d0623a1,2850d217-45bb-4a84-8175-f159c386f1ae,didnt-feel,correct,-99.08337399999999,19.334271299999997,2026-03-19T12:29:49.885Z
69bbec3e86e0f5f192bd0ca4,5b7db442f5508e756cc84366,2850d217-45bb-4a84-8175-f159c386f1ae,didnt-feel,dont-know,-99.26885709999999,19.3219677,2026-03-19T12:29:50.731Z
69bbec453ae94e897384afb4,59f8a9539c735c1b5b27540e,2850d217-45bb-4a84-8175-f159c386f1ae,didnt-feel,dont-know,-99.23698999999999,19.6314659,2026-03-19T12:29:57.499Z
69bbec47bf58a109b517c655,59f6855792c50710c3ece0c7,2850d217-45bb-4a84-8175-f159c386f1ae,didnt-feel,correct,-98.23633749999999,19.318536299999998,2026-03-19T12:29:59.916Z
69bbec4d6e5e345879971f89,5bc12d28e68f9fe8557ce2a1,2850d217-45bb-4a84-8175-f159c386f1ae,didnt-feel,correct,-98.9838891,19.4099439,2026-03-19T12:30:05.194Z
69bbec5521e7d9be65f5c0e9,5f08d57c9095ae000a4fef85,2850d217-45bb-4a84-8175-f159c386f1ae,didnt-feel,correct,-99.0972012,19.4720706,2026-03-19T12:30:13.797Z
69bbec5896943ca0faad0711,66785b7a2c0f50f5244a11b9,2850d217-45bb-4a84-8175-f159c386f1ae,didnt-feel,dont-know,-99.0583361685276,19.51463786821634,2026-03-19T12:30:16.117Z
69bbec5c33f58ed4c61d39eb,59f70cfe178b28f9fbf3fad0,2850d217-45bb-4a84-8175-f159c386f1ae,didnt-feel,dont-know,-99.20986817804865,19.27284715971609,2026-03-19T12:30:20.145Z
69bbec5c9ab22f0ea43c6b9e,632ce78520d910a441d5f333,2850d217-45bb-4a84-8175-f159c386f1ae,didnt-feel,dont-know,-99.1591008,19.2956953,2026-03-19T12:30:20.404Z
69bbec5e8e8ac06d49fef97a,59f826457c1642f6b3de37f8,2850d217-45bb-4a84-8175-f159c386f1ae,didnt-feel,dont-know,-99.10826469999999,19.444991599999998,2026-03-19T12:30:22.725Z
69bbec5fb8fdcdb7e1b24491,69a12c0f0038da329c29b945,2850d217-45bb-4a84-8175-f159c386f1ae,didnt-feel,correct,-99.1559935,19.3004364,2026-03-19T12:30:23.074Z
69bbec65b8fdcdb7e1b244a5,59f67a4592c50710c3ecd5c2,2850d217-45bb-4a84-8175-f159c386f1ae,didnt-feel,correct,-99.15012221464039,19.42604062911853,2026-03-19T12:30:29.225Z
69bbec6856f80c19cdfe8cea,66a51605fda8c6b59492136b,2850d217-45bb-4a84-8175-f159c386f1ae,didnt-feel,correct,-98.2029346190393,18.98822188883939,2026-03-19T12:30:32.173Z
69bbec6d16d3535bc2561045,5a87769a4b23ae79f149fe57,2850d217-45bb-4a84-8175-f159c386f1ae,didnt-feel,dont-know,-99.1421561,19.2790394,2026-03-19T12:30:37.303Z
69bbec6f3d8f0a6fe7088776,61d5dc4912ef01a5faea5bec,2850d217-45bb-4a84-8175-f159c386f1ae,didnt-feel,dont-know,-99.1252086,19.4540833,2026-03-19T12:30:39.947Z
69bbec709c2fd53e108beb0c,59f6cf7326457201db67279c,2850d217-45bb-4a84-8175-f159c386f1ae,didnt-feel,correct,-99.8173757,16.8308019,2026-03-19T12:30:40.118Z
69bbec763d8f0a6fe7088781,680ee8c8e5327c84ef9c48da,2850d217-45bb-4a84-8175-f159c386f1ae,didnt-feel,dont-know,-98.9431642,19.384692899999997,2026-03-19T12:30:46.226Z
69bbec79eae4277c390044e8,59f743b105e024e0e343735e,2850d217-45bb-4a84-8175-f159c386f1ae,didnt-feel,weaker,-99.0936441,19.318196,2026-03-19T12:30:49.347Z
69bbec7b8e8ac06d49fef9ca,680ee8c8e5327c84ef9c48da,2850d217-45bb-4a84-8175-f159c386f1ae,didnt-feel,dont-know,-98.9431642,19.384692899999997,2026-03-19T12:30:51.049Z
69bbec828deb5275815168a6,5a7eb184516763ab118e14ee,2850d217-45bb-4a84-8175-f159c386f1ae,didnt-feel,correct,-99.1840215,19.26994,2026-03-19T12:30:58.678Z
69bbec839ab22f0ea43c6c07,5ba27d2b4e540ccf6703995c,2850d217-45bb-4a84-8175-f159c386f1ae,didnt-feel,correct,-99.0709315,19.392349499999998,2026-03-19T12:30:59.625Z
69bbec846914ae332b572c02,67d4f3377e7f1aea37ada63a,2850d217-45bb-4a84-8175-f159c386f1ae,didnt-feel,dont-know,-99.2472142,19.5519064,2026-03-19T12:31:00.974Z
69bbec8596943ca0faad0782,5b85c57251e4c015a36d45ef,2850d217-45bb-4a84-8175-f159c386f1ae,didnt-feel,correct,-99.02497729999999,19.6109847,2026-03-19T12:31:01.127Z
69bbec8621e7d9be65f5c187,66ce04a6b6749dc6fd81fe0d,2850d217-45bb-4a84-8175-f159c386f1ae,didnt-feel,correct,-99.1719095,19.4093682,2026-03-19T12:31:02.756Z
69bbec876e5e34587997205f,5a01e1eb61c0127ef0350442,2850d217-45bb-4a84-8175-f159c386f1ae,didnt-feel,correct,-99.15253399999999,19.672639099999998,2026-03-19T12:31:03.789Z
69bbec8896943ca0faad0786,66ec60bddcc7ebfd26ba44ec,2850d217-45bb-4a84-8175-f159c386f1ae,didnt-feel,dont-know,-99.1594532,19.417363899999998,2026-03-19T12:31:04.182Z
69bbec8b6914ae332b572c20,643f7cf31ef796dedab1f805,2850d217-45bb-4a84-8175-f159c386f1ae,didnt-feel,dont-know,-99.11041303731648,19.29595947265625,2026-03-19T12:31:07.037Z
69bbec8b16f32f3334e57581,67850bcf3b0bbfb01c50cf09,2850d217-45bb-4a84-8175-f159c386f1ae,didnt-feel,dont-know,-99.132101,19.434037,2026-03-19T12:31:07.889Z
69bbec8d3ae94e897384b098,61e4ea40c609471d81cca9b4,2850d217-45bb-4a84-8175-f159c386f1ae,didnt-feel,dont-know,-99.0754446,19.4962246,2026-03-19T12:31:09.380Z
69bbec8f16d3535bc25610a0,65977544f0a6e00ebf0b5455,2850d217-45bb-4a84-8175-f159c386f1ae,weak,correct,-102.19472329999999,17.9603604,2026-03-19T12:31:11.569Z
69bbec9a56f80c19cdfe8d66,5b8d4ff3dee55027d90b2f63,2850d217-45bb-4a84-8175-f159c386f1ae,didnt-feel,correct,-98.1338425911963,19.41455347858465,2026-03-19T12:31:22.619Z
69bbec9b33f58ed4c61d3a93,5f3ed76ec69bea000a9579ad,2850d217-45bb-4a84-8175-f159c386f1ae,didnt-feel,dont-know,-98.8516532,19.3455136,2026-03-19T12:31:23.682Z
69bbeca716d3535bc25610cb,5a275f617a124b6c66f2c166,2850d217-45bb-4a84-8175-f159c386f1ae,didnt-feel,dont-know,-99.1220437,19.4536278,2026-03-19T12:31:35.587Z
69bbeca886e0f5f192bd0d66,59f928dd879b74cfcf2bd8c8,2850d217-45bb-4a84-8175-f159c386f1ae,didnt-feel,correct,-99.13385489999999,19.410553399999998,2026-03-19T12:31:36.457Z
69bbecab8deb52758151690f,68110eccc6c64fa380b0e2fa,2850d217-45bb-4a84-8175-f159c386f1ae,didnt-feel,dont-know,-99.1767541,19.5999239,2026-03-19T12:31:39.558Z
69bbecaf16f32f3334e575cb,68d2c4a04f46c51fa1984a81,2850d217-45bb-4a84-8175-f159c386f1ae,didnt-feel,correct,-99.132101,19.434037,2026-03-19T12:31:43.465Z
69bbecb516f32f3334e575d6,59f86a0196400cec1694292c,2850d217-45bb-4a84-8175-f159c386f1ae,didnt-feel,dont-know,-99.13692608838385,19.308866895902373,2026-03-19T12:31:49.235Z
69bbecb86f3ec378d96f4dc9,65795242acd1f682376c888b,2850d217-45bb-4a84-8175-f159c386f1ae,didnt-feel,dont-know,-99.23006409999999,19.6008781,2026-03-19T12:31:52.074Z
69bbecbd16d3535bc256110e,65d14a5564dd641d1c218409,2850d217-45bb-4a84-8175-f159c386f1ae,didnt-feel,correct,-99.19959689999999,19.614228999999998,2026-03-19T12:31:57.331Z
69bbecbe8deb527581516931,67838a4fb71d6cbadf7fc239,2850d217-45bb-4a84-8175-f159c386f1ae,didnt-feel,correct,-99.06401989999999,19.293989399999997,2026-03-19T12:31:58.822Z
69bbecc09c2fd53e108bebd6,6810ea84ac3fe6090c58cc57,2850d217-45bb-4a84-8175-f159c386f1ae,didnt-feel,dont-know,-98.2651155,19.000316,2026-03-19T12:32:00.246Z
69bbecc286e0f5f192bd0dae,67c22d66c380c79c9acc6083,2850d217-45bb-4a84-8175-f159c386f1ae,didnt-feel,dont-know,-99.05374037101865,19.252737877095708,2026-03-19T12:32:02.610Z
69bbecc996943ca0faad084b,67845ee13b0bbfb01c4a4ae5,2850d217-45bb-4a84-8175-f159c386f1ae,didnt-feel,correct,-99.04328869999999,19.423199399999998,2026-03-19T12:32:09.768Z
69bbeccd6e5e3458799720da,6138a06023be709cebcf4c45,2850d217-45bb-4a84-8175-f159c386f1ae,weak,weaker,-101.1922501,19.7014309,2026-03-19T12:32:13.184Z
69bbecd66e5e3458799720f1,5a41623fc8ba9f2af399c66d,2850d217-45bb-4a84-8175-f159c386f1ae,didnt-feel,dont-know,-99.22798639999999,18.924404199999998,2026-03-19T12:32:22.463Z
69bbecd78deb527581516968,59fd14f261c0127ef03420ca,2850d217-45bb-4a84-8175-f159c386f1ae,didnt-feel,dont-know,-99.03436617040748,19.598736341795536,2026-03-19T12:32:23.432Z
69bbecd83ae94e897384b1f6,6705a2a5702e3e153deded02,2850d217-45bb-4a84-8175-f159c386f1ae,didnt-feel,dont-know,-99.9965553,19.4408796,2026-03-19T12:32:25.000Z
69bbecdd21e7d9be65f5c284,5d82a24ba07f767e20bd763b,2850d217-45bb-4a84-8175-f159c386f1ae,didnt-feel,correct,-98.1441221,19.4206417,2026-03-19T12:32:29.573Z
69bbece033f58ed4c61d3b3e,67db89c393140e6e6d72c5cd,2850d217-45bb-4a84-8175-f159c386f1ae,didnt-feel,correct,-99.2757864,19.3466476,2026-03-19T12:32:32.785Z
69bbece49c2fd53e108bec3c,632cb55ec837a3273f19fe70,2850d217-45bb-4a84-8175-f159c386f1ae,didnt-feel,dont-know,-99.2155215,19.384325699999998,2026-03-19T12:32:36.144Z
69bbece79ab22f0ea43c6cfc,5a87b056212109ec27603eb4,2850d217-45bb-4a84-8175-f159c386f1ae,didnt-feel,correct,-99.03806537389755,19.318360564708048,2026-03-19T12:32:39.568Z
69bbecefeae4277c390045c0,59fe3f5461c0127ef03486ee,2850d217-45bb-4a84-8175-f159c386f1ae,weak,correct,-99.1612754,19.4374397,2026-03-19T12:32:47.462Z
69bbecf556f80c19cdfe8e75,59fb4574e7cc27a388087a6d,2850d217-45bb-4a84-8175-f159c386f1ae,didnt-feel,dont-know,-99.132101,19.434037,2026-03-19T12:32:53.843Z
69bbecf79c2fd53e108bec59,632c0a56844238d0582d416e,2850d217-45bb-4a84-8175-f159c386f1ae,didnt-feel,dont-know,-102.2998647,19.994146699999998,2026-03-19T12:32:55.597Z
69bbecf83ae94e897384b229,66e3221db403c69fdf5c0304,2850d217-45bb-4a84-8175-f159c386f1ae,didnt-feel,dont-know,-99.04006177559495,19.66755905405949,2026-03-19T12:32:56.017Z
69bbecfe8deb5275815169c4,6147699a4ab9eece253f49d4,2850d217-45bb-4a84-8175-f159c386f1ae,didnt-feel,correct,-98.19046,19.0486559,2026-03-19T12:33:02.304Z
69bbed0196943ca0faad08a5,5b1dd8df9cd47da1c30a1be4,2850d217-45bb-4a84-8175-f159c386f1ae,didnt-feel,correct,-99.1463071,19.3082873,2026-03-19T12:33:05.005Z
69bbed0821e7d9be65f5c2be,63d7ef926c2bb09269567a1e,2850d217-45bb-4a84-8175-f159c386f1ae,didnt-feel,dont-know,-99.1824467,19.3723497,2026-03-19T12:33:12.809Z
69bbed08b8fdcdb7e1b24621,61478c42679307219c792ba2,2850d217-45bb-4a84-8175-f159c386f1ae,didnt-feel,dont-know,-99.1519716,19.4269824,2026-03-19T12:33:12.961Z
69bbed0a3d8f0a6fe70888a6,632c91405b38db6dcc86bd11,2850d217-45bb-4a84-8175-f159c386f1ae,didnt-feel,weaker,-99.16802390000001,19.3813647,2026-03-19T12:33:14.351Z
69bbed0a3ae94e897384b25f,632c91405b38db6dcc86bd11,2850d217-45bb-4a84-8175-f159c386f1ae,didnt-feel,weaker,-99.16802390000001,19.3813647,2026-03-19T12:33:14.425Z
69bbed0c8e8ac06d49fefb64,59fbd7cf95344bef0b30e6cd,2850d217-45bb-4a84-8175-f159c386f1ae,didnt-feel,dont-know,-98.2219814,19.0588196,2026-03-19T12:33:16.010Z
69bbed169c2fd53e108bec87,59fb52860023597fa78e93d6,2850d217-45bb-4a84-8175-f159c386f1ae,didnt-feel,dont-know,-99.0363795,19.4043883,2026-03-19T12:33:26.474Z
69bbed1c56f80c19cdfe8eba,678cd4b3f9660ce0297c1b77,2850d217-45bb-4a84-8175-f159c386f1ae,didnt-feel,dont-know,-99.10549859999999,19.6514505,2026-03-19T12:33:32.349Z
69bbed1db8fdcdb7e1b2464b,67b2e62911f25c94efcce189,2850d217-45bb-4a84-8175-f159c386f1ae,didnt-feel,correct,-98.86798200000001,19.5188439,2026-03-19T12:33:33.622Z
69bbed1f16d3535bc25611be,6969e5ab6c57d0c1cba25d55,2850d217-45bb-4a84-8175-f159c386f1ae,weak,weaker,-99.132101,19.434037,2026-03-19T12:33:35.764Z
69bbed20733b8958239f7bfb,5a050ccde6a2a0e0b661bd98,2850d217-45bb-4a84-8175-f159c386f1ae,didnt-feel,correct,-99.2266013,19.3498883,2026-03-19T12:33:36.051Z
69bbed23eae4277c39004641,5a878af3516763ab118ff8d3,2850d217-45bb-4a84-8175-f159c386f1ae,didnt-feel,correct,-99.1276295,19.31438,2026-03-19T12:33:39.009Z
69bbed2416f32f3334e576b4,69a12b373e359d091167fefc,2850d217-45bb-4a84-8175-f159c386f1ae,didnt-feel,dont-know,-99.18505979999999,18.947139,2026-03-19T12:33:40.708Z
69bbed27bf58a109b517c857,67e6c879b045115d668b52dd,2850d217-45bb-4a84-8175-f159c386f1ae,weak,correct,-99.132101,19.434037,2026-03-19T12:33:43.720Z
69bbed2b56f80c19cdfe8eeb,6969e5ab6c57d0c1cba25d55,2850d217-45bb-4a84-8175-f159c386f1ae,weak,correct,-99.132101,19.434037,2026-03-19T12:33:47.847Z
69bbed3216f32f3334e576cb,675938c5fd169a838fe9645a,2850d217-45bb-4a84-8175-f159c386f1ae,didnt-feel,dont-know,-99.11065801978111,19.231994394721458,2026-03-19T12:33:54.684Z
69bbed3386e0f5f192bd0eac,61d5d3c154c8115449270eef,2850d217-45bb-4a84-8175-f159c386f1ae,didnt-feel,dont-know,-99.2114503,19.4844783,2026-03-19T12:33:55.387Z
69bbed3756f80c19cdfe8f01,5b54af3bfc18e9dd68b57700,2850d217-45bb-4a84-8175-f159c386f1ae,didnt-feel,dont-know,-99.132101,19.434037,2026-03-19T12:33:59.144Z
69bbed3816d3535bc25611ea,66a4d1c9fda8c6b5948e6b97,2850d217-45bb-4a84-8175-f159c386f1ae,didnt-feel,correct,-99.07404199999999,19.5119178,2026-03-19T12:34:00.176Z
69bbed3d21e7d9be65f5c32c,699523072054c852b162406c,2850d217-45bb-4a84-8175-f159c386f1ae,didnt-feel,dont-know,-99.2026966,19.4433631,2026-03-19T12:34:05.683Z
69bbed44b8fdcdb7e1b246ab,680d08cde5327c84ef8eb224,2850d217-45bb-4a84-8175-f159c386f1ae,didnt-feel,dont-know,-98.42945471405983,18.90874791813006,2026-03-19T12:34:12.100Z
69bbed458deb527581516a5e,5e3280f4952d1f000d83bd60,2850d217-45bb-4a84-8175-f159c386f1ae,moderate,stronger,-99.9036442,16.861147,2026-03-19T12:34:13.046Z
69bbed46bf58a109b517c8a1,632a54ea0637bdc6ebb8138b,2850d217-45bb-4a84-8175-f159c386f1ae,didnt-feel,correct,-99.1193297,19.3354179,2026-03-19T12:34:14.409Z
69bbed47b8fdcdb7e1b246c2,5a8ba5642ed5a17360117a09,2850d217-45bb-4a84-8175-f159c386f1ae,didnt-feel,dont-know,-98.9270087,19.2893331,2026-03-19T12:34:15.230Z
69bbed489ab22f0ea43c6de8,66e1d885abbefd4a108c8f89,2850d217-45bb-4a84-8175-f159c386f1ae,didnt-feel,correct,-98.2404397,19.2136001,2026-03-19T12:34:16.916Z
69bbed4921e7d9be65f5c366,5a55bbe6035e0e078db54eaf,2850d217-45bb-4a84-8175-f159c386f1ae,didnt-feel,dont-know,-99.1490745,19.3199312,2026-03-19T12:34:17.454Z
69bbed4e86e0f5f192bd0ef3,59f7e7677c71e00aeddc4dfd,2850d217-45bb-4a84-8175-f159c386f1ae,didnt-feel,correct,-98.1801228,19.0181601,2026-03-19T12:34:22.833Z
69bbed4e3ae94e897384b308,59fc73e795344bef0b310d28,2850d217-45bb-4a84-8175-f159c386f1ae,didnt-feel,weaker,-99.18367549999999,19.3726839,2026-03-19T12:34:22.919Z
69bbed526f3ec378d96f4f4c,65d7b6d3ee5ad9d97915292e,2850d217-45bb-4a84-8175-f159c386f1ae,didnt-feel,correct,-99.2446093,18.982427599999998,2026-03-19T12:34:26.604Z
69bbed5521e7d9be65f5c37e,5a415fa1dc03ee737753e247,2850d217-45bb-4a84-8175-f159c386f1ae,didnt-feel,correct,-99.2782118,19.4161078,2026-03-19T12:34:29.874Z
69bbed5a3d8f0a6fe708895a,686b0ef3b5baecb4c29edf9f,2850d217-45bb-4a84-8175-f159c386f1ae,didnt-feel,dont-know,-99.1488289,19.4109258,2026-03-19T12:34:34.647Z
69bbed5e96943ca0faad0953,5d5565afbd9b303efa21cd73,2850d217-45bb-4a84-8175-f159c386f1ae,didnt-feel,dont-know,-99.2297436,19.5436636,2026-03-19T12:34:38.869Z
69bbed5eeae4277c390046b8,5d5565afbd9b303efa21cd73,2850d217-45bb-4a84-8175-f159c386f1ae,didnt-feel,dont-know,-99.2297436,19.5436636,2026-03-19T12:34:38.939Z
69bbed60733b8958239f7c8b,632c2ac3c380608359389e4f,2850d217-45bb-4a84-8175-f159c386f1ae,didnt-feel,dont-know,-102.1318294,19.418281999999998,2026-03-19T12:34:40.156Z
69bbed608e8ac06d49fefc21,5b362784a5dcc1b2ec7d12d3,2850d217-45bb-4a84-8175-f159c386f1ae,didnt-feel,dont-know,-99.0930528,19.668296599999998,2026-03-19T12:34:40.638Z
69bbed6333f58ed4c61d3c29,641f8b98c3f79d59cab1cb60,2850d217-45bb-4a84-8175-f159c386f1ae,didnt-feel,dont-know,-99.132101,19.434037,2026-03-19T12:34:43.216Z
69bbed64733b8958239f7c8e,632c2ac3c380608359389e4f,2850d217-45bb-4a84-8175-f159c386f1ae,didnt-feel,dont-know,-102.1318294,19.418281999999998,2026-03-19T12:34:44.305Z
69bbed646914ae332b572de6,5a8ab519f93e9280fe68b29d,2850d217-45bb-4a84-8175-f159c386f1ae,didnt-feel,dont-know,-99.132101,19.434037,2026-03-19T12:34:44.437Z
69bbed68b8fdcdb7e1b24703,59fe04f11145d83efcb795f1,2850d217-45bb-4a84-8175-f159c386f1ae,didnt-feel,correct,-99.245365,19.5205377,2026-03-19T12:34:48.610Z
69bbed6816f32f3334e57720,6838e1f8f84da75c54f4b06f,2850d217-45bb-4a84-8175-f159c386f1ae,didnt-feel,correct,-99.014274,19.611830899999998,2026-03-19T12:34:48.755Z
69bbed683ae94e897384b33b,62213d336461c81b8601d0b2,2850d217-45bb-4a84-8175-f159c386f1ae,didnt-feel,correct,-99.635527,19.2999723,2026-03-19T12:34:48.761Z
69bbed6d33f58ed4c61d3c31,6784826cbae2e55aac22e38a,2850d217-45bb-4a84-8175-f159c386f1ae,didnt-feel,dont-know,-99.16047150269151,19.37400716464662,2026-03-19T12:34:53.128Z
69bbed6d6914ae332b572e02,632cc9e06cb2526df249e4fe,2850d217-45bb-4a84-8175-f159c386f1ae,didnt-feel,correct,-99.2466874,19.361385,2026-03-19T12:34:53.746Z
69bbed6d8e8ac06d49fefc2e,632cc9e06cb2526df249e4fe,2850d217-45bb-4a84-8175-f159c386f1ae,didnt-feel,correct,-99.2466874,19.361385,2026-03-19T12:34:53.829Z
69bbed746914ae332b572e0b,5c7c0620d86274bca04610e9,2850d217-45bb-4a84-8175-f159c386f1ae,didnt-feel,correct,-99.2266173,19.5303363,2026-03-19T12:35:00.287Z
69bbed7796943ca0faad0968,6138d3557b210d609d2032f5,2850d217-45bb-4a84-8175-f159c386f1ae,didnt-feel,correct,-99.14873999999999,19.4252656,2026-03-19T12:35:03.378Z
69bbed79146eacf0bb9d0f7c,68ce44c36f966822bb1a402a,2850d217-45bb-4a84-8175-f159c386f1ae,didnt-feel,dont-know,-98.8914056,19.4099699,2026-03-19T12:35:05.879Z
69bbed7c146eacf0bb9d0f81,69802ec09ea2c7084f8f280d,2850d217-45bb-4a84-8175-f159c386f1ae,didnt-feel,correct,-98.1253797,19.1061275,2026-03-19T12:35:08.330Z
69bbed7f733b8958239f7cc5,5a1cec437a124b6c66f26cc9,2850d217-45bb-4a84-8175-f159c386f1ae,didnt-feel,dont-know,-98.7519399,18.5012131,2026-03-19T12:35:11.619Z
69bbed858deb527581516aec,67769e012a03c761a390717b,2850d217-45bb-4a84-8175-f159c386f1ae,didnt-feel,correct,-99.19267409999999,19.5983736,2026-03-19T12:35:17.330Z
69bbed85bf58a109b517c93d,677a0a27d2a47b918eeb02a8,2850d217-45bb-4a84-8175-f159c386f1ae,didnt-feel,correct,-99.58821309999999,19.281872099999998,2026-03-19T12:35:17.786Z
69bbed8621e7d9be65f5c3cb,682d626e0737a188b9393a71,2850d217-45bb-4a84-8175-f159c386f1ae,weak,correct,-99.2134442,19.3012204,2026-03-19T12:35:18.662Z
69bbed8b9c2fd53e108bed70,5d070f90d9ed39be01756c26,2850d217-45bb-4a84-8175-f159c386f1ae,didnt-feel,correct,-99.132101,19.434037,2026-03-19T12:35:23.471Z
69bbed8b96943ca0faad0992,59f73fce26457201db67692f,2850d217-45bb-4a84-8175-f159c386f1ae,didnt-feel,correct,-99.0696653,19.7690406,2026-03-19T12:35:23.678Z
69bbed8bb8fdcdb7e1b24757,59f73fce26457201db67692f,2850d217-45bb-4a84-8175-f159c386f1ae,didnt-feel,correct,-99.0696653,19.7690406,2026-03-19T12:35:23.790Z
69bbed8c146eacf0bb9d0f95,59f6bdf5178b28f9fbf3dd82,2850d217-45bb-4a84-8175-f159c386f1ae,didnt-feel,dont-know,-98.21172879999999,18.998079399999998,2026-03-19T12:35:24.140Z
69bbed8c9ab22f0ea43c6e70,59f6bdf5178b28f9fbf3dd82,2850d217-45bb-4a84-8175-f159c386f1ae,didnt-feel,dont-know,-98.21172879999999,18.998079399999998,2026-03-19T12:35:24.295Z
69bbed8d21e7d9be65f5c3d6,5a8db8f7fac9d54e5d004eec,2850d217-45bb-4a84-8175-f159c386f1ae,didnt-feel,correct,-99.185752,18.922826,2026-03-19T12:35:25.306Z
69bbed8d16d3535bc25612a9,67bfc9b1a73e31deffca82ea,2850d217-45bb-4a84-8175-f159c386f1ae,weak,weaker,-100.0212856,19.2517608,2026-03-19T12:35:25.651Z
69bbed94bf58a109b517c96d,66b014ab45933e38d402b27d,2850d217-45bb-4a84-8175-f159c386f1ae,didnt-feel,dont-know,-99.6536246,19.279887499999997,2026-03-19T12:35:32.238Z
69bbed969c2fd53e108bed85,62940e46d3f30076e1185308,2850d217-45bb-4a84-8175-f159c386f1ae,didnt-feel,correct,-99.11379699999999,19.347479800000002,2026-03-19T12:35:34.422Z
69bbed9686e0f5f192bd0f58,68cee7176f966822bb1d281d,2850d217-45bb-4a84-8175-f159c386f1ae,didnt-feel,dont-know,-99.132101,19.434037,2026-03-19T12:35:34.786Z
69bbed996f3ec378d96f4fcc,6441d4456063286e92fcf957,2850d217-45bb-4a84-8175-f159c386f1ae,didnt-feel,dont-know,-99.1479117,19.3455891,2026-03-19T12:35:37.832Z
69bbed9a21e7d9be65f5c400,6138d3557b210d609d2032f5,2850d217-45bb-4a84-8175-f159c386f1ae,didnt-feel,correct,-99.14873999999999,19.4252656,2026-03-19T12:35:38.246Z
69bbed9f86e0f5f192bd0f65,5b05a9b125675196ce46fd41,2850d217-45bb-4a84-8175-f159c386f1ae,didnt-feel,weaker,-98.4254217,18.8848456,2026-03-19T12:35:43.280Z
69bbed9f96943ca0faad09ec,5ab13d6c1a54544af5b6f63f,2850d217-45bb-4a84-8175-f159c386f1ae,didnt-feel,dont-know,-99.2272939,19.49494,2026-03-19T12:35:43.800Z
69bbedaa6914ae332b572e84,698a0a83dc7c06288df9c3eb,2850d217-45bb-4a84-8175-f159c386f1ae,weak,correct,-99.2162139,19.477827599999998,2026-03-19T12:35:54.420Z
69bbedb09c2fd53e108bedc2,68799996257820cc46ddc43f,2850d217-45bb-4a84-8175-f159c386f1ae,didnt-feel,weaker,-99.1746778,18.8851198,2026-03-19T12:36:00.876Z
69bbedb46e5e3458799722d9,5ac2c0e112da50d5e28311e8,2850d217-45bb-4a84-8175-f159c386f1ae,didnt-feel,correct,-99.1400774,19.4044148,2026-03-19T12:36:04.602Z
69bbedb786e0f5f192bd0fa5,68799996257820cc46ddc43f,2850d217-45bb-4a84-8175-f159c386f1ae,didnt-feel,weaker,-99.1746778,18.8851198,2026-03-19T12:36:07.148Z
69bbedbd6e5e3458799722e5,68799996257820cc46ddc43f,2850d217-45bb-4a84-8175-f159c386f1ae,didnt-feel,weaker,-99.1746778,18.8851198,2026-03-19T12:36:13.833Z
69bbedbe9c2fd53e108bedd5,5bbeb5a5ceafee8d030cbfca,2850d217-45bb-4a84-8175-f159c386f1ae,didnt-feel,dont-know,-99.18367549999999,19.4610688,2026-03-19T12:36:14.735Z
69bbedc4b8fdcdb7e1b247de,6317c7bf2f4fe8ad3851e5c1,2850d217-45bb-4a84-8175-f159c386f1ae,didnt-feel,correct,-98.29308770000002,19.0264904,2026-03-19T12:36:20.042Z
69bbedc596943ca0faad0a89,59f69c4f178b28f9fbf3aa85,2850d217-45bb-4a84-8175-f159c386f1ae,weak,weaker,-99.0501985,19.536327699999998,2026-03-19T12:36:21.050Z
69bbedc66914ae332b572ed5,5b91ef00c92530dd045d4036,2850d217-45bb-4a84-8175-f159c386f1ae,didnt-feel,correct,-99.14699788021142,19.307174549891368,2026-03-19T12:36:22.058Z
69bbedca16f32f3334e577ed,673cc5af813ebe4a29732668,2850d217-45bb-4a84-8175-f159c386f1ae,didnt-feel,correct,-98.21549896021614,19.089435457544443,2026-03-19T12:36:26.695Z
69bbedceeae4277c3900478b,5b61fdbc17eabc806581d9bd,2850d217-45bb-4a84-8175-f159c386f1ae,didnt-feel,weaker,-99.15253399999999,19.672639099999998,2026-03-19T12:36:30.033Z
69bbedce96943ca0faad0a97,632e06931c53474be4a45cc2,2850d217-45bb-4a84-8175-f159c386f1ae,didnt-feel,correct,-101.559961,17.6399362,2026-03-19T12:36:30.332Z
69bbedd4146eacf0bb9d1089,5d2ea517c68de4776c334a63,2850d217-45bb-4a84-8175-f159c386f1ae,didnt-feel,dont-know,-99.1720514,19.4077569,2026-03-19T12:36:36.056Z
69bbedd48e8ac06d49fefcee,632c32caa6412822f6622172,2850d217-45bb-4a84-8175-f159c386f1ae,didnt-feel,correct,-99.2292281,19.6033591,2026-03-19T12:36:36.824Z
69bbedd433f58ed4c61d3cee,5ac312ac8f64435d4ebce586,2850d217-45bb-4a84-8175-f159c386f1ae,didnt-feel,correct,-99.1483827,19.3648912,2026-03-19T12:36:36.967Z
69bbedd816f32f3334e5781a,657b6285be6abc306a4c75c7,2850d217-45bb-4a84-8175-f159c386f1ae,didnt-feel,dont-know,-99.1770801,19.431034,2026-03-19T12:36:40.479Z
69bbeddb6f3ec378d96f507d,61400d44b03ec56083bdc63e,2850d217-45bb-4a84-8175-f159c386f1ae,weak,correct,-99.2507046,19.4239892,2026-03-19T12:36:43.567Z
69bbede63d8f0a6fe7088a88,670896a2916caf0621fec2cd,2850d217-45bb-4a84-8175-f159c386f1ae,didnt-feel,dont-know,-99.1769005,19.3932019,2026-03-19T12:36:54.852Z
69bbede8733b8958239f7dfa,5a172eda5ca2e1ec18261e09,2850d217-45bb-4a84-8175-f159c386f1ae,weak,weaker,-99.0156554,19.672206,2026-03-19T12:36:56.524Z
69bbede98e8ac06d49fefd0a,5a91007d5dc55dc95f1a12d9,2850d217-45bb-4a84-8175-f159c386f1ae,didnt-feel,dont-know,-99.21829129999999,19.4313193,2026-03-19T12:36:57.030Z
69bbedec9c2fd53e108bee42,6656b9862bf303bb44bb2f13,2850d217-45bb-4a84-8175-f159c386f1ae,didnt-feel,correct,-99.65397633612156,19.279581420667682,2026-03-19T12:37:00.450Z
69bbedf0eae4277c390047e7,6958b898809780320f025ad4,2850d217-45bb-4a84-8175-f159c386f1ae,weak,weaker,-101.134602486713,19.77192597817604,2026-03-19T12:37:04.113Z
69bbedf73ae94e897384b495,5b5ab235676e782a5f6a2541,2850d217-45bb-4a84-8175-f159c386f1ae,didnt-feel,correct,-99.6080798,19.187336,2026-03-19T12:37:11.253Z
69bbedfceae4277c390047fa,698908a5b08fac8ba4af61f2,2850d217-45bb-4a84-8175-f159c386f1ae,didnt-feel,dont-know,-99.12624609999999,19.3542204,2026-03-19T12:37:16.668Z
69bbedfc9ab22f0ea43c6fbd,678382085413e9dda9ac4d08,2850d217-45bb-4a84-8175-f159c386f1ae,didnt-feel,dont-know,-99.65501689999999,19.2901119,2026-03-19T12:37:16.731Z
69bbedfe6e5e34587997238a,59fa72539c735c1b5b282469,2850d217-45bb-4a84-8175-f159c386f1ae,didnt-feel,dont-know,-99.6049091,18.545994,2026-03-19T12:37:18.827Z
69bbedffeae4277c39004802,59f7d077993bc192df1b03a6,2850d217-45bb-4a84-8175-f159c386f1ae,didnt-feel,dont-know,-99.1257732,19.4534897,2026-03-19T12:37:19.758Z
69bbedff3ae94e897384b4a4,66f5dfe5e5921010694ce1f8,2850d217-45bb-4a84-8175-f159c386f1ae,weak,correct,-99.5716848,19.3153047,2026-03-19T12:37:19.978Z
69bbee006914ae332b572f48,60de31608069a53cced33f69,2850d217-45bb-4a84-8175-f159c386f1ae,didnt-feel,correct,-99.1317797,19.719393399999998,2026-03-19T12:37:20.311Z
69bbee033d8f0a6fe7088ad4,688e580ad3a39ef648da6022,2850d217-45bb-4a84-8175-f159c386f1ae,didnt-feel,correct,-99.132101,19.434037,2026-03-19T12:37:23.184Z
69bbee0521e7d9be65f5c535,66f605326463c9952d867ca9,2850d217-45bb-4a84-8175-f159c386f1ae,didnt-feel,dont-know,-99.1132874,19.3097417,2026-03-19T12:37:25.298Z
69bbee0656f80c19cdfe914c,66786ed7b1cfe94347a45c47,2850d217-45bb-4a84-8175-f159c386f1ae,moderate,correct,-99.91724298399235,16.86265803161696,2026-03-19T12:37:26.260Z
69bbee068e8ac06d49fefd5b,688b898b92aa64705d3274f8,2850d217-45bb-4a84-8175-f159c386f1ae,weak,correct,-99.911588,16.867823899999998,2026-03-19T12:37:26.429Z
69bbee07bf58a109b517ca75,63f7bc9d906b721db2607ad0,2850d217-45bb-4a84-8175-f159c386f1ae,weak,correct,-99.1421561,19.4749596,2026-03-19T12:37:27.393Z
69bbee096e5e3458799723aa,59fd2b96dd313346a2491d92,2850d217-45bb-4a84-8175-f159c386f1ae,didnt-feel,dont-know,-98.1796133,19.0798774,2026-03-19T12:37:29.096Z
69bbee0c6f3ec378d96f50ea,6520ecdb2b9005ae87ba39b5,2850d217-45bb-4a84-8175-f159c386f1ae,didnt-feel,weaker,-99.132101,19.434037,2026-03-19T12:37:32.120Z
69bbee0c56f80c19cdfe9155,632cd753478a4c00e916f359,2850d217-45bb-4a84-8175-f159c386f1ae,didnt-feel,correct,-99.1338657,19.329409,2026-03-19T12:37:32.622Z
69bbee0d21e7d9be65f5c543,5a882e4f212109ec2761046a,2850d217-45bb-4a84-8175-f159c386f1ae,didnt-feel,correct,-99.1051529,19.4521469,2026-03-19T12:37:33.128Z
69bbee1086e0f5f192bd1091,6520ecdb2b9005ae87ba39b5,2850d217-45bb-4a84-8175-f159c386f1ae,didnt-feel,weaker,-99.132101,19.434037,2026-03-19T12:37:36.155Z
69bbee109ab22f0ea43c6fe8,698908a5b08fac8ba4af61f2,2850d217-45bb-4a84-8175-f159c386f1ae,didnt-feel,dont-know,-99.12624609999999,19.3542204,2026-03-19T12:37:36.665Z
69bbee14eae4277c3900481f,635b7259ef6d75393d9ec64f,2850d217-45bb-4a84-8175-f159c386f1ae,didnt-feel,dont-know,-99.2882606,19.3651537,2026-03-19T12:37:40.044Z
69bbee206e5e3458799723ca,6307cdcee1de503bf139ac79,2850d217-45bb-4a84-8175-f159c386f1ae,didnt-feel,dont-know,-99.1543481,19.339029,2026-03-19T12:37:52.430Z
69bbee246e5e3458799723d7,6220d435efcca309dea8d94b,2850d217-45bb-4a84-8175-f159c386f1ae,didnt-feel,correct,-98.90659869999999,19.4167053,2026-03-19T12:37:56.969Z
69bbee263ae94e897384b4f3,696ab1802c7eb4d361edaea0,2850d217-45bb-4a84-8175-f159c386f1ae,weak,correct,-99.502004,17.5539614,2026-03-19T12:37:58.291Z
69bbee343ae94e897384b533,66611573377f1b6033c2cce3,2850d217-45bb-4a84-8175-f159c386f1ae,didnt-feel,correct,-99.1144885,19.4645693,2026-03-19T12:38:12.784Z
69bbee3516d3535bc25613e7,5ff7cbcc5a543f000abd87a5,2850d217-45bb-4a84-8175-f159c386f1ae,didnt-feel,dont-know,-99.2388896,19.5096466,2026-03-19T12:38:13.334Z
69bbee383ae94e897384b53c,6149e28b2c2a61abfb17d529,2850d217-45bb-4a84-8175-f159c386f1ae,didnt-feel,correct,-98.31457739999999,19.102570999999998,2026-03-19T12:38:16.881Z
69bbee39eae4277c39004887,5a8b4ac512d6173c680db5b9,2850d217-45bb-4a84-8175-f159c386f1ae,didnt-feel,correct,-96.6330819,17.0447413,2026-03-19T12:38:17.078Z
69bbee399ab22f0ea43c703d,5ff9339fe15307000ab63538,2850d217-45bb-4a84-8175-f159c386f1ae,didnt-feel,dont-know,-99.11518009999999,19.543369600000002,2026-03-19T12:38:17.864Z
69bbee418deb527581516c68,5ff7cbcc5a543f000abd87a5,2850d217-45bb-4a84-8175-f159c386f1ae,didnt-feel,dont-know,-99.2388896,19.5096466,2026-03-19T12:38:25.237Z
69bbee49733b8958239f7f13,6957fb2e006ddc003981d290,2850d217-45bb-4a84-8175-f159c386f1ae,didnt-feel,correct,-99.2376827,18.951874999999998,2026-03-19T12:38:33.734Z
69bbee4e33f58ed4c61d3e6e,66d7fda93c3b61c63d1558fc,2850d217-45bb-4a84-8175-f159c386f1ae,didnt-feel,dont-know,-99.0923614,19.4155865,2026-03-19T12:38:38.579Z
69bbee546914ae332b573103,68d30c6b6f966822bb32e25a,2850d217-45bb-4a84-8175-f159c386f1ae,didnt-feel,dont-know,-98.24786423540822,19.03450768317253,2026-03-19T12:38:44.674Z
69bbee578e8ac06d49fefe02,5a1755075ca2e1ec182626dc,2850d217-45bb-4a84-8175-f159c386f1ae,didnt-feel,correct,-99.1594532,19.4468279,2026-03-19T12:38:47.948Z
69bbee593d8f0a6fe7088b86,60598f31fcf79c000a2b2de6,2850d217-45bb-4a84-8175-f159c386f1ae,didnt-feel,dont-know,-99.1364129,19.3902096,2026-03-19T12:38:49.110Z
69bbee598e8ac06d49fefe04,5a8b2aae7bab68e8d71d38df,2850d217-45bb-4a84-8175-f159c386f1ae,didnt-feel,correct,-99.06609329999999,19.3579685,2026-03-19T12:38:49.773Z
69bbee5c8deb527581516ca2,642bd12d25098d4b9cf53432,2850d217-45bb-4a84-8175-f159c386f1ae,didnt-feel,correct,-99.11379699999999,19.3857814,2026-03-19T12:38:52.088Z
69bbee60eae4277c390048c4,6805ae506ffb8f95d28c8710,2850d217-45bb-4a84-8175-f159c386f1ae,weak,correct,-98.9837139,19.2386144,2026-03-19T12:38:56.013Z
69bbee606914ae332b57311a,59fb40d8728a60c734570520,2850d217-45bb-4a84-8175-f159c386f1ae,didnt-feel,correct,-99.16914129999999,19.371209099999998,2026-03-19T12:38:56.687Z
69bbee6216f32f3334e5794a,63a55ab226597b57de940f1c,2850d217-45bb-4a84-8175-f159c386f1ae,didnt-feel,dont-know,-98.95213570000001,19.2715274,2026-03-19T12:38:58.564Z
69bbee636f3ec378d96f51f7,5a0c978bb202584a119c9fcf,2850d217-45bb-4a84-8175-f159c386f1ae,didnt-feel,correct,-99.4915815,17.5171331,2026-03-19T12:38:59.135Z
69bbee6833f58ed4c61d3eb2,5ab13c153364a7473414adcb,2850d217-45bb-4a84-8175-f159c386f1ae,didnt-feel,dont-know,-99.1760825,19.3922808,2026-03-19T12:39:04.185Z
69bbee699ab22f0ea43c70c3,632c61158a39a771b96d153b,2850d217-45bb-4a84-8175-f159c386f1ae,didnt-feel,dont-know,-98.23086819999999,19.0591604,2026-03-19T12:39:05.674Z
69bbee6cb8fdcdb7e1b24945,5b0239ff16e3bb85646e551f,2850d217-45bb-4a84-8175-f159c386f1ae,didnt-feel,correct,-99.58473520000001,19.3710831,2026-03-19T12:39:08.459Z
69bbee6e21e7d9be65f5c64c,68fa66ea81539b3056c660b6,2850d217-45bb-4a84-8175-f159c386f1ae,didnt-feel,correct,-99.132101,19.434037,2026-03-19T12:39:10.939Z
69bbee7016f32f3334e57964,631028ac5cb28301ad96f291,2850d217-45bb-4a84-8175-f159c386f1ae,didnt-feel,correct,-99.1373136,19.4302678,2026-03-19T12:39:12.574Z
69bbee7386e0f5f192bd1236,6969e86a26ebcf587e4d0da0,2850d217-45bb-4a84-8175-f159c386f1ae,didnt-feel,dont-know,-99.502004,17.5539614,2026-03-19T12:39:15.852Z
69bbee74bf58a109b517cb4a,645848980ec235fb0bb4e678,2850d217-45bb-4a84-8175-f159c386f1ae,didnt-feel,correct,-99.1235267,19.3480472,2026-03-19T12:39:16.454Z
69bbee7521e7d9be65f5c665,677f6a9cf826105e511e7204,2850d217-45bb-4a84-8175-f159c386f1ae,didnt-feel,weaker,-99.23698999999999,19.5077027,2026-03-19T12:39:17.361Z
69bbee776f3ec378d96f5271,657228782ab401065bd97cb2,2850d217-45bb-4a84-8175-f159c386f1ae,moderate,stronger,-98.2732659,19.0174514,2026-03-19T12:39:19.188Z
69bbee7796943ca0faad0c42,5b91e4ab1e0930d48bfc3d86,2850d217-45bb-4a84-8175-f159c386f1ae,didnt-feel,dont-know,-99.11725489999999,19.3922371,2026-03-19T12:39:19.949Z
69bbee79bf58a109b517cb54,64efdd69115b7b7076f00741,2850d217-45bb-4a84-8175-f159c386f1ae,didnt-feel,correct,-98.2265264,19.0640788,2026-03-19T12:39:21.870Z
69bbee7a6e5e34587997249f,5a4167157b8b9db590caf657,2850d217-45bb-4a84-8175-f159c386f1ae,didnt-feel,correct,-99.1291137,19.2809017,2026-03-19T12:39:22.590Z
69bbee7b146eacf0bb9d12a6,63214b48c590e4e28f45b455,2850d217-45bb-4a84-8175-f159c386f1ae,didnt-feel,dont-know,-100.08632689999999,19.2005926,2026-03-19T12:39:23.051Z
69bbee7b6f3ec378d96f5279,5ab5d2e0fd056ce3bf49e96e,2850d217-45bb-4a84-8175-f159c386f1ae,didnt-feel,dont-know,-99.0740146,19.3971808,2026-03-19T12:39:23.556Z
69bbee7db8fdcdb7e1b24979,63292f3546a75b460142fc80,2850d217-45bb-4a84-8175-f159c386f1ae,didnt-feel,correct,-99.0591821,19.337687799999998,2026-03-19T12:39:25.016Z
69bbee7f21e7d9be65f5c673,59f7566dae9196d83db12f0d,2850d217-45bb-4a84-8175-f159c386f1ae,didnt-feel,correct,-99.04467059999999,19.2920048,2026-03-19T12:39:27.843Z
69bbee8016d3535bc2561473,6893b6f4fe93172375760064,2850d217-45bb-4a84-8175-f159c386f1ae,didnt-feel,correct,-98.61824264233495,17.96076234882484,2026-03-19T12:39:28.057Z
69bbee80733b8958239f7fbb,5ab162ccd9e97e7915ac6edc,2850d217-45bb-4a84-8175-f159c386f1ae,didnt-feel,dont-know,-98.9726714,18.9165022,2026-03-19T12:39:28.083Z
69bbee8033f58ed4c61d3f2b,59f679fe92c50710c3ecd586,2850d217-45bb-4a84-8175-f159c386f1ae,didnt-feel,correct,-99.2951104,19.3750429,2026-03-19T12:39:28.576Z
69bbee8096943ca0faad0c4d,6923ea25c14dffb53b8e21de,2850d217-45bb-4a84-8175-f159c386f1ae,didnt-feel,correct,-99.49947739999999,17.5574665,2026-03-19T12:39:28.894Z
69bbee8421e7d9be65f5c67a,5b0e2b3341bbb3740b135e2f,2850d217-45bb-4a84-8175-f159c386f1ae,didnt-feel,dont-know,-99.1144885,19.330505,2026-03-19T12:39:32.013Z
69bbee876914ae332b5731a7,5a13a42749297f5a37e78609,2850d217-45bb-4a84-8175-f159c386f1ae,didnt-feel,dont-know,-99.03914309999999,19.586996799999998,2026-03-19T12:39:35.532Z
69bbee89146eacf0bb9d12b8,5a3bb40adc03ee7377539729,2850d217-45bb-4a84-8175-f159c386f1ae,didnt-feel,dont-know,-99.1248628,19.2909523,2026-03-19T12:39:37.735Z
69bbee8c733b8958239f7fe0,5a887caf212109ec27618cdb,2850d217-45bb-4a84-8175-f159c386f1ae,didnt-feel,dont-know,-99.1366219,19.3809507,2026-03-19T12:39:40.053Z
69bbee8e6914ae332b5731b4,5a00e33861c0127ef034ea50,2850d217-45bb-4a84-8175-f159c386f1ae,weak,correct,-99.1634999,19.4251356,2026-03-19T12:39:42.779Z
69bbee909c2fd53e108befc9,5e2f6c36f703c9000ada0d81,2850d217-45bb-4a84-8175-f159c386f1ae,didnt-feel,correct,-102.3707303,19.1025115,2026-03-19T12:39:44.973Z
69bbee9133f58ed4c61d3f46,68bfa3ef16d3408272328018,2850d217-45bb-4a84-8175-f159c386f1ae,didnt-feel,dont-know,-99.1594532,19.417363899999998,2026-03-19T12:39:45.980Z
69bbee98bf58a109b517cb8d,5a4169eec8ba9f2af39a1196,2850d217-45bb-4a84-8175-f159c386f1ae,didnt-feel,correct,-99.1228993,19.339154,2026-03-19T12:39:52.447Z
69bbee9b8e8ac06d49fefea2,667678cc7f2073f9577f129a,2850d217-45bb-4a84-8175-f159c386f1ae,didnt-feel,correct,-99.132101,19.434037,2026-03-19T12:39:55.948Z
69bbee9e733b8958239f8008,5b7e355736bbacebc7efeca6,2850d217-45bb-4a84-8175-f159c386f1ae,didnt-feel,dont-know,-99.19475090000002,19.3868525,2026-03-19T12:39:58.266Z
69bbeea33d8f0a6fe7088c7c,646b123a2c28c4a32f077916,2850d217-45bb-4a84-8175-f159c386f1ae,didnt-feel,dont-know,-98.89418409999999,19.253733699999998,2026-03-19T12:40:03.438Z
69bbeea66914ae332b5731ef,59f72246178b28f9fbf4080b,2850d217-45bb-4a84-8175-f159c386f1ae,didnt-feel,dont-know,-99.256141,19.4180605,2026-03-19T12:40:06.248Z
69bbeea68deb527581516d50,5aa0ba134d4d62095648be09,2850d217-45bb-4a84-8175-f159c386f1ae,didnt-feel,dont-know,-99.22452369999999,19.668948,2026-03-19T12:40:06.767Z
69bbeea78deb527581516d52,5d2f204f16070b4683f70d43,2850d217-45bb-4a84-8175-f159c386f1ae,didnt-feel,correct,-98.90122946351767,19.37621009758322,2026-03-19T12:40:07.101Z
69bbeeab33f58ed4c61d3f75,645d5e43cbaa0611216ec380,2850d217-45bb-4a84-8175-f159c386f1ae,didnt-feel,dont-know,-99.2071014,19.3559791,2026-03-19T12:40:11.705Z
69bbeeab9ab22f0ea43c7153,5a889f96212109ec2761c012,2850d217-45bb-4a84-8175-f159c386f1ae,didnt-feel,dont-know,-99.2418386,19.382987,2026-03-19T12:40:11.997Z
69bbeeaf16f32f3334e579e1,59f7c6cda5c308a4139424cb,2850d217-45bb-4a84-8175-f159c386f1ae,didnt-feel,correct,-98.969302251935,18.501194398733617,2026-03-19T12:40:15.842Z
69bbeeb18e8ac06d49fefef5,66f5ad9f570ea4c0a0eb6300,2850d217-45bb-4a84-8175-f159c386f1ae,didnt-feel,weaker,-98.97442443296313,19.353338307674434,2026-03-19T12:40:17.761Z
69bbeeb58deb527581516d6d,63f830bf585f6db9cca2f66c,2850d217-45bb-4a84-8175-f159c386f1ae,didnt-feel,dont-know,-99.132101,19.434037,2026-03-19T12:40:21.663Z
69bbeeb68e8ac06d49fefefc,59fbe1d598148cf85e2cdd0c,2850d217-45bb-4a84-8175-f159c386f1ae,didnt-feel,dont-know,-99.1720514,19.4077569,2026-03-19T12:40:22.527Z
69bbeeb621e7d9be65f5c6d4,59fbe1d598148cf85e2cdd0c,2850d217-45bb-4a84-8175-f159c386f1ae,didnt-feel,dont-know,-99.1720514,19.4077569,2026-03-19T12:40:22.682Z
69bbeebc86e0f5f192bd12fa,67f2ab764a6a5a05b6b23862,2850d217-45bb-4a84-8175-f159c386f1ae,didnt-feel,correct,-99.06596960000002,19.659841399999998,2026-03-19T12:40:28.522Z
69bbeebd8e8ac06d49feff16,59fa65139c735c1b5b281db1,2850d217-45bb-4a84-8175-f159c386f1ae,didnt-feel,correct,-101.1515059,19.6908062,2026-03-19T12:40:29.639Z
69bbeec76914ae332b57323e,695dc4ce2b6fc3c8bcaf4af8,2850d217-45bb-4a84-8175-f159c386f1ae,didnt-feel,dont-know,-98.2007943,19.0369049,2026-03-19T12:40:39.201Z
69bbeecd146eacf0bb9d1387,6574e4edec2152787da8f3b4,2850d217-45bb-4a84-8175-f159c386f1ae,didnt-feel,dont-know,-99.0951269,19.477332399999998,2026-03-19T12:40:45.242Z
69bbeed38e8ac06d49feff47,5b50ad3b3c0f3fdbea3bc941,2850d217-45bb-4a84-8175-f159c386f1ae,didnt-feel,correct,-99.1483827,19.417923200000004,2026-03-19T12:40:51.078Z
69bbeed3146eacf0bb9d1396,5e6d843cc5dbf8000adc1436,2850d217-45bb-4a84-8175-f159c386f1ae,didnt-feel,dont-know,-99.1809899,19.4471196,2026-03-19T12:40:51.221Z
69bbeed49c2fd53e108bf054,681184791f2ee1aef14baa1d,2850d217-45bb-4a84-8175-f159c386f1ae,weak,correct,-99.1676447,19.4642503,2026-03-19T12:40:52.212Z
69bbeed616f32f3334e57a52,618c7fc817deec50fee22245,2850d217-45bb-4a84-8175-f159c386f1ae,weak,correct,-99.07586423680186,19.2984632556212,2026-03-19T12:40:54.856Z
69bbeedc6914ae332b573277,59f86c967c1642f6b3de678e,2850d217-45bb-4a84-8175-f159c386f1ae,didnt-feel,dont-know,-98.2585726,18.974550999999998,2026-03-19T12:41:00.077Z
69bbeee2733b8958239f80b4,5ef2252d86768b000abf5e6e,2850d217-45bb-4a84-8175-f159c386f1ae,weak,correct,-99.16083719999999,19.4276061,2026-03-19T12:41:06.402Z
69bbeee33d8f0a6fe7088d35,5b9de04cc780b255a274aa5f,2850d217-45bb-4a84-8175-f159c386f1ae,didnt-feel,weaker,-99.1579012,19.3925149,2026-03-19T12:41:07.755Z
69bbeee3146eacf0bb9d13bc,68092ae220f211181c195e88,2850d217-45bb-4a84-8175-f159c386f1ae,didnt-feel,dont-know,-99.2203687,19.5203389,2026-03-19T12:41:07.913Z
69bbeee46e5e3458799725a7,59fe228e1145d83efcb7b7e7,2850d217-45bb-4a84-8175-f159c386f1ae,weak,correct,-99.185752,19.473485699999998,2026-03-19T12:41:08.372Z
69bbeee7bf58a109b517cc5e,59f7b9eca5c308a41394171c,2850d217-45bb-4a84-8175-f159c386f1ae,didnt-feel,dont-know,-99.16360510000001,19.4392516,2026-03-19T12:41:11.203Z
69bbeee76e5e3458799725b4,6138297661c6279683ee8a19,2850d217-45bb-4a84-8175-f159c386f1ae,didnt-feel,correct,-98.3293777,19.3320117,2026-03-19T12:41:11.231Z
69bbeee996943ca0faad0e10,614dc7a62c2a6179ed253ea6,2850d217-45bb-4a84-8175-f159c386f1ae,didnt-feel,correct,-99.24322389999999,19.3033924,2026-03-19T12:41:13.321Z
69bbeeef16f32f3334e57ab8,6572578e942361a9afadd0f2,2850d217-45bb-4a84-8175-f159c386f1ae,weak,correct,-99.10557607188821,19.295262516876814,2026-03-19T12:41:19.570Z
69bbeef596943ca0faad0e3e,59f869ff96400cec16942917,2850d217-45bb-4a84-8175-f159c386f1ae,didnt-feel,dont-know,-99.1955674,19.4483574,2026-03-19T12:41:25.919Z
69bbeef8b8fdcdb7e1b24a94,66f644b3e7daca78ad2ecb97,2850d217-45bb-4a84-8175-f159c386f1ae,didnt-feel,dont-know,-99.1546097,19.3756251,2026-03-19T12:41:28.161Z
69bbeef986e0f5f192bd13e9,6138243fdce4c652b8ccf6f5,2850d217-45bb-4a84-8175-f159c386f1ae,didnt-feel,correct,-99.5590033,19.414388,2026-03-19T12:41:29.140Z
69bbeefe86e0f5f192bd13f4,643f7a5257b2706c126aa4bc,2850d217-45bb-4a84-8175-f159c386f1ae,didnt-feel,dont-know,-99.2882606,19.391661199999998,2026-03-19T12:41:34.082Z
69bbef0016d3535bc256160e,66ec4ce87b8808b4e36bac20,2850d217-45bb-4a84-8175-f159c386f1ae,didnt-feel,correct,-99.2201824,19.3632173,2026-03-19T12:41:36.631Z
69bbef01733b8958239f80f0,681858cea9a13ce406982c1a,2850d217-45bb-4a84-8175-f159c386f1ae,moderate,correct,-99.8473729,16.841758000000002,2026-03-19T12:41:37.142Z
69bbef096f3ec378d96f53e3,6138243fdce4c652b8ccf6f5,2850d217-45bb-4a84-8175-f159c386f1ae,didnt-feel,correct,-99.5590033,19.414388,2026-03-19T12:41:45.653Z
69bbef0c146eacf0bb9d140e,695bf85a2b6fc3c8bca46fc5,2850d217-45bb-4a84-8175-f159c386f1ae,weak,correct,-99.4888024,17.5597206,2026-03-19T12:41:48.099Z
69bbef0c8deb527581516e44,59f7726dae9196d83db15f4d,2850d217-45bb-4a84-8175-f159c386f1ae,didnt-feel,dont-know,-99.1823597,19.2985965,2026-03-19T12:41:48.665Z
69bbef10146eacf0bb9d1420,59fe211b61c0127ef0347bdf,2850d217-45bb-4a84-8175-f159c386f1ae,didnt-feel,correct,-99.0392798,19.4919749,2026-03-19T12:41:52.274Z
69bbef126f3ec378d96f53f8,6509d6364904fd929b702c43,2850d217-45bb-4a84-8175-f159c386f1ae,didnt-feel,dont-know,-99.1738735,19.4446248,2026-03-19T12:41:54.802Z
69bbef2a146eacf0bb9d145b,6995f320ef54ecc03b769142,2850d217-45bb-4a84-8175-f159c386f1ae,didnt-feel,dont-know,-99.1930466,19.4485971,2026-03-19T12:42:18.644Z
69bbef2b9ab22f0ea43c725c,632c46fcde27e30c5efdfd90,2850d217-45bb-4a84-8175-f159c386f1ae,didnt-feel,dont-know,-98.2317887,19.0435524,2026-03-19T12:42:19.653Z
69bbef2d33f58ed4c61d4198,643f769d1393b9f8a5233435,2850d217-45bb-4a84-8175-f159c386f1ae,didnt-feel,weaker,-98.2651155,19.000316,2026-03-19T12:42:21.925Z
69bbef3dbf58a109b517cd2a,66e20bf78af94b065df0226c,2850d217-45bb-4a84-8175-f159c386f1ae,didnt-feel,correct,-98.22539929999999,19.0122167,2026-03-19T12:42:37.822Z
69bbef3f6e5e34587997265b,678382670f05aafb957e12d1,2850d217-45bb-4a84-8175-f159c386f1ae,didnt-feel,correct,-99.26781779999999,19.4453608,2026-03-19T12:42:39.642Z
69bbef3fb8fdcdb7e1b24b3c,5a1272e681710def824a2460,2850d217-45bb-4a84-8175-f159c386f1ae,didnt-feel,correct,-99.1386972,19.4522974,2026-03-19T12:42:39.958Z
69bbef4586e0f5f192bd148e,696c5bf4c1ac5148c59d6546,2850d217-45bb-4a84-8175-f159c386f1ae,didnt-feel,correct,-99.63135120000001,19.192801499999998,2026-03-19T12:42:45.963Z
69bbef469ab22f0ea43c7281,5e3976a3f0eab3001f2406c4,2850d217-45bb-4a84-8175-f159c386f1ae,didnt-feel,correct,-98.1966943,19.0444606,2026-03-19T12:42:46.481Z
69bbef466e5e345879972664,682c23dd4670432bfd4daa3d,2850d217-45bb-4a84-8175-f159c386f1ae,didnt-feel,correct,-98.2199308,19.3251794,2026-03-19T12:42:46.880Z
69bbef4621e7d9be65f5c877,59f85bbc7c1642f6b3de3d80,2850d217-45bb-4a84-8175-f159c386f1ae,weak,correct,-99.1594532,19.417363899999998,2026-03-19T12:42:46.902Z
69bbef4beae4277c39004b4c,68bf8edf9422b6766436ab94,2850d217-45bb-4a84-8175-f159c386f1ae,didnt-feel,dont-know,-99.2162139,19.477827599999998,2026-03-19T12:42:51.786Z
69bbef50b8fdcdb7e1b24b62,69670067ab025787b35b59db,2850d217-45bb-4a84-8175-f159c386f1ae,didnt-feel,dont-know,-99.04356775805354,19.56382388233894,2026-03-19T12:42:56.787Z
69bbef5216d3535bc25616a6,632c726eb678e060c2c152de,2850d217-45bb-4a84-8175-f159c386f1ae,didnt-feel,dont-know,-98.2425188,18.9805024,2026-03-19T12:42:58.467Z
69bbef536e5e345879972686,5a0c9aa581710def8248d540,2850d217-45bb-4a84-8175-f159c386f1ae,didnt-feel,correct,-99.1483827,19.417923200000004,2026-03-19T12:42:59.550Z
69bbef5321e7d9be65f5c88f,695967b9240ab10c9fa902c4,2850d217-45bb-4a84-8175-f159c386f1ae,didnt-feel,dont-know,-98.19669429999999,19.0444606,2026-03-19T12:42:59.637Z
69bbef5433f58ed4c61d4210,69670067ab025787b35b59db,2850d217-45bb-4a84-8175-f159c386f1ae,didnt-feel,dont-know,-99.04356775805354,19.56382388233894,2026-03-19T12:43:00.277Z
69bbef59b8fdcdb7e1b24c27,68a225dbbf2eb5296a078a58,2850d217-45bb-4a84-8175-f159c386f1ae,didnt-feel,dont-know,-98.2144627,19.0569426,2026-03-19T12:43:05.631Z
69bbef5b16d3535bc25616b5,6957dbbe615638b7c4563c40,2850d217-45bb-4a84-8175-f159c386f1ae,moderate,correct,-99.9114193,16.8667491,2026-03-19T12:43:07.652Z
69bbef5c96943ca0faad0f3e,5d731bdaf556937f7a2b9b55,2850d217-45bb-4a84-8175-f159c386f1ae,didnt-feel,correct,-99.1719095,19.3475023,2026-03-19T12:43:08.133Z
69bbef5c8deb527581516f29,6139239be83786d5a89e7e39,2850d217-45bb-4a84-8175-f159c386f1ae,didnt-feel,correct,-99.1442316,19.457911,2026-03-19T12:43:08.902Z
69bbef5deae4277c39004b8e,5ef37893e63b8c000af9da02,2850d217-45bb-4a84-8175-f159c386f1ae,didnt-feel,dont-know,-99.1719095,19.3092084,2026-03-19T12:43:09.726Z
69bbef6633f58ed4c61d4268,59fb40e9b326dead1216a961,2850d217-45bb-4a84-8175-f159c386f1ae,didnt-feel,dont-know,-99.185752,19.3585861,2026-03-19T12:43:18.600Z
69bbef6db8fdcdb7e1b24c45,669a07ab542178eb6c6ab478,2850d217-45bb-4a84-8175-f159c386f1ae,didnt-feel,correct,-99.2134442,19.5280593,2026-03-19T12:43:25.615Z
69bbef728deb527581516f6a,68bf5ff59bc9bb86ece02c81,2850d217-45bb-4a84-8175-f159c386f1ae,didnt-feel,correct,-98.2098672,19.0328605,2026-03-19T12:43:30.725Z
69bbef729ab22f0ea43c72e9,633d04c4fe84d5125a22f240,2850d217-45bb-4a84-8175-f159c386f1ae,moderate,correct,-98.245042,18.9999661,2026-03-19T12:43:30.761Z
69bbef73146eacf0bb9d1500,6090491188239c000ab09fbf,2850d217-45bb-4a84-8175-f159c386f1ae,weak,correct,-99.20784,19.5631434,2026-03-19T12:43:31.466Z
69bbef7f6e5e3458799726d8,66ebce087e4ab00f5de1be0d,2850d217-45bb-4a84-8175-f159c386f1ae,didnt-feel,dont-know,-101.2708014,19.701564599999998,2026-03-19T12:43:43.983Z
69bbef8016d3535bc25616f8,5d425016c67a2c2f5b69ed17,2850d217-45bb-4a84-8175-f159c386f1ae,didnt-feel,dont-know,-98.2281337,19.003247899999998,2026-03-19T12:43:44.930Z
69bbef8633f58ed4c61d4312,5f0bc234921c8d000a12f738,2850d217-45bb-4a84-8175-f159c386f1ae,didnt-feel,weaker,-99.16802390000001,19.3813647,2026-03-19T12:43:50.192Z
69bbef8896943ca0faad0fb8,5c1562c4d35e771dfca9fbfe,2850d217-45bb-4a84-8175-f159c386f1ae,didnt-feel,weaker,-99.17744619999999,19.4002495,2026-03-19T12:43:52.577Z
69bbef8a733b8958239f823f,5e338552fa8c9c000acd79e5,2850d217-45bb-4a84-8175-f159c386f1ae,didnt-feel,dont-know,-99.25500029999999,19.4905757,2026-03-19T12:43:54.431Z
69bbef8bb8fdcdb7e1b24cc3,663e687c07cb47667cdbd39d,2850d217-45bb-4a84-8175-f159c386f1ae,didnt-feel,correct,-98.19669429999999,19.0444606,2026-03-19T12:43:55.374Z
69bbef8c16d3535bc2561713,5a17121949297f5a37e7bd55,2850d217-45bb-4a84-8175-f159c386f1ae,didnt-feel,dont-know,-99.2054645,19.3436777,2026-03-19T12:43:56.537Z
69bbef8e86e0f5f192bd151e,67716d38d2a47b918ed589df,2850d217-45bb-4a84-8175-f159c386f1ae,didnt-feel,dont-know,-99.0557268,19.491837099999998,2026-03-19T12:43:58.118Z
69bbef91146eacf0bb9d153d,5a0c9f4c8e8b7fea5bb735a1,2850d217-45bb-4a84-8175-f159c386f1ae,didnt-feel,dont-know,-99.1634999,19.4251356,2026-03-19T12:44:01.341Z
69bbef919c2fd53e108bf243,5a138aca49297f5a37e7839e,2850d217-45bb-4a84-8175-f159c386f1ae,weak,correct,-99.2820143,19.363058,2026-03-19T12:44:01.849Z
69bbef928deb527581516fa6,67733445d2a47b918edaa19a,2850d217-45bb-4a84-8175-f159c386f1ae,didnt-feel,correct,-101.59302679999999,19.081888799999998,2026-03-19T12:44:02.746Z
69bbef939c2fd53e108bf246,68c35c8798c847399b1f563c,2850d217-45bb-4a84-8175-f159c386f1ae,didnt-feel,correct,-98.1898614,19.0934336,2026-03-19T12:44:03.782Z
69bbef9633f58ed4c61d4337,59f7de0c2bb0d9f4b054a2c6,2850d217-45bb-4a84-8175-f159c386f1ae,didnt-feel,dont-know,-99.03806229999999,19.6362098,2026-03-19T12:44:06.252Z
69bbef97eae4277c39004bfa,613826db529bfb196352b696,2850d217-45bb-4a84-8175-f159c386f1ae,didnt-feel,dont-know,-99.6362578,19.2938327,2026-03-19T12:44:07.830Z
69bbef986e5e345879972710,642b89b3bf7a146fd06b78fb,2850d217-45bb-4a84-8175-f159c386f1ae,didnt-feel,correct,-98.2216953,19.0021758,2026-03-19T12:44:08.083Z
69bbef9a86e0f5f192bd1542,68636a0f8c1ccd2da8dcd8fe,2850d217-45bb-4a84-8175-f159c386f1ae,didnt-feel,correct,-99.23698999999999,19.666832199999998,2026-03-19T12:44:10.312Z
69bbef9c6e5e345879972716,59f80ab096400cec1693f796,2850d217-45bb-4a84-8175-f159c386f1ae,didnt-feel,dont-know,-99.0204906,19.528236,2026-03-19T12:44:12.499Z
69bbefa66e5e34587997272f,67d8f83071bde2778965493f,2850d217-45bb-4a84-8175-f159c386f1ae,didnt-feel,dont-know,-98.22539929999999,19.307225799999998,2026-03-19T12:44:22.775Z
69bbefad6914ae332b5734b1,5e7aae9c67e68c000a28b07c,2850d217-45bb-4a84-8175-f159c386f1ae,didnt-feel,dont-know,-99.05365359999999,19.5796343,2026-03-19T12:44:29.289Z
69bbefb1146eacf0bb9d158b,59f647a726457201db66946f,2850d217-45bb-4a84-8175-f159c386f1ae,didnt-feel,correct,-99.1676102,19.3624301,2026-03-19T12:44:33.698Z
69bbefb43d8f0a6fe7088f6f,6138430c4c88c5ec231dc754,2850d217-45bb-4a84-8175-f159c386f1ae,didnt-feel,correct,-99.11518009999999,19.631797499999998,2026-03-19T12:44:36.326Z
69bbefb5733b8958239f8290,5a07b3e795975e38ad364aca,2850d217-45bb-4a84-8175-f159c386f1ae,didnt-feel,dont-know,-98.9383338,18.8215929,2026-03-19T12:44:37.175Z
69bbefb686e0f5f192bd1587,664429e897c4c60a768eb8e7,2850d217-45bb-4a84-8175-f159c386f1ae,didnt-feel,dont-know,-98.5858382,19.3333738,2026-03-19T12:44:38.634Z
69bbefb833f58ed4c61d4399,695a7205aeedc639e5937562,2850d217-45bb-4a84-8175-f159c386f1ae,didnt-feel,dont-know,-98.1707562,19.0144545,2026-03-19T12:44:40.335Z
69bbefbe86e0f5f192bd159c,682ac4a1ba877e3f4248d8a2,2850d217-45bb-4a84-8175-f159c386f1ae,didnt-feel,dont-know,-99.08406529999999,19.5412563,2026-03-19T12:44:46.395Z
69bbefbf16d3535bc25617a7,6234e6f2da923735cf4308c2,2850d217-45bb-4a84-8175-f159c386f1ae,didnt-feel,dont-know,-98.2951581,19.051855400000004,2026-03-19T12:44:47.936Z
69bbefc06914ae332b5734d5,59f6dc1e6f0e9f1ee71d9fd2,2850d217-45bb-4a84-8175-f159c386f1ae,weak,correct,-99.1386972,19.4522974,2026-03-19T12:44:48.648Z
69bbefc416d3535bc25617ad,6046dc7e1bc432000bea241a,2850d217-45bb-4a84-8175-f159c386f1ae,didnt-feel,dont-know,-99.1442316,19.4431779,2026-03-19T12:44:52.097Z
69bbefc796943ca0faad103e,6347fc62cde3cb390c682968,2850d217-45bb-4a84-8175-f159c386f1ae,didnt-feel,correct,-99.13316309999999,19.3288318,2026-03-19T12:44:55.091Z
69bbefc88e8ac06d49ff01b4,689caa0800362b0ee136e0be,2850d217-45bb-4a84-8175-f159c386f1ae,didnt-feel,dont-know,-98.97455887869,19.406074303211838,2026-03-19T12:44:56.160Z
69bbefc88e8ac06d49ff01b7,63f6b15dee4f137af062e92e,2850d217-45bb-4a84-8175-f159c386f1ae,didnt-feel,dont-know,-99.132101,19.434037,2026-03-19T12:44:56.198Z
69bbefc86e5e34587997277f,632b249fdb764f6ae170b916,2850d217-45bb-4a84-8175-f159c386f1ae,didnt-feel,correct,-101.1597229,19.654604,2026-03-19T12:44:56.339Z
69bbefcd6f3ec378d96f560d,64ca8fb132550c06cd5da78c,2850d217-45bb-4a84-8175-f159c386f1ae,didnt-feel,correct,-99.0211813,19.6247518,2026-03-19T12:45:01.148Z
69bbefce16d3535bc25617dc,6467abb3c1f2a7580a2b712a,2850d217-45bb-4a84-8175-f159c386f1ae,didnt-feel,dont-know,-99.18852079999999,19.3820128,2026-03-19T12:45:02.074Z
69bbefcf9ab22f0ea43c73f3,5a0ca9aa81710def8248f971,2850d217-45bb-4a84-8175-f159c386f1ae,weak,correct,-99.4888024,17.5597206,2026-03-19T12:45:03.720Z
69bbefd0733b8958239f82e4,6347fc62cde3cb390c682968,2850d217-45bb-4a84-8175-f159c386f1ae,didnt-feel,correct,-99.13316309999999,19.3288318,2026-03-19T12:45:04.309Z
69bbefd03d8f0a6fe7088fd0,640e87baabbcef18ab48f6c7,2850d217-45bb-4a84-8175-f159c386f1ae,didnt-feel,correct,-99.13747907408218,19.420639038085938,2026-03-19T12:45:04.819Z
69bbefd66914ae332b573542,675a5f9f25cca3f8506cc3e9,2850d217-45bb-4a84-8175-f159c386f1ae,didnt-feel,dont-know,-99.13210099999998,19.434037000000007,2026-03-19T12:45:10.140Z
69bbefd79c2fd53e108bf309,5baa38ba4e540ccf670b6de5,2850d217-45bb-4a84-8175-f159c386f1ae,didnt-feel,dont-know,-99.10549859999999,19.4569182,2026-03-19T12:45:11.705Z
69bbefda9c2fd53e108bf310,697043d9d2c254959a8b7350,2850d217-45bb-4a84-8175-f159c386f1ae,weak,correct,-99.8990204,16.834890599999998,2026-03-19T12:45:14.832Z
69bbefe1bf58a109b517cf23,59fb48549d5e8d8ae7eb7c27,2850d217-45bb-4a84-8175-f159c386f1ae,didnt-feel,correct,-99.187661,19.4322097,2026-03-19T12:45:21.490Z
69bbefe2b8fdcdb7e1b24da8,61381b01e13bc93a7375d24a,2850d217-45bb-4a84-8175-f159c386f1ae,didnt-feel,dont-know,-98.9493751,19.3099712,2026-03-19T12:45:22.083Z
69bbefe216f32f3334e57d42,6509abdb1bd6aa31b3c04648,2850d217-45bb-4a84-8175-f159c386f1ae,didnt-feel,weaker,-98.2007943,19.0369049,2026-03-19T12:45:22.722Z
69bbefe39ab22f0ea43c7438,5ef2dc404dcea7000af94091,2850d217-45bb-4a84-8175-f159c386f1ae,didnt-feel,correct,-99.1257553,19.2994003,2026-03-19T12:45:23.813Z
69bbefee9ab22f0ea43c744a,6505d99830ae248d12e51e13,2850d217-45bb-4a84-8175-f159c386f1ae,didnt-feel,correct,-99.0073673,19.4102526,2026-03-19T12:45:34.153Z
69bbefef6914ae332b573585,5a345bff665c8f1fffc27833,2850d217-45bb-4a84-8175-f159c386f1ae,didnt-feel,correct,-99.1539178,19.394073400000003,2026-03-19T12:45:35.602Z
69bbeff08e8ac06d49ff023c,5a87aaf1516763ab1190a5a3,2850d217-45bb-4a84-8175-f159c386f1ae,didnt-feel,dont-know,-99.1851916,19.3734549,2026-03-19T12:45:36.865Z
69bbeff2146eacf0bb9d1610,5d857c5ba4d2ab78f484f886,2850d217-45bb-4a84-8175-f159c386f1ae,didnt-feel,dont-know,-98.291948,19.051972,2026-03-19T12:45:38.318Z
69bbeff63d8f0a6fe7089072,698e573af5b77376143ea34e,2850d217-45bb-4a84-8175-f159c386f1ae,didnt-feel,dont-know,-99.132101,19.434037,2026-03-19T12:45:42.379Z
69bbeff816d3535bc256182d,61df778873c37c0539bb67a2,2850d217-45bb-4a84-8175-f159c386f1ae,didnt-feel,correct,-99.0363795,19.507543899999998,2026-03-19T12:45:44.412Z
69bbeffa6914ae332b5735a3,5a8ad07106d84881d183b45b,2850d217-45bb-4a84-8175-f159c386f1ae,didnt-feel,correct,-99.1769739,19.3873843,2026-03-19T12:45:46.951Z
69bbefff8deb5275815170b1,5f1cb2a2f4c498000a6ebe5c,2850d217-45bb-4a84-8175-f159c386f1ae,weak,correct,-99.1373136,19.4302678,2026-03-19T12:45:51.075Z
69bbf002146eacf0bb9d1631,59f6202726457201db6685d0,2850d217-45bb-4a84-8175-f159c386f1ae,weak,correct,-99.8129486,16.8219277,2026-03-19T12:45:54.114Z
69bbf0026e5e34587997282c,614787f0d7bcde82b80d61a4,2850d217-45bb-4a84-8175-f159c386f1ae,didnt-feel,dont-know,-99.0073673,19.4102526,2026-03-19T12:45:54.601Z
69bbf00616d3535bc2561863,5a8afad25b7cc0cee0801768,2850d217-45bb-4a84-8175-f159c386f1ae,didnt-feel,dont-know,-99.1193297,18.684842,2026-03-19T12:45:58.370Z
69bbf0086914ae332b57360a,61d5cf826d2e3180271a028f,2850d217-45bb-4a84-8175-f159c386f1ae,didnt-feel,correct,-98.8912031,19.2503338,2026-03-19T12:46:00.275Z
69bbf00a16f32f3334e57d89,68940fd014285a31c7ea6f26,2850d217-45bb-4a84-8175-f159c386f1ae,didnt-feel,dont-know,-99.132101,19.434037,2026-03-19T12:46:02.302Z
69bbf00d6914ae332b573616,67d4f62293140e6e6d55e1ab,2850d217-45bb-4a84-8175-f159c386f1ae,didnt-feel,dont-know,-98.14716646447778,19.05314177411553,2026-03-19T12:46:05.802Z
69bbf0153ae94e897384b9f8,688e9016982b261232b5318b,2850d217-45bb-4a84-8175-f159c386f1ae,didnt-feel,dont-know,-99.04328869999999,19.3819423,2026-03-19T12:46:13.947Z
69bbf01796943ca0faad111c,643f77d3c677a4e488e6be90,2850d217-45bb-4a84-8175-f159c386f1ae,didnt-feel,weaker,-99.15591315647006,19.335121914075213,2026-03-19T12:46:15.941Z
69bbf01a8e8ac06d49ff029b,632c587fce4ce7aa6292a0e1,2850d217-45bb-4a84-8175-f159c386f1ae,didnt-feel,correct,-99.22452369999999,19.668948,2026-03-19T12:46:18.067Z
69bbf01f86e0f5f192bd1706,613cf328c3532ff9fb299cb8,2850d217-45bb-4a84-8175-f159c386f1ae,didnt-feel,weaker,-99.4167318,18.9336001,2026-03-19T12:46:23.006Z
69bbf01f6914ae332b573632,5a0c97ad8e8b7fea5bb70286,2850d217-45bb-4a84-8175-f159c386f1ae,didnt-feel,dont-know,-99.2466874,19.4585942,2026-03-19T12:46:23.488Z
69bbf02196943ca0faad1135,67d4f62293140e6e6d55e1ab,2850d217-45bb-4a84-8175-f159c386f1ae,didnt-feel,dont-know,-98.14716646447778,19.05314177411553,2026-03-19T12:46:25.107Z
69bbf0213ae94e897384ba08,67d4f62293140e6e6d55e1ab,2850d217-45bb-4a84-8175-f159c386f1ae,didnt-feel,dont-know,-98.14716646447778,19.05314177411553,2026-03-19T12:46:25.409Z
69bbf021bf58a109b517cfce,5f0dd0d5500234000ba8d886,2850d217-45bb-4a84-8175-f159c386f1ae,didnt-feel,dont-know,-99.1518224,19.3989022,2026-03-19T12:46:25.684Z
69bbf0238deb527581517139,6817bf92a9a13ce4069575c7,2850d217-45bb-4a84-8175-f159c386f1ae,didnt-feel,correct,-99.132101,19.434037,2026-03-19T12:46:27.453Z
69bbf02596943ca0faad113e,643fa1bf9f02f1470a907e9b,2850d217-45bb-4a84-8175-f159c386f1ae,didnt-feel,dont-know,-99.0177276,19.509213499999998,2026-03-19T12:46:29.573Z
69bbf02716f32f3334e57dd4,67f48f97263f9da0dc1c4e9b,2850d217-45bb-4a84-8175-f159c386f1ae,didnt-feel,dont-know,-98.1864452,18.985192299999998,2026-03-19T12:46:31.091Z
69bbf0293d8f0a6fe70890e4,59f61876178b28f9fbf34b22,2850d217-45bb-4a84-8175-f159c386f1ae,didnt-feel,dont-know,-99.1698933,19.3845688,2026-03-19T12:46:33.026Z
69bbf029bf58a109b517cfeb,67d4f62293140e6e6d55e1ab,2850d217-45bb-4a84-8175-f159c386f1ae,didnt-feel,dont-know,-98.14716646447778,19.05314177411553,2026-03-19T12:46:33.122Z
69bbf02b8deb527581517147,5c47e6bfec7400ca4a706ad4,2850d217-45bb-4a84-8175-f159c386f1ae,didnt-feel,correct,-99.2198954,18.9262585,2026-03-19T12:46:35.311Z
69bbf02c33f58ed4c61d44db,65996ec5e49c489815a2b642,2850d217-45bb-4a84-8175-f159c386f1ae,didnt-feel,correct,-99.14077250000001,19.317402599999998,2026-03-19T12:46:36.416Z
69bbf02f3d8f0a6fe70890ef,68110cc215f28d4d6eff314a,2850d217-45bb-4a84-8175-f159c386f1ae,didnt-feel,correct,-98.4019754,19.1443255,2026-03-19T12:46:39.305Z
69bbf02fb8fdcdb7e1b24e89,6957e36f3dc95b7e3d99ef46,2850d217-45bb-4a84-8175-f159c386f1ae,didnt-feel,weaker,-99.0384522,18.976441299999998,2026-03-19T12:46:39.311Z
69bbf0309ab22f0ea43c74cf,5ef233eadcfd2d000a6fadba,2850d217-45bb-4a84-8175-f159c386f1ae,didnt-feel,correct,-99.0750788,19.370042599999998,2026-03-19T12:46:40.049Z
69bbf031733b8958239f83d9,5bb404705970a01b7b43b8dc,2850d217-45bb-4a84-8175-f159c386f1ae,didnt-feel,correct,-99.0750788,19.4967605,2026-03-19T12:46:41.374Z
69bbf03333f58ed4c61d44f2,59f93c7b543d32d8d527683d,2850d217-45bb-4a84-8175-f159c386f1ae,didnt-feel,dont-know,-99.2270938,19.3745114,2026-03-19T12:46:43.387Z
69bbf033733b8958239f83e0,654afe3ed2850fb931bcc814,2850d217-45bb-4a84-8175-f159c386f1ae,didnt-feel,correct,-99.0654022,19.4103067,2026-03-19T12:46:43.761Z
69bbf0366e5e345879972900,6293a5c948128f5d572cc763,2850d217-45bb-4a84-8175-f159c386f1ae,weak,correct,-98.95075539999999,19.2848553,2026-03-19T12:46:46.175Z
69bbf03a8deb52758151716c,5a8819b24b23ae79f14c78a9,2850d217-45bb-4a84-8175-f159c386f1ae,didnt-feel,dont-know,-99.65661345049739,19.281777939596868,2026-03-19T12:46:50.594Z
69bbf03f6914ae332b573683,59f868e47c71e00aeddca4a1,2850d217-45bb-4a84-8175-f159c386f1ae,didnt-feel,dont-know,-99.1802147,19.453141799999997,2026-03-19T12:46:55.729Z
69bbf0429c2fd53e108bf415,67949454d2d0f044d24909ba,2850d217-45bb-4a84-8175-f159c386f1ae,didnt-feel,dont-know,-99.1628578,19.5411425,2026-03-19T12:46:58.489Z
69bbf0446914ae332b57368f,59f7a090bc77845687ced4f2,2850d217-45bb-4a84-8175-f159c386f1ae,didnt-feel,correct,-99.14454647243248,19.434688426905048,2026-03-19T12:47:00.394Z
69bbf05316f32f3334e57e39,67d553e771bde2778953b332,2850d217-45bb-4a84-8175-f159c386f1ae,didnt-feel,dont-know,-99.2737183,19.3788737,2026-03-19T12:47:15.223Z
69bbf0536914ae332b5736cf,6301a9317b3a61acc19b7c96,2850d217-45bb-4a84-8175-f159c386f1ae,didnt-feel,dont-know,-98.9320813,19.2907635,2026-03-19T12:47:15.839Z
69bbf059146eacf0bb9d1724,59f8530696400cec169409c6,2850d217-45bb-4a84-8175-f159c386f1ae,didnt-feel,dont-know,-98.2317887,19.0435524,2026-03-19T12:47:21.160Z
69bbf05a16d3535bc256199a,5ab390f073c9e870284bb1b8,2850d217-45bb-4a84-8175-f159c386f1ae,didnt-feel,correct,-99.2113669,19.4847041,2026-03-19T12:47:22.340Z
69bbf062146eacf0bb9d173a,688e5a50b1b74e3d21d4e3be,2850d217-45bb-4a84-8175-f159c386f1ae,didnt-feel,correct,-99.0267076,19.5537188,2026-03-19T12:47:30.155Z
69bbf0653ae94e897384bac0,632ce23d54f3bf05d1d7c31c,2850d217-45bb-4a84-8175-f159c386f1ae,didnt-feel,correct,-98.90659869999999,19.4167053,2026-03-19T12:47:33.365Z
69bbf06796943ca0faad11c4,5a3b2cfd7b8b9db590c9fb9d,2850d217-45bb-4a84-8175-f159c386f1ae,weak,dont-know,-99.2207479,19.3419351,2026-03-19T12:47:35.181Z
69bbf0689c2fd53e108bf456,613da080beeefe4167526705,2850d217-45bb-4a84-8175-f159c386f1ae,didnt-feel,correct,-99.1746778,19.4445835,2026-03-19T12:47:36.904Z
69bbf07133f58ed4c61d45c0,6684cb91573408e1bfab7bd0,2850d217-45bb-4a84-8175-f159c386f1ae,didnt-feel,correct,-99.1438857,19.2844756,2026-03-19T12:47:45.603Z
69bbf072b8fdcdb7e1b24f49,5f19019d488abc000b166640,2850d217-45bb-4a84-8175-f159c386f1ae,didnt-feel,weaker,-99.08613919999999,19.4962043,2026-03-19T12:47:46.512Z
69bbf0739ab22f0ea43c7598,59f6719a26457201db66b446,2850d217-45bb-4a84-8175-f159c386f1ae,weak,correct,-99.21898379999999,19.5425094,2026-03-19T12:47:47.218Z
69bbf07beae4277c39004e99,65b561939c3edeff87b08c98,2850d217-45bb-4a84-8175-f159c386f1ae,didnt-feel,dont-know,-99.16802390000001,19.3813647,2026-03-19T12:47:55.011Z
69bbf07b3d8f0a6fe7089195,59f7e6857c71e00aeddc4c9a,2850d217-45bb-4a84-8175-f159c386f1ae,didnt-feel,dont-know,-99.1581936,19.3887725,2026-03-19T12:47:55.363Z
69bbf07f6e5e3458799729f5,59f61876178b28f9fbf34b22,2850d217-45bb-4a84-8175-f159c386f1ae,didnt-feel,dont-know,-99.1698933,19.3845688,2026-03-19T12:47:59.034Z
69bbf0853ae94e897384baf0,66eef9ea7e4ab00f5df713fa,2850d217-45bb-4a84-8175-f159c386f1ae,didnt-feel,dont-know,-99.1929894,19.4486128,2026-03-19T12:48:05.158Z
69bbf08616d3535bc25619f6,68ba69b5552aee34820fc514,2850d217-45bb-4a84-8175-f159c386f1ae,didnt-feel,correct,-99.04328869999999,19.423199399999998,2026-03-19T12:48:06.230Z
69bbf0958e8ac06d49ff03c4,643f769c94619c322c55c699,2850d217-45bb-4a84-8175-f159c386f1ae,didnt-feel,weaker,-99.119718,19.3722661,2026-03-19T12:48:21.194Z
69bbf0968e8ac06d49ff03c7,61392276ab2b87537127d942,2850d217-45bb-4a84-8175-f159c386f1ae,didnt-feel,weaker,-98.2651155,19.000316,2026-03-19T12:48:22.005Z
69bbf09633f58ed4c61d46b3,59fb4078b326dead1216a2e7,2850d217-45bb-4a84-8175-f159c386f1ae,weak,correct,-99.1483827,19.3648912,2026-03-19T12:48:22.018Z
69bbf09c16d3535bc2561a19,5bb3b0c1d8ba18d9481dfaac,2850d217-45bb-4a84-8175-f159c386f1ae,didnt-feel,dont-know,-99.21898379999999,19.3716305,2026-03-19T12:48:28.834Z
69bbf0b086e0f5f192bd187d,5a877621516763ab118ef2db,2850d217-45bb-4a84-8175-f159c386f1ae,didnt-feel,dont-know,-98.82800639999999,19.2746299,2026-03-19T12:48:48.973Z
69bbf0b386e0f5f192bd1883,614766e9b473041cb0deda00,2850d217-45bb-4a84-8175-f159c386f1ae,didnt-feel,correct,-99.1271858,19.3439116,2026-03-19T12:48:51.618Z
69bbf0b38deb5275815172df,6220d6ecfaed2b78b91f88f3,2850d217-45bb-4a84-8175-f159c386f1ae,didnt-feel,correct,-99.20784,19.5631434,2026-03-19T12:48:51.712Z
69bbf0c0eae4277c39004f49,62f60f82f3575fafd25ba76d,2850d217-45bb-4a84-8175-f159c386f1ae,didnt-feel,dont-know,-99.0488165,19.4641835,2026-03-19T12:49:04.840Z
69bbf0c23ae94e897384bb88,59f85f0596400cec16940b63,2850d217-45bb-4a84-8175-f159c386f1ae,didnt-feel,correct,-94.9234094,17.954689899999998,2026-03-19T12:49:06.223Z
69bbf0ca33f58ed4c61d475c,5a007cc01145d83efcb8182b,2850d217-45bb-4a84-8175-f159c386f1ae,didnt-feel,weaker,-99.1479117,19.3455891,2026-03-19T12:49:14.253Z
69bbf0cc6f3ec378d96f5891,5a65733c035e0e078db5be0c,2850d217-45bb-4a84-8175-f159c386f1ae,didnt-feel,dont-know,-103.4190672,20.6713198,2026-03-19T12:49:16.203Z
69bbf0cd33f58ed4c61d4769,59f85f0596400cec16940b63,2850d217-45bb-4a84-8175-f159c386f1ae,didnt-feel,correct,-94.9234094,17.954689899999998,2026-03-19T12:49:17.354Z
69bbf0cd3d8f0a6fe7089282,641b27a117247ad7843e7c42,2850d217-45bb-4a84-8175-f159c386f1ae,didnt-feel,correct,-99.16823649778962,18.915491075690536,2026-03-19T12:49:17.479Z
69bbf0da3d8f0a6fe7089294,6897b8aa421d3798dfc3faa3,2850d217-45bb-4a84-8175-f159c386f1ae,didnt-feel,correct,-99.0267076,19.5537188,2026-03-19T12:49:30.221Z
69bbf0db8e8ac06d49ff046d,64efdd69115b7b7076f00741,2850d217-45bb-4a84-8175-f159c386f1ae,didnt-feel,correct,-98.2265264,19.0640788,2026-03-19T12:49:31.948Z
69bbf0df6914ae332b5737e2,5a88e5e8212109ec2762d909,2850d217-45bb-4a84-8175-f159c386f1ae,didnt-feel,correct,-99.1789511,18.6143887,2026-03-19T12:49:35.707Z
69bbf0e533f58ed4c61d4794,5d93a69f06da238475431d0b,2850d217-45bb-4a84-8175-f159c386f1ae,didnt-feel,correct,-98.3773116,19.266384499999997,2026-03-19T12:49:41.926Z
69bbf0e7b8fdcdb7e1b2502c,696018f24d34b1a65a71ff0e,2850d217-45bb-4a84-8175-f159c386f1ae,weak,weaker,-99.132101,19.434037,2026-03-19T12:49:43.711Z
69bbf0e833f58ed4c61d4797,6975431991df1ac730785d1a,2850d217-45bb-4a84-8175-f159c386f1ae,didnt-feel,correct,-99.132101,19.434037,2026-03-19T12:49:44.282Z
69bbf0eb6e5e345879972abb,63f83362517ca4735b2e9523,2850d217-45bb-4a84-8175-f159c386f1ae,didnt-feel,dont-know,-99.0197998,19.3875316,2026-03-19T12:49:47.995Z
69bbf0f386e0f5f192bd18e9,59fc1c2b95344bef0b310383,2850d217-45bb-4a84-8175-f159c386f1ae,didnt-feel,correct,-99.0687326,19.402507,2026-03-19T12:49:55.138Z
69bbf0f616f32f3334e57f7e,59f7bf61a5c308a413941ca3,2850d217-45bb-4a84-8175-f159c386f1ae,didnt-feel,dont-know,-99.1786145,19.4014775,2026-03-19T12:49:58.555Z
69bbf0f633f58ed4c61d47b3,59fc799595344bef0b310f02,2850d217-45bb-4a84-8175-f159c386f1ae,didnt-feel,correct,-99.098584,19.6444313,2026-03-19T12:49:58.799Z
69bbf0f78deb52758151739e,5a04fa3de6a2a0e0b661bb2d,2850d217-45bb-4a84-8175-f159c386f1ae,didnt-feel,dont-know,-99.5812349,19.1865641,2026-03-19T12:49:59.719Z
69bbf0f83ae94e897384bc01,5efb281b36d74c000b8eda83,2850d217-45bb-4a84-8175-f159c386f1ae,didnt-feel,dont-know,-99.03914309999999,19.430774,2026-03-19T12:50:00.888Z
69bbf0fa8deb5275815173a4,5d08478ad9ed39be0175faca,2850d217-45bb-4a84-8175-f159c386f1ae,didnt-feel,dont-know,-99.1041157,19.4142597,2026-03-19T12:50:02.826Z
69bbf0fb9ab22f0ea43c76fe,68912a8a9946cce97c1112d2,2850d217-45bb-4a84-8175-f159c386f1ae,didnt-feel,dont-know,-99.3078713994088,19.583438683515254,2026-03-19T12:50:03.788Z
69bbf0fe9c2fd53e108bf58d,699c6d3449b5db259b3437e2,2850d217-45bb-4a84-8175-f159c386f1ae,didnt-feel,dont-know,-101.2304188,19.6872449,2026-03-19T12:50:06.344Z
69bbf0fe86e0f5f192bd1902,5ef6068a5cf8ab000acc6910,2850d217-45bb-4a84-8175-f159c386f1ae,weak,correct,-99.09190585836768,19.48559963592399,2026-03-19T12:50:06.801Z
69bbf1043ae94e897384bc1c,632c0107de854614f796ab3b,2850d217-45bb-4a84-8175-f159c386f1ae,didnt-feel,correct,-99.1597837,19.5156569,2026-03-19T12:50:12.067Z
69bbf1068e8ac06d49ff04d4,5a8909b4212109ec276313bb,2850d217-45bb-4a84-8175-f159c386f1ae,didnt-feel,weaker,-99.1684492,19.463314699999998,2026-03-19T12:50:14.673Z
69bbf10a9ab22f0ea43c771f,60359e6365f7b3000b24ecbf,2850d217-45bb-4a84-8175-f159c386f1ae,didnt-feel,dont-know,-99.2393938,19.5507845,2026-03-19T12:50:18.468Z
69bbf10d96943ca0faad1308,59fbbc2895344bef0b30d81a,2850d217-45bb-4a84-8175-f159c386f1ae,didnt-feel,dont-know,-99.1565136,19.2961163,2026-03-19T12:50:21.171Z
69bbf11296943ca0faad1310,64fb76d124d85a4ea13295a9,2850d217-45bb-4a84-8175-f159c386f1ae,didnt-feel,dont-know,-99.2071014,19.3559791,2026-03-19T12:50:26.547Z
69bbf1196f3ec378d96f5971,5b039cf2543e658d7940cdbc,2850d217-45bb-4a84-8175-f159c386f1ae,didnt-feel,dont-know,-99.1463071,19.3303807,2026-03-19T12:50:33.178Z
69bbf1206914ae332b57388c,6520f089d994af005497dd63,2850d217-45bb-4a84-8175-f159c386f1ae,didnt-feel,dont-know,-98.19702068343759,19.060033104225205,2026-03-19T12:50:40.888Z
69bbf12133f58ed4c61d4801,6139f40e30ac1d0c99a9ae6f,2850d217-45bb-4a84-8175-f159c386f1ae,moderate,correct,-99.0096595,19.7143222,2026-03-19T12:50:41.553Z
69bbf122733b8958239f864b,59fb95e398148cf85e2cb622,2850d217-45bb-4a84-8175-f159c386f1ae,didnt-feel,dont-know,-99.2252995,19.3620788,2026-03-19T12:50:42.508Z
69bbf1236e5e345879972b63,66a55025077ef39d5cf4fff3,2850d217-45bb-4a84-8175-f159c386f1ae,didnt-feel,correct,-99.13316309999999,19.3288318,2026-03-19T12:50:43.726Z
69bbf1276914ae332b57389e,5c3a185755d2ac54d3ef5694,2850d217-45bb-4a84-8175-f159c386f1ae,didnt-feel,dont-know,-99.18407292601647,19.373666103814713,2026-03-19T12:50:47.065Z
69bbf1293d8f0a6fe7089341,5b480c876bec2ceb5e3f0424,2850d217-45bb-4a84-8175-f159c386f1ae,didnt-feel,weaker,-99.214829,19.550088799999997,2026-03-19T12:50:49.558Z
69bbf12933f58ed4c61d4819,69585ef7c8242e11e5641694,2850d217-45bb-4a84-8175-f159c386f1ae,didnt-feel,dont-know,-99.0605643,19.3420386,2026-03-19T12:50:49.786Z
69bbf12e146eacf0bb9d1940,5a879ed04b23ae79f14b641d,2850d217-45bb-4a84-8175-f159c386f1ae,didnt-feel,correct,-98.947523,18.853788,2026-03-19T12:50:54.320Z
69bbf12fb8fdcdb7e1b250d1,5a8983104b23ae79f14ed4ca,2850d217-45bb-4a84-8175-f159c386f1ae,didnt-feel,correct,-98.20352779999999,18.9895963,2026-03-19T12:50:55.405Z
69bbf1329c2fd53e108bf609,69585ef7c8242e11e5641694,2850d217-45bb-4a84-8175-f159c386f1ae,didnt-feel,dont-know,-99.0605643,19.3420386,2026-03-19T12:50:58.012Z
69bbf13286e0f5f192bd196c,67d4fc5a28f182ff3a8f699d,2850d217-45bb-4a84-8175-f159c386f1ae,didnt-feel,dont-know,-99.2269476,19.5019553,2026-03-19T12:50:58.514Z
69bbf13696943ca0faad137c,6678622ea49dc6a6ef064590,2850d217-45bb-4a84-8175-f159c386f1ae,didnt-feel,correct,-99.06668303534389,18.888580690468004,2026-03-19T12:51:02.771Z
69bbf13a3d8f0a6fe7089363,66adcafe45933e38d4f8eecb,2850d217-45bb-4a84-8175-f159c386f1ae,didnt-feel,correct,-99.1344816,19.6403991,2026-03-19T12:51:06.584Z
69bbf13c96943ca0faad138d,642572952a467be230dfc48b,2850d217-45bb-4a84-8175-f159c386f1ae,didnt-feel,dont-know,-99.1834096,19.257597,2026-03-19T12:51:08.172Z
69bbf140733b8958239f867c,696d33769e7c1a83e510ceaf,2850d217-45bb-4a84-8175-f159c386f1ae,didnt-feel,dont-know,-99.830629,16.9125846,2026-03-19T12:51:12.961Z
69bbf14316d3535bc2561b6c,59fa36bf543d32d8d527baca,2850d217-45bb-4a84-8175-f159c386f1ae,didnt-feel,correct,-98.4712143,18.6217909,2026-03-19T12:51:15.944Z
69bbf1449c2fd53e108bf644,61397625e85f73669544b04c,2850d217-45bb-4a84-8175-f159c386f1ae,moderate,stronger,-99.5006201,17.5515473,2026-03-19T12:51:16.173Z
69bbf1489ab22f0ea43c77d0,5cd7fb7dacfbdd4613e11c33,2850d217-45bb-4a84-8175-f159c386f1ae,didnt-feel,dont-know,-99.33603784069419,19.31880375774516,2026-03-19T12:51:20.103Z
69bbf1493d8f0a6fe70893aa,5e331da55e3b30000a102370,2850d217-45bb-4a84-8175-f159c386f1ae,moderate,correct,-99.88087039999999,16.866395,2026-03-19T12:51:21.829Z
69bbf1508e8ac06d49ff0569,61e0d4e43b82614cfad22c63,2850d217-45bb-4a84-8175-f159c386f1ae,didnt-feel,weaker,-99.435323,18.7456106,2026-03-19T12:51:28.035Z
69bbf15586e0f5f192bd19ca,64fb796c222ae4690364ae96,2850d217-45bb-4a84-8175-f159c386f1ae,didnt-feel,dont-know,-99.132101,19.434037,2026-03-19T12:51:33.920Z
69bbf1568deb5275815174b0,6957e2c528db4f291fe57488,2850d217-45bb-4a84-8175-f159c386f1ae,didnt-feel,dont-know,-98.89970149999999,19.8254901,2026-03-19T12:51:34.054Z
69bbf1596914ae332b573942,65723a543ed579698f286c84,2850d217-45bb-4a84-8175-f159c386f1ae,didnt-feel,correct,-98.97067772224545,19.39465684840286,2026-03-19T12:51:37.245Z
69bbf15a733b8958239f86de,5e237de8db58c50010390346,2850d217-45bb-4a84-8175-f159c386f1ae,didnt-feel,dont-know,-99.10826469999999,19.444991599999998,2026-03-19T12:51:38.803Z
69bbf15f3d8f0a6fe70893d8,642b891ec9279c46bbbc7eff,2850d217-45bb-4a84-8175-f159c386f1ae,didnt-feel,dont-know,-98.9186813,19.3160458,2026-03-19T12:51:43.989Z
69bbf1636914ae332b573959,5d9a7ed939ac0bad0cee0649,2850d217-45bb-4a84-8175-f159c386f1ae,didnt-feel,correct,-99.21898379999999,19.3392293,2026-03-19T12:51:47.470Z
69bbf16516f32f3334e58153,65d27047d398df3d1bc11eef,2850d217-45bb-4a84-8175-f159c386f1ae,didnt-feel,correct,-99.23006409999999,19.6008781,2026-03-19T12:51:49.254Z
69bbf1689ab22f0ea43c784f,678873f705ab00fd4a36cc2d,2850d217-45bb-4a84-8175-f159c386f1ae,didnt-feel,dont-know,-99.1919819,19.282424199999998,2026-03-19T12:51:52.359Z
69bbf16d733b8958239f8708,690ce4602aa21f757eb3ab4e,2850d217-45bb-4a84-8175-f159c386f1ae,didnt-feel,correct,-99.1698333,19.441146,2026-03-19T12:51:57.043Z
69bbf1719c2fd53e108bf70a,643f7ac5ebb6af9f9d1c66b2,2850d217-45bb-4a84-8175-f159c386f1ae,didnt-feel,weaker,-99.2440897,18.9315086,2026-03-19T12:52:01.399Z
69bbf1738e8ac06d49ff05bb,5b5408c4ea5cfb1d9100da36,2850d217-45bb-4a84-8175-f159c386f1ae,didnt-feel,correct,-99.1089562,19.2954306,2026-03-19T12:52:03.338Z
69bbf1759ab22f0ea43c787b,62351c4f775ac08a3a2e553c,2850d217-45bb-4a84-8175-f159c386f1ae,weak,correct,-98.8817268,19.3153104,2026-03-19T12:52:05.294Z
69bbf17f146eacf0bb9d1a21,5d86d40439ac0bad0ce98e7a,2850d217-45bb-4a84-8175-f159c386f1ae,didnt-feel,correct,-99.08959589999999,19.5056089,2026-03-19T12:52:15.969Z
69bbf1819c2fd53e108bf74c,5a8f97c79120e2d009dd4c1a,2850d217-45bb-4a84-8175-f159c386f1ae,didnt-feel,dont-know,-99.1293587,19.3021418,2026-03-19T12:52:17.005Z
69bbf18a9c2fd53e108bf757,678383e84cdcef1e3a6536fc,2850d217-45bb-4a84-8175-f159c386f1ae,didnt-feel,correct,-99.12175340828045,19.31580694316307,2026-03-19T12:52:26.050Z
69bbf18fb8fdcdb7e1b251e8,61f161c9c385b423e5d90ff8,2850d217-45bb-4a84-8175-f159c386f1ae,weak,correct,-99.08890459999999,19.6346037,2026-03-19T12:52:31.119Z
69bbf1936914ae332b5739fe,613d6e4e916677e3f7c57702,2850d217-45bb-4a84-8175-f159c386f1ae,didnt-feel,correct,-99.00876009999999,19.585059599999997,2026-03-19T12:52:35.980Z
69bbf19c86e0f5f192bd1a73,61f161c9c385b423e5d90ff8,2850d217-45bb-4a84-8175-f159c386f1ae,weak,correct,-99.08890459999999,19.6346037,2026-03-19T12:52:44.840Z
69bbf19f733b8958239f878b,66f643695389f2d2170c9a4b,2850d217-45bb-4a84-8175-f159c386f1ae,didnt-feel,correct,-99.132101,19.434037,2026-03-19T12:52:48.000Z
69bbf1a09c2fd53e108bf79d,65cb879b4ccc29fa83d07823,2850d217-45bb-4a84-8175-f159c386f1ae,didnt-feel,dont-know,-99.1165633,19.4268936,2026-03-19T12:52:48.343Z
69bbf1a36e5e345879972d11,5b7dacacaea88b3dbfd6555c,2850d217-45bb-4a84-8175-f159c386f1ae,didnt-feel,correct,-99.1666392,19.3541539,2026-03-19T12:52:51.197Z
69bbf1a96f3ec378d96f5ac4,5a3b2e957b8b9db590ca0200,2850d217-45bb-4a84-8175-f159c386f1ae,didnt-feel,dont-know,-99.1406779,19.4330609,2026-03-19T12:52:57.655Z
69bbf1ab16f32f3334e5829e,632f22cac1ce0c310c9eed22,2850d217-45bb-4a84-8175-f159c386f1ae,didnt-feel,dont-know,-98.8932734,19.3009554,2026-03-19T12:52:59.612Z
69bbf1ad9c2fd53e108bf7c3,59f9309f879b74cfcf2bdde0,2850d217-45bb-4a84-8175-f159c386f1ae,didnt-feel,dont-know,-99.132101,19.434037,2026-03-19T12:53:01.297Z
69bbf1ae146eacf0bb9d1abe,59f73fbc178b28f9fbf42de5,2850d217-45bb-4a84-8175-f159c386f1ae,didnt-feel,dont-know,-99.1680155,19.4313163,2026-03-19T12:53:02.484Z
69bbf1b096943ca0faad14c0,5ab43e5b94ce6e4e0e00a1b5,2850d217-45bb-4a84-8175-f159c386f1ae,didnt-feel,dont-know,-99.1193242,19.3738797,2026-03-19T12:53:04.338Z
69bbf1bd6f3ec378d96f5ae8,67ea139ab045115d669b64fe,2850d217-45bb-4a84-8175-f159c386f1ae,weak,correct,-99.5211152,17.5746343,2026-03-19T12:53:17.160Z
69bbf1bd6f3ec378d96f5aea,69a3ca757209cc2146b1fde4,2850d217-45bb-4a84-8175-f159c386f1ae,didnt-feel,dont-know,-99.1274282,19.4927146,2026-03-19T12:53:17.956Z
69bbf1c23d8f0a6fe70894ec,695adb7c2dd0490b013b9af2,2850d217-45bb-4a84-8175-f159c386f1ae,didnt-feel,correct,-99.2425312,19.0539025,2026-03-19T12:53:22.374Z
69bbf1c59c2fd53e108bf7f2,696a395a8766b3cc6edf7ef2,2850d217-45bb-4a84-8175-f159c386f1ae,weak,dont-know,-99.1594532,19.417363899999998,2026-03-19T12:53:25.248Z
69bbf1c596943ca0faad14f6,59f6b55d92c50710c3ed1fd9,2850d217-45bb-4a84-8175-f159c386f1ae,didnt-feel,correct,-99.1634927,19.4182759,2026-03-19T12:53:25.534Z
69bbf1ca96943ca0faad14fd,5b7da8c24fe369257ede9b85,2850d217-45bb-4a84-8175-f159c386f1ae,didnt-feel,correct,-99.1949315,19.3686495,2026-03-19T12:53:30.395Z
69bbf1d0733b8958239f87f7,5a22c28f49297f5a37e86f8b,2850d217-45bb-4a84-8175-f159c386f1ae,didnt-feel,dont-know,-99.5432442,19.2642416,2026-03-19T12:53:36.504Z
69bbf1d533f58ed4c61d4a0c,59fe046f1145d83efcb790ac,2850d217-45bb-4a84-8175-f159c386f1ae,didnt-feel,dont-know,-98.8117796,19.5125886,2026-03-19T12:53:41.648Z
69bbf1d733f58ed4c61d4a0e,59f69ee392c50710c3ecffe4,2850d217-45bb-4a84-8175-f159c386f1ae,didnt-feel,dont-know,-99.1214045,19.4435932,2026-03-19T12:53:43.093Z
69bbf1e0b8fdcdb7e1b2529a,5bae28aa5970a01b7b3bcdb6,2850d217-45bb-4a84-8175-f159c386f1ae,didnt-feel,dont-know,-99.1373136,19.4302678,2026-03-19T12:53:52.402Z
69bbf1e533f58ed4c61d4a38,59f7b5e3993bc192df1ae5af,2850d217-45bb-4a84-8175-f159c386f1ae,didnt-feel,correct,-100.62810139999999,17.2237303,2026-03-19T12:53:57.928Z
69bbf1e816f32f3334e58318,5f05ba074a9cab000a0aa84c,2850d217-45bb-4a84-8175-f159c386f1ae,didnt-feel,dont-know,-99.1162511,19.466381,2026-03-19T12:54:00.683Z
69bbf1e93ae94e897384be23,5c8993973a0b8c0abcd45ca0,2850d217-45bb-4a84-8175-f159c386f1ae,didnt-feel,correct,-99.06125540000001,19.317696599999998,2026-03-19T12:54:01.022Z
69bbf1ef33f58ed4c61d4a44,5e324f14289f72000a05c1d7,2850d217-45bb-4a84-8175-f159c386f1ae,didnt-feel,dont-know,-99.2134442,18.915565,2026-03-19T12:54:07.050Z
69bbf1ef6f3ec378d96f5b49,59f7ac49befbd485b6bf763e,2850d217-45bb-4a84-8175-f159c386f1ae,didnt-feel,dont-know,-99.186519,19.4327121,2026-03-19T12:54:07.111Z
69bbf1f66914ae332b573b7a,59f7871d94b604ee748ed642,2850d217-45bb-4a84-8175-f159c386f1ae,didnt-feel,dont-know,-99.0613859,19.4925645,2026-03-19T12:54:14.834Z
69bbf1f73d8f0a6fe708956e,65cd039f09d8437e0f30f0a8,2850d217-45bb-4a84-8175-f159c386f1ae,didnt-feel,dont-know,-99.2048908,19.4330047,2026-03-19T12:54:15.739Z
69bbf1f996943ca0faad1554,66fa0328506862c8c7b977b1,2850d217-45bb-4a84-8175-f159c386f1ae,didnt-feel,dont-know,-99.60251748561859,19.250429819865843,2026-03-19T12:54:17.507Z
69bbf2059ab22f0ea43c7a2b,66f5b8e1beb5bf9ddf2dfe60,2850d217-45bb-4a84-8175-f159c386f1ae,didnt-feel,dont-know,-99.1248628,19.3439785,2026-03-19T12:54:29.458Z
69bbf20896943ca0faad1571,5b7dc2bf5b1b6ea04a8ef005,2850d217-45bb-4a84-8175-f159c386f1ae,didnt-feel,correct,-99.08130009999999,19.4957109,2026-03-19T12:54:32.889Z
69bbf2093ae94e897384be76,640036cc33af2d2536d94d3e,2850d217-45bb-4a84-8175-f159c386f1ae,didnt-feel,dont-know,-99.1252841,19.415942,2026-03-19T12:54:33.858Z
69bbf20a8deb52758151769a,5b370b28c47bdeda2175e8bb,2850d217-45bb-4a84-8175-f159c386f1ae,didnt-feel,correct,-99.3037297,19.5533104,2026-03-19T12:54:34.391Z
69bbf20a3d8f0a6fe70895b0,5cf572435eca8335427881f4,2850d217-45bb-4a84-8175-f159c386f1ae,didnt-feel,dont-know,-98.22881729999999,19.0422933,2026-03-19T12:54:34.415Z
69bbf20d3ae94e897384be7c,59f871c696400cec1694469c,2850d217-45bb-4a84-8175-f159c386f1ae,didnt-feel,dont-know,-99.2272939,19.49494,2026-03-19T12:54:37.925Z
69bbf20e6f3ec378d96f5b95,650a5a237ee4bb2ef1691007,2850d217-45bb-4a84-8175-f159c386f1ae,moderate,correct,-99.132101,19.434037,2026-03-19T12:54:38.523Z
69bbf21233f58ed4c61d4ae1,657228d7fa3e686ba4360232,2850d217-45bb-4a84-8175-f159c386f1ae,didnt-feel,correct,-99.15530160000002,19.2805888,2026-03-19T12:54:42.120Z
69bbf213eae4277c390052b5,66f6230d05f5655335712c44,2850d217-45bb-4a84-8175-f159c386f1ae,didnt-feel,correct,-99.1971739,19.444546400000004,2026-03-19T12:54:43.182Z
69bbf21c3d8f0a6fe70895d4,63a45c987d9c66b454af1a5d,2850d217-45bb-4a84-8175-f159c386f1ae,didnt-feel,dont-know,-99.35204759999999,19.3618791,2026-03-19T12:54:52.736Z
69bbf221146eacf0bb9d1bd4,59f69b3226457201db66e0ea,2850d217-45bb-4a84-8175-f159c386f1ae,didnt-feel,dont-know,-99.1624302,19.3699811,2026-03-19T12:54:57.821Z
69bbf22396943ca0faad15ac,69599ea2af369f9326d093b6,2850d217-45bb-4a84-8175-f159c386f1ae,didnt-feel,correct,-99.16083719999999,18.906402999999997,2026-03-19T12:54:59.214Z
69bbf22586e0f5f192bd1bdd,59f7ab47bc77845687cee05f,2850d217-45bb-4a84-8175-f159c386f1ae,didnt-feel,correct,-99.13395167708501,19.379567096947174,2026-03-19T12:55:01.572Z
69bbf226146eacf0bb9d1bdd,66f5b30e6463c9952d8356e0,2850d217-45bb-4a84-8175-f159c386f1ae,didnt-feel,dont-know,-99.0543447,19.6171869,2026-03-19T12:55:02.310Z
69bbf2348deb5275815176f8,5b0967f58e8eaae9eea1911f,2850d217-45bb-4a84-8175-f159c386f1ae,didnt-feel,weaker,-101.17589319999999,19.7911756,2026-03-19T12:55:16.481Z
69bbf23b33f58ed4c61d4b72,6539a09e80de04141076da8d,2850d217-45bb-4a84-8175-f159c386f1ae,didnt-feel,dont-know,-99.33332229999999,19.3179352,2026-03-19T12:55:23.958Z
69bbf23c6f3ec378d96f5c01,5a076d8824d403e624c21ffc,2850d217-45bb-4a84-8175-f159c386f1ae,didnt-feel,correct,-99.0687326,19.402507,2026-03-19T12:55:24.914Z
69bbf2418deb527581517710,69581b0745a59114f87b4f09,2850d217-45bb-4a84-8175-f159c386f1ae,didnt-feel,correct,-98.24988355620667,18.998500959955013,2026-03-19T12:55:29.059Z
69bbf24986e0f5f192bd1c48,628ea700b9765805af7ef9ce,2850d217-45bb-4a84-8175-f159c386f1ae,didnt-feel,weaker,-99.201236,19.5174207,2026-03-19T12:55:37.025Z
69bbf250146eacf0bb9d1c35,689b7d815bc06e2d0b6a4a9c,2850d217-45bb-4a84-8175-f159c386f1ae,didnt-feel,correct,-99.0938793,19.656231,2026-03-19T12:55:44.010Z
69bbf25b6f3ec378d96f5c4b,6969dee7df13ea249255a485,2850d217-45bb-4a84-8175-f159c386f1ae,weak,correct,-99.89483159999999,16.8628023,2026-03-19T12:55:55.323Z
69bbf2656914ae332b573cd1,681163ac819299decc3b17b2,2850d217-45bb-4a84-8175-f159c386f1ae,didnt-feel,dont-know,-98.2019363,19.0474157,2026-03-19T12:56:05.094Z
69bbf26833f58ed4c61d4c07,5a18f6797a124b6c66f2287f,2850d217-45bb-4a84-8175-f159c386f1ae,didnt-feel,dont-know,-99.137471,19.3817551,2026-03-19T12:56:08.380Z
69bbf269eae4277c3900539e,632cb7681b99574d8e6676b3,2850d217-45bb-4a84-8175-f159c386f1ae,didnt-feel,correct,-99.16637310000002,19.545193599999998,2026-03-19T12:56:09.557Z
69bbf26e9ab22f0ea43c7b0f,59f7fbb096400cec1693e60e,2850d217-45bb-4a84-8175-f159c386f1ae,didnt-feel,dont-know,-99.1809068,19.477415099999998,2026-03-19T12:56:14.931Z
69bbf27516d3535bc2561ed6,6957d91a6bc4e8ab7d637fd5,2850d217-45bb-4a84-8175-f159c386f1ae,didnt-feel,dont-know,-99.734067,19.8764635,2026-03-19T12:56:21.539Z
69bbf276733b8958239f8a7e,696a57ff2c7eb4d361e83be7,2850d217-45bb-4a84-8175-f159c386f1ae,didnt-feel,correct,-98.28109811125418,19.086213970581586,2026-03-19T12:56:22.029Z
69bbf277b8fdcdb7e1b25428,643f8e519f02f124448f8cee,2850d217-45bb-4a84-8175-f159c386f1ae,didnt-feel,dont-know,-98.55345072224736,19.304547446535658,2026-03-19T12:56:23.681Z
69bbf2819c2fd53e108bfa45,5a8e3f705c1b2617d460689f,2850d217-45bb-4a84-8175-f159c386f1ae,didnt-feel,weaker,-99.1096702,19.6568783,2026-03-19T12:56:33.195Z
69bbf2886914ae332b573d24,59f6951126457201db66d913,2850d217-45bb-4a84-8175-f159c386f1ae,didnt-feel,dont-know,-99.0543062,19.4829853,2026-03-19T12:56:40.174Z
69bbf28b96943ca0faad16fb,6959439ec7c7fe1008d7c9ee,2850d217-45bb-4a84-8175-f159c386f1ae,didnt-feel,correct,-99.4521383,17.5047142,2026-03-19T12:56:43.498Z
69bbf28c16d3535bc2561f30,67d4fa6d7e7f1aea37ae6372,2850d217-45bb-4a84-8175-f159c386f1ae,didnt-feel,correct,-98.2281337,19.003247899999998,2026-03-19T12:56:44.691Z
69bbf28c9ab22f0ea43c7b7b,6866dd3a7b175e20ca2f45f8,2850d217-45bb-4a84-8175-f159c386f1ae,didnt-feel,dont-know,-99.2134442,19.5280593,2026-03-19T12:56:44.945Z
69bbf292146eacf0bb9d1d45,5e323f4fb4ae6a000ad4b025,2850d217-45bb-4a84-8175-f159c386f1ae,didnt-feel,dont-know,-99.60606202483177,19.311477833665226,2026-03-19T12:56:50.372Z
69bbf292b8fdcdb7e1b2546e,673007df3ebd4efe409716e2,2850d217-45bb-4a84-8175-f159c386f1ae,weak,correct,-99.132101,19.434037,2026-03-19T12:56:50.485Z
69bbf2936914ae332b573d43,60d0c167a23f71fdc9aa72c6,2850d217-45bb-4a84-8175-f159c386f1ae,didnt-feel,weaker,-99.2362974,19.465753900000003,2026-03-19T12:56:51.385Z
69bbf29433f58ed4c61d4c65,5b79c30f3283750cfb94e5a5,2850d217-45bb-4a84-8175-f159c386f1ae,didnt-feel,dont-know,-99.0465593,19.290361,2026-03-19T12:56:52.035Z
69bbf2953ae94e897384c014,59f669f3178b28f9fbf375d6,2850d217-45bb-4a84-8175-f159c386f1ae,weak,correct,-99.02463519999999,19.5265548,2026-03-19T12:56:53.676Z
69bbf29616d3535bc2561f45,68b9dd3c319f6ee58feb80b2,2850d217-45bb-4a84-8175-f159c386f1ae,didnt-feel,correct,-99.1633971,19.406685,2026-03-19T12:56:54.380Z
69bbf29686e0f5f192bd1d21,682667560eb83e5993a2f298,2850d217-45bb-4a84-8175-f159c386f1ae,weak,correct,-98.28968449999999,19.234978599999998,2026-03-19T12:56:54.847Z
69bbf2988e8ac06d49ff0a21,643f78bd1ef7966956b18b51,2850d217-45bb-4a84-8175-f159c386f1ae,didnt-feel,dont-know,-99.1546097,19.4360237,2026-03-19T12:56:56.384Z
69bbf29a86e0f5f192bd1d2e,67e5d5a93df0a30abb3389a7,2850d217-45bb-4a84-8175-f159c386f1ae,weak,correct,-99.4860234,17.524718999999997,2026-03-19T12:56:58.154Z
69bbf29c33f58ed4c61d4c7b,67e5d5a93df0a30abb3389a7,2850d217-45bb-4a84-8175-f159c386f1ae,weak,correct,-99.4860234,17.524718999999997,2026-03-19T12:57:00.459Z
69bbf2a0146eacf0bb9d1d66,628ec55019c406405b13c662,2850d217-45bb-4a84-8175-f159c386f1ae,didnt-feel,correct,-99.1251318,19.4316849,2026-03-19T12:57:04.358Z
69bbf2a53ae94e897384c05b,6958658cc8242e11e564442d,2850d217-45bb-4a84-8175-f159c386f1ae,didnt-feel,dont-know,-99.7628965,16.7684387,2026-03-19T12:57:09.987Z
69bbf2a76f3ec378d96f5dc6,64308e1aeeb55f7c7a06cdb3,2850d217-45bb-4a84-8175-f159c386f1ae,didnt-feel,dont-know,-99.132101,19.434037,2026-03-19T12:57:11.165Z
69bbf2a9733b8958239f8aef,59f7485705e024e0e3438ce6,2850d217-45bb-4a84-8175-f159c386f1ae,didnt-feel,dont-know,-99.134228,19.306058,2026-03-19T12:57:13.953Z
69bbf2ac8e8ac06d49ff0a56,59f7a7c5f4f7aa7502ef7669,2850d217-45bb-4a84-8175-f159c386f1ae,didnt-feel,correct,-98.8721186,19.3255414,2026-03-19T12:57:16.851Z
69bbf2b1733b8958239f8b00,5e223b7e5b71a05212d7fdc2,2850d217-45bb-4a84-8175-f159c386f1ae,didnt-feel,correct,-99.132101,19.434037,2026-03-19T12:57:21.336Z
69bbf2b433f58ed4c61d4ca7,608cb23bfcf79c000a2bd678,2850d217-45bb-4a84-8175-f159c386f1ae,didnt-feel,dont-know,-99.21829129999999,19.4313193,2026-03-19T12:57:24.614Z
69bbf2b9146eacf0bb9d1da2,608cb23bfcf79c000a2bd678,2850d217-45bb-4a84-8175-f159c386f1ae,didnt-feel,dont-know,-99.21829129999999,19.4313193,2026-03-19T12:57:29.390Z
69bbf2bc16d3535bc256206f,68eac51aafbc77872d10fd72,2850d217-45bb-4a84-8175-f159c386f1ae,didnt-feel,weaker,-99.0584911,19.4828565,2026-03-19T12:57:32.342Z
69bbf2c5146eacf0bb9d1db5,5b02304e191eb2dcd5874467,2850d217-45bb-4a84-8175-f159c386f1ae,didnt-feel,correct,-99.1705253,19.2871869,2026-03-19T12:57:41.491Z
69bbf2ca16f32f3334e5862f,5a8ce9573c8192ed30a09ddd,2850d217-45bb-4a84-8175-f159c386f1ae,didnt-feel,dont-know,-99.2256635,19.4216613,2026-03-19T12:57:46.092Z
69bbf2ce6e5e345879973156,6055efcf3e6dc7000ab15560,2850d217-45bb-4a84-8175-f159c386f1ae,didnt-feel,dont-know,-99.1251318,19.4316849,2026-03-19T12:57:50.526Z
69bbf2cf96943ca0faad17b0,59f6d98726457201db672b94,2850d217-45bb-4a84-8175-f159c386f1ae,didnt-feel,dont-know,-99.4978348,18.9467836,2026-03-19T12:57:51.419Z
69bbf2d09c2fd53e108bfc63,650a702f74bd9a90d651380d,2850d217-45bb-4a84-8175-f159c386f1ae,moderate,stronger,-100.464947,17.1739773,2026-03-19T12:57:52.044Z
69bbf2d26e5e34587997315f,632e3b3d0642b2f49ac99ade,2850d217-45bb-4a84-8175-f159c386f1ae,didnt-feel,dont-know,-99.1138972,19.3842958,2026-03-19T12:57:54.833Z
69bbf2d7733b8958239f8b83,5cbd49ab9fe02b2d40e1b7a6,2850d217-45bb-4a84-8175-f159c386f1ae,didnt-feel,dont-know,-99.16083719999999,19.4276061,2026-03-19T12:57:59.367Z
69bbf2d88deb5275815178b7,632c73bebdcb9f906737bdf6,2850d217-45bb-4a84-8175-f159c386f1ae,didnt-feel,weaker,-101.19288499999999,19.7020748,2026-03-19T12:58:00.445Z
69bbf2daeae4277c390054c0,5a0cbe5681710def8249093e,2850d217-45bb-4a84-8175-f159c386f1ae,didnt-feel,dont-know,-99.1580834,19.3055462,2026-03-19T12:58:02.922Z
69bbf2db16f32f3334e5865c,6995d74676dc0843f4ae3caa,2850d217-45bb-4a84-8175-f159c386f1ae,didnt-feel,dont-know,-99.22452369999999,18.9709246,2026-03-19T12:58:03.510Z
69bbf2dc96943ca0faad17c7,5cbd49ab9fe02b2d40e1b7a6,2850d217-45bb-4a84-8175-f159c386f1ae,didnt-feel,dont-know,-99.16083719999999,19.4276061,2026-03-19T12:58:04.405Z
69bbf2df6e5e345879973176,59f7896105e024e0e34401a5,2850d217-45bb-4a84-8175-f159c386f1ae,didnt-feel,dont-know,-98.2402393,19.3170932,2026-03-19T12:58:07.133Z
69bbf2df8e8ac06d49ff0ade,5a87a4e0212109ec275ff9fa,2850d217-45bb-4a84-8175-f159c386f1ae,didnt-feel,dont-know,-99.0441196,19.5902391,2026-03-19T12:58:07.764Z
69bbf2e396943ca0faad17d3,68ba8cec272f891680a92544,2850d217-45bb-4a84-8175-f159c386f1ae,didnt-feel,weaker,-98.28607516250204,19.054965589187614,2026-03-19T12:58:11.554Z
69bbf2e333f58ed4c61d4d23,632c24d66aac5b85487bcc70,2850d217-45bb-4a84-8175-f159c386f1ae,didnt-feel,dont-know,-99.2148918,18.8482026,2026-03-19T12:58:11.781Z
69bbf2e316d3535bc25620d8,5a10a545b202584a119da16f,2850d217-45bb-4a84-8175-f159c386f1ae,didnt-feel,dont-know,-99.1499789,19.3625435,2026-03-19T12:58:11.957Z
69bbf2e7733b8958239f8bb8,6147722923b00f47053a9a8a,2850d217-45bb-4a84-8175-f159c386f1ae,weak,weaker,-99.8264435,16.8675613,2026-03-19T12:58:15.960Z
69bbf2ee8deb5275815178f1,5c19397355d2ac54d3e4cb3f,2850d217-45bb-4a84-8175-f159c386f1ae,weak,correct,-99.1746778,19.4445835,2026-03-19T12:58:22.641Z
69bbf2f29ab22f0ea43c7caf,668166211a9459d89c4df576,2850d217-45bb-4a84-8175-f159c386f1ae,didnt-feel,correct,-99.2383753,19.476695799999998,2026-03-19T12:58:26.025Z
69bbf2f396943ca0faad17e9,68a0cf17bf2eb5296af85f6a,2850d217-45bb-4a84-8175-f159c386f1ae,didnt-feel,dont-know,-99.1763205,19.3874585,2026-03-19T12:58:27.172Z
69bbf2f386e0f5f192bd1ded,5a4af7a81a234697c32f4aa9,2850d217-45bb-4a84-8175-f159c386f1ae,didnt-feel,dont-know,-99.1319221,19.4158284,2026-03-19T12:58:27.657Z
69bbf2f46914ae332b573ea0,5a890003516763ab11939444,2850d217-45bb-4a84-8175-f159c386f1ae,didnt-feel,correct,-99.5923868,19.2536973,2026-03-19T12:58:28.599Z
69bbf2f86f3ec378d96f5ebf,59f878d9879b74cfcf2b476d,2850d217-45bb-4a84-8175-f159c386f1ae,didnt-feel,correct,-99.176062,19.622801199999998,2026-03-19T12:58:32.335Z
69bbf2f816d3535bc2562118,643f7ccd9cbfaa5f2b793731,2850d217-45bb-4a84-8175-f159c386f1ae,didnt-feel,dont-know,-99.1412925,19.3997364,2026-03-19T12:58:32.808Z
69bbf2fd6f3ec378d96f5eca,6735f883e5dac996ae5d1250,2850d217-45bb-4a84-8175-f159c386f1ae,didnt-feel,correct,-99.16498910000001,19.3287038,2026-03-19T12:58:37.520Z
69bbf30786e0f5f192bd1e37,632c4a530637bd0120c5bc06,2850d217-45bb-4a84-8175-f159c386f1ae,didnt-feel,dont-know,-99.198649,18.9156224,2026-03-19T12:58:47.330Z
69bbf30e8deb527581517933,59f88708543d32d8d526e4de,2850d217-45bb-4a84-8175-f159c386f1ae,didnt-feel,weaker,-99.14467570000001,19.4053395,2026-03-19T12:58:54.761Z
69bbf30f8e8ac06d49ff0b64,59f7760e94b604ee748ec110,2850d217-45bb-4a84-8175-f159c386f1ae,didnt-feel,weaker,-99.14077250000001,19.329186,2026-03-19T12:58:55.234Z
69bbf31016f32f3334e586e0,5a03c1a1e6a2a0e0b6619e21,2850d217-45bb-4a84-8175-f159c386f1ae,didnt-feel,dont-know,-98.2240321,19.125832499999998,2026-03-19T12:58:56.324Z
69bbf3118deb527581517944,61384ec740e4f4336e221da0,2850d217-45bb-4a84-8175-f159c386f1ae,didnt-feel,correct,-99.02463519999999,19.5737217,2026-03-19T12:58:57.755Z
69bbf314b8fdcdb7e1b255d3,5b15f5454f7d681dd028820e,2850d217-45bb-4a84-8175-f159c386f1ae,didnt-feel,dont-know,-98.56798119999999,17.5439061,2026-03-19T12:59:00.285Z
69bbf314146eacf0bb9d1ecb,5ef233a9274d33000a828bd6,2850d217-45bb-4a84-8175-f159c386f1ae,didnt-feel,correct,-98.2500125,18.9786824,2026-03-19T12:59:00.601Z
69bbf32096943ca0faad1876,59fb437a728a60c73457191a,2850d217-45bb-4a84-8175-f159c386f1ae,didnt-feel,correct,-99.18283079999999,19.3588889,2026-03-19T12:59:12.703Z
69bbf32116d3535bc2562186,6960045817ba65374ddcfa81,2850d217-45bb-4a84-8175-f159c386f1ae,weak,correct,-99.8135834,16.7994488,2026-03-19T12:59:13.327Z
69bbf3266e5e345879973228,5a4163167b8b9db590cac6cf,2850d217-45bb-4a84-8175-f159c386f1ae,didnt-feel,correct,-99.11379699999999,19.2620491,2026-03-19T12:59:18.377Z
69bbf3278e8ac06d49ff0ba6,5a8b048c9f886943c52ced41,2850d217-45bb-4a84-8175-f159c386f1ae,didnt-feel,correct,-99.16464309999999,18.921296899999998,2026-03-19T12:59:19.158Z
69bbf3276914ae332b573f29,657236b4d603551a0f620c16,2850d217-45bb-4a84-8175-f159c386f1ae,didnt-feel,correct,-99.656376,19.2882665,2026-03-19T12:59:19.972Z
69bbf32e16f32f3334e5873f,5a8cddf6d4866d1da2db5600,2850d217-45bb-4a84-8175-f159c386f1ae,didnt-feel,dont-know,-99.1373136,19.4302678,2026-03-19T12:59:26.483Z
69bbf32f733b8958239f8c59,5a8ea502fac9d54e5d00a072,2850d217-45bb-4a84-8175-f159c386f1ae,didnt-feel,correct,-98.2177831,19.0410087,2026-03-19T12:59:27.071Z
69bbf3358e8ac06d49ff0bb9,63f707e9c2c8f95d38090f64,2850d217-45bb-4a84-8175-f159c386f1ae,didnt-feel,correct,-99.0757576,19.4595682,2026-03-19T12:59:33.306Z
69bbf3356e5e345879973266,68bf790ab0bdcc62a8e6441a,2850d217-45bb-4a84-8175-f159c386f1ae,didnt-feel,dont-know,-99.6954033,19.2688418,2026-03-19T12:59:33.542Z
69bbf3368deb5275815179cf,66f59ec234b57d6bdb7d1908,2850d217-45bb-4a84-8175-f159c386f1ae,didnt-feel,correct,-99.1589812,19.4473086,2026-03-19T12:59:34.966Z
69bbf3376914ae332b573f41,66f59ec234b57d6bdb7d1908,2850d217-45bb-4a84-8175-f159c386f1ae,didnt-feel,correct,-99.1589812,19.4473086,2026-03-19T12:59:35.078Z
69bbf33eb8fdcdb7e1b25620,67009a92aead4f06e47d390d,2850d217-45bb-4a84-8175-f159c386f1ae,weak,correct,-99.132101,19.434037,2026-03-19T12:59:42.813Z
69bbf34016d3535bc25621d7,65a97f53443ca77e708386c9,2850d217-45bb-4a84-8175-f159c386f1ae,didnt-feel,dont-know,-99.1193297,19.2823921,2026-03-19T12:59:44.560Z
69bbf34196943ca0faad18d0,59fe81c361c0127ef03498b7,2850d217-45bb-4a84-8175-f159c386f1ae,didnt-feel,dont-know,-99.2059361,19.5117528,2026-03-19T12:59:45.870Z
69bbf341eae4277c390055ff,59fe81c361c0127ef03498b7,2850d217-45bb-4a84-8175-f159c386f1ae,didnt-feel,dont-know,-99.2059361,19.5117528,2026-03-19T12:59:45.931Z
69bbf342146eacf0bb9d1f5d,59f6eef426457201db672f6d,2850d217-45bb-4a84-8175-f159c386f1ae,didnt-feel,dont-know,-98.8834249,18.7614891,2026-03-19T12:59:46.809Z
69bbf34496943ca0faad18d4,5a8b1d8b9d7756997f91a01c,2850d217-45bb-4a84-8175-f159c386f1ae,weak,correct,-99.50695423409343,17.561144623710387,2026-03-19T12:59:48.265Z
69bbf3459ab22f0ea43c7da7,5b8d5b1bd23651c5d540f7f8,2850d217-45bb-4a84-8175-f159c386f1ae,weak,correct,-98.9963179,18.8335149,2026-03-19T12:59:49.822Z
69bbf347eae4277c39005609,64b3f5d1b4a31b5cfa78b415,2850d217-45bb-4a84-8175-f159c386f1ae,didnt-feel,weaker,-100.29787619999999,18.9200983,2026-03-19T12:59:51.149Z
69bbf3486914ae332b573f66,65fa5d3621f9845634b70492,2850d217-45bb-4a84-8175-f159c386f1ae,didnt-feel,correct,-99.098584,19.432217899999998,2026-03-19T12:59:52.964Z
69bbf34a733b8958239f8c98,6957cf94c4713407046ad2aa,2850d217-45bb-4a84-8175-f159c386f1ae,didnt-feel,dont-know,-101.30593495443463,19.678341048825384,2026-03-19T12:59:54.428Z
69bbf34f3ae94e897384c2c1,695879200a53f686cea4fcf9,2850d217-45bb-4a84-8175-f159c386f1ae,didnt-feel,correct,-98.9587303,19.815300399999998,2026-03-19T12:59:59.312Z
69bbf35086e0f5f192bd1eef,5a8d2e7a2c90410f209418e5,2850d217-45bb-4a84-8175-f159c386f1ae,didnt-feel,dont-know,-99.4999194,17.5430821,2026-03-19T13:00:00.334Z
69bbf35296943ca0faad1942,632c87d671b705d81b606e6c,2850d217-45bb-4a84-8175-f159c386f1ae,didnt-feel,correct,-98.997699,19.3650524,2026-03-19T13:00:02.724Z
69bbf3579ab22f0ea43c7dc6,59f61a0326457201db668335,2850d217-45bb-4a84-8175-f159c386f1ae,didnt-feel,dont-know,-98.2823476,19.0713226,2026-03-19T13:00:07.943Z
69bbf3588e8ac06d49ff0c0e,5af6638f2478a56cd23392be,2850d217-45bb-4a84-8175-f159c386f1ae,didnt-feel,correct,-99.0654022,19.4574586,2026-03-19T13:00:08.039Z
69bbf36396943ca0faad1984,5b172bd69b4bf85474745879,2850d217-45bb-4a84-8175-f159c386f1ae,didnt-feel,correct,-99.1866493,19.3656714,2026-03-19T13:00:19.592Z
69bbf367eae4277c39005656,5a8e000dfac9d54e5d006a57,2850d217-45bb-4a84-8175-f159c386f1ae,didnt-feel,correct,-99.1802147,18.8671911,2026-03-19T13:00:23.848Z
69bbf36feae4277c39005671,60dbeb22a877975fb9f0633b,2850d217-45bb-4a84-8175-f159c386f1ae,didnt-feel,dont-know,-99.2106447,19.2736958,2026-03-19T13:00:31.369Z
69bbf36f86e0f5f192bd1f52,67c2a5facb134d92117d8400,2850d217-45bb-4a84-8175-f159c386f1ae,didnt-feel,correct,-99.132101,19.434037,2026-03-19T13:00:31.460Z
69bbf3759ab22f0ea43c7e42,5ab1536dacd5f82a7a6424b6,2850d217-45bb-4a84-8175-f159c386f1ae,didnt-feel,correct,-99.11814753726713,19.47675764683493,2026-03-19T13:00:37.505Z
69bbf37596943ca0faad19e3,65dcef84b7085d06deb90b1b,2850d217-45bb-4a84-8175-f159c386f1ae,didnt-feel,correct,-99.1336126,19.4102496,2026-03-19T13:00:37.889Z
69bbf3786914ae332b573ff3,635740972db5948072d8aae6,2850d217-45bb-4a84-8175-f159c386f1ae,didnt-feel,correct,-99.0282634,19.3920266,2026-03-19T13:00:40.469Z
69bbf3796f3ec378d96f6048,5a95cbb94c0650ce7674fefa,2850d217-45bb-4a84-8175-f159c386f1ae,didnt-feel,dont-know,-99.19475090000002,19.3868525,2026-03-19T13:00:41.912Z
69bbf37b9c2fd53e108bfe8c,61397ae3787e5712d30fa80b,2850d217-45bb-4a84-8175-f159c386f1ae,didnt-feel,dont-know,-99.17398569999999,19.3628631,2026-03-19T13:00:43.381Z
69bbf37cb8fdcdb7e1b256ed,617359814f238139b866fcf4,2850d217-45bb-4a84-8175-f159c386f1ae,didnt-feel,weaker,-99.1601925,19.4180436,2026-03-19T13:00:44.193Z
69bbf37c86e0f5f192bd1fb1,6783807b4114dc5d731d276c,2850d217-45bb-4a84-8175-f159c386f1ae,didnt-feel,dont-know,-99.132101,19.434037,2026-03-19T13:00:44.415Z
69bbf37d733b8958239f8d4b,5accec3073cde3e675968d07,2850d217-45bb-4a84-8175-f159c386f1ae,didnt-feel,correct,-99.0488165,19.4641835,2026-03-19T13:00:45.796Z
69bbf37e733b8958239f8d4e,5a95cbb94c0650ce7674fefa,2850d217-45bb-4a84-8175-f159c386f1ae,didnt-feel,dont-know,-99.19475090000002,19.3868525,2026-03-19T13:00:46.289Z
69bbf38816f32f3334e58843,632f298bc1ce0c4d4e9fb5d3,2850d217-45bb-4a84-8175-f159c386f1ae,didnt-feel,dont-know,-99.1373136,19.4302678,2026-03-19T13:00:56.983Z
69bbf38a9c2fd53e108bfedb,5a1714525ca2e1ec1826066b,2850d217-45bb-4a84-8175-f159c386f1ae,didnt-feel,dont-know,-98.2500125,19.0612539,2026-03-19T13:00:58.754Z
69bbf38c733b8958239f8d78,694b5e0157b8a9b3b5f236f4,2850d217-45bb-4a84-8175-f159c386f1ae,didnt-feel,correct,-99.132101,19.434037,2026-03-19T13:01:00.836Z
69bbf38e16f32f3334e58850,632c8dd42446e95bb801ad93,2850d217-45bb-4a84-8175-f159c386f1ae,didnt-feel,correct,-99.1373136,19.4302678,2026-03-19T13:01:02.688Z
69bbf39116d3535bc2562341,5efe0c284b1702000c592cfb,2850d217-45bb-4a84-8175-f159c386f1ae,didnt-feel,dont-know,-99.13316309999999,19.5380383,2026-03-19T13:01:05.871Z
69bbf39686e0f5f192bd206b,59f8172e7c71e00aeddc83c5,2850d217-45bb-4a84-8175-f159c386f1ae,didnt-feel,dont-know,-99.24391659999999,19.576591699999998,2026-03-19T13:01:10.642Z
69bbf3986914ae332b57405a,5a09fff31bd2466979f2a022,2850d217-45bb-4a84-8175-f159c386f1ae,didnt-feel,correct,-99.0885531,19.4812722,2026-03-19T13:01:12.098Z
69bbf3986f3ec378d96f60a9,66da727462084f71ada08cba,2850d217-45bb-4a84-8175-f159c386f1ae,didnt-feel,dont-know,-99.18852079999999,19.3820128,2026-03-19T13:01:12.148Z
69bbf39a6e5e3458799733a1,5b4a42189bdc8bcc262d1e86,2850d217-45bb-4a84-8175-f159c386f1ae,didnt-feel,dont-know,-98.3144391,18.963568,2026-03-19T13:01:14.843Z
69bbf39b3ae94e897384c3ca,66da727462084f71ada08cba,2850d217-45bb-4a84-8175-f159c386f1ae,didnt-feel,dont-know,-99.18852079999999,19.3820128,2026-03-19T13:01:15.703Z
69bbf39b16f32f3334e58878,69981b7da9ce9994609ddc45,2850d217-45bb-4a84-8175-f159c386f1ae,violent,stronger,-99.132101,19.434037,2026-03-19T13:01:15.913Z
69bbf39c9c2fd53e108bff02,69981b7da9ce9994609ddc45,2850d217-45bb-4a84-8175-f159c386f1ae,violent,stronger,-99.132101,19.434037,2026-03-19T13:01:16.169Z
69bbf39d16d3535bc2562366,69580967d4d08868fc351e4d,2850d217-45bb-4a84-8175-f159c386f1ae,didnt-feel,dont-know,-98.1256635,19.3604022,2026-03-19T13:01:17.793Z
69bbf3a18deb527581517b02,6328b271330cd61ca9fed5e3,2850d217-45bb-4a84-8175-f159c386f1ae,didnt-feel,dont-know,-101.19288499999999,19.7020748,2026-03-19T13:01:21.272Z
69bbf3a1146eacf0bb9d20d0,695896b1c8242e11e567f27e,2850d217-45bb-4a84-8175-f159c386f1ae,weak,correct,-99.509648,17.5543254,2026-03-19T13:01:21.404Z
69bbf3a116f32f3334e588c0,59f7439d94b604ee748e48c8,2850d217-45bb-4a84-8175-f159c386f1ae,didnt-feel,dont-know,-99.22452369999999,18.912071100000002,2026-03-19T13:01:21.647Z
69bbf3a46914ae332b574076,695896b1c8242e11e567f27e,2850d217-45bb-4a84-8175-f159c386f1ae,weak,correct,-99.509648,17.5543254,2026-03-19T13:01:24.395Z
69bbf3a4146eacf0bb9d20d6,5b564165767215b823545d7b,2850d217-45bb-4a84-8175-f159c386f1ae,didnt-feel,correct,-99.10273269999999,19.315626899999998,2026-03-19T13:01:24.426Z
69bbf3a66f3ec378d96f60d8,6959eb6f45372e3ef4622bf4,2850d217-45bb-4a84-8175-f159c386f1ae,weak,correct,-99.6452714,16.7915667,2026-03-19T13:01:26.675Z
69bbf3a66f3ec378d96f60da,6957f591a3c4e045fefbda70,2850d217-45bb-4a84-8175-f159c386f1ae,didnt-feel,correct,-99.17625027788571,18.618521308916755,2026-03-19T13:01:26.731Z
69bbf3a7733b8958239f8dc1,65949912e49c4802b18d5cd6,2850d217-45bb-4a84-8175-f159c386f1ae,didnt-feel,dont-know,-99.2993504,19.355750699999998,2026-03-19T13:01:27.226Z
69bbf3aa96943ca0faad1a63,5ac81ec278dd3f921f79c99b,2850d217-45bb-4a84-8175-f159c386f1ae,didnt-feel,correct,-99.214829,19.6856579,2026-03-19T13:01:30.176Z
69bbf3aa146eacf0bb9d20df,622598650b8473cba9f5a166,2850d217-45bb-4a84-8175-f159c386f1ae,didnt-feel,dont-know,-101.24615343947275,19.66951812014119,2026-03-19T13:01:30.783Z
69bbf3ac96943ca0faad1a6a,5aff40dd3a156158acbe770d,2850d217-45bb-4a84-8175-f159c386f1ae,didnt-feel,dont-know,-99.2321778,19.3560922,2026-03-19T13:01:32.480Z
69bbf3acb8fdcdb7e1b25763,695896b1c8242e11e567f27e,2850d217-45bb-4a84-8175-f159c386f1ae,weak,correct,-99.509648,17.5543254,2026-03-19T13:01:32.646Z
69bbf3af146eacf0bb9d20ed,643f7a89c8ba276df04ad9ab,2850d217-45bb-4a84-8175-f159c386f1ae,didnt-feel,dont-know,-101.19506785646081,19.70394238007146,2026-03-19T13:01:35.442Z
69bbf3b23ae94e897384c3f4,69713c2d8b580fb4a06d630a,2850d217-45bb-4a84-8175-f159c386f1ae,didnt-feel,correct,-99.09443549999999,19.3189878,2026-03-19T13:01:38.643Z
69bbf3b5b8fdcdb7e1b25772,653be6c280de04697687040e,2850d217-45bb-4a84-8175-f159c386f1ae,didnt-feel,correct,-99.2134442,18.8626027,2026-03-19T13:01:41.969Z
69bbf3b7146eacf0bb9d20f8,643f7a89c8ba276df04ad9ab,2850d217-45bb-4a84-8175-f159c386f1ae,didnt-feel,dont-know,-101.19506785646081,19.70394238007146,2026-03-19T13:01:43.309Z
69bbf3b816d3535bc256239e,67e70e424a6a5a05b6878540,2850d217-45bb-4a84-8175-f159c386f1ae,didnt-feel,dont-know,-99.1193297,19.3354179,2026-03-19T13:01:44.736Z
69bbf3c06914ae332b5740b7,678414c4bae2e55aac1b7f4d,2850d217-45bb-4a84-8175-f159c386f1ae,didnt-feel,dont-know,-99.132101,19.434037,2026-03-19T13:01:52.324Z
69bbf3c36e5e3458799733f9,6328a9b243e6954709284424,2850d217-45bb-4a84-8175-f159c386f1ae,didnt-feel,dont-know,-99.1703633,19.5247768,2026-03-19T13:01:55.085Z
69bbf3c4eae4277c3900576f,69909c13db948d54117bd9d4,2850d217-45bb-4a84-8175-f159c386f1ae,didnt-feel,dont-know,-99.0543447,19.3578178,2026-03-19T13:01:56.922Z
69bbf3c6b8fdcdb7e1b257c3,67f2b4b44a6a5a05b6b25f3a,2850d217-45bb-4a84-8175-f159c386f1ae,weak,correct,-98.997699,19.3886288,2026-03-19T13:01:58.586Z
69bbf3d096943ca0faad1ad8,68687e24b5baecb4c295679c,2850d217-45bb-4a84-8175-f159c386f1ae,didnt-feel,weaker,-99.3256947,18.7320095,2026-03-19T13:02:08.113Z
69bbf3d216d3535bc25623ef,59f66fd192c50710c3eccb6d,2850d217-45bb-4a84-8175-f159c386f1ae,didnt-feel,correct,-99.038383,19.3979925,2026-03-19T13:02:10.311Z
69bbf3d7146eacf0bb9d214d,5d8ab81e00e485f06b406629,2850d217-45bb-4a84-8175-f159c386f1ae,didnt-feel,correct,-99.0305071,19.4927313,2026-03-19T13:02:15.842Z
69bbf3e69ab22f0ea43c7fa8,66b6bb478f682c85a76cd9d1,2850d217-45bb-4a84-8175-f159c386f1ae,didnt-feel,dont-know,-99.25534669999999,19.5005013,2026-03-19T13:02:30.634Z
69bbf3e733f58ed4c61d51b6,64db85fd5f4f34edaa52d4f5,2850d217-45bb-4a84-8175-f159c386f1ae,didnt-feel,dont-know,-102.3020115,19.9581427,2026-03-19T13:02:31.260Z
69bbf3ec8deb527581517bbc,64fb82b62782607cb649abff,2850d217-45bb-4a84-8175-f159c386f1ae,didnt-feel,correct,-99.1539178,19.394073400000003,2026-03-19T13:02:36.192Z
69bbf3f09ab22f0ea43c7fbf,6989daafdc7c06288df80afb,2850d217-45bb-4a84-8175-f159c386f1ae,weak,correct,-99.1781383,17.59346,2026-03-19T13:02:40.091Z
69bbf3f13ae94e897384c4ee,59f7d07d993bc192df1b03b0,2850d217-45bb-4a84-8175-f159c386f1ae,didnt-feel,correct,-99.1233062,19.4325644,2026-03-19T13:02:41.098Z
69bbf3f18e8ac06d49ff0da0,64fb82b62782607cb649abff,2850d217-45bb-4a84-8175-f159c386f1ae,didnt-feel,correct,-99.1539178,19.394073400000003,2026-03-19T13:02:41.567Z
69bbf3f16e5e3458799734a4,6959d472ee32e636bd0d4b6d,2850d217-45bb-4a84-8175-f159c386f1ae,weak,correct,-99.0972012,16.9641835,2026-03-19T13:02:41.673Z
69bbf3f2b8fdcdb7e1b25839,5efe215e8c0db9000a07dba4,2850d217-45bb-4a84-8175-f159c386f1ae,didnt-feel,correct,-99.10065829999999,19.3282515,2026-03-19T13:02:42.438Z
69bbf3f39c2fd53e108c001a,632f26893d076562a7aca312,2850d217-45bb-4a84-8175-f159c386f1ae,didnt-feel,dont-know,-99.1252841,19.415942,2026-03-19T13:02:43.149Z
69bbf3f66e5e3458799734b9,67d75e8e71bde277895fd113,2850d217-45bb-4a84-8175-f159c386f1ae,didnt-feel,correct,-99.2494583,19.5645202,2026-03-19T13:02:46.271Z
69bbf3fd86e0f5f192bd21ec,59f73a48178b28f9fbf41fe7,2850d217-45bb-4a84-8175-f159c386f1ae,didnt-feel,correct,-99.1837258,19.4738323,2026-03-19T13:02:53.933Z
69bbf401eae4277c3900583b,59fb5e809d5e8d8ae7ebbbcf,2850d217-45bb-4a84-8175-f159c386f1ae,didnt-feel,dont-know,-99.1291137,19.2809017,2026-03-19T13:02:57.073Z
69bbf4053ae94e897384c522,68bf5b4216d34082722f97b0,2850d217-45bb-4a84-8175-f159c386f1ae,didnt-feel,correct,-99.1241711,19.3064523,2026-03-19T13:03:01.059Z
69bbf406733b8958239f8ef0,67838313f826105e512b2ba2,2850d217-45bb-4a84-8175-f159c386f1ae,didnt-feel,correct,-99.2951104,19.3750429,2026-03-19T13:03:02.769Z
69bbf407146eacf0bb9d21cb,65134d0f484e61f15676e6af,2850d217-45bb-4a84-8175-f159c386f1ae,didnt-feel,dont-know,-99.0936441,19.318196,2026-03-19T13:03:03.823Z
69bbf40886e0f5f192bd220e,5b258fe0a37e25ab0d033aa2,2850d217-45bb-4a84-8175-f159c386f1ae,weak,weaker,-99.1386972,19.4522974,2026-03-19T13:03:04.842Z
69bbf4096e5e3458799734f7,59f7a027f4f7aa7502ef6e3a,2850d217-45bb-4a84-8175-f159c386f1ae,didnt-feel,weaker,-98.291948,19.051972,2026-03-19T13:03:05.117Z
69bbf40b8e8ac06d49ff0e07,63961fc193897022837bded1,2850d217-45bb-4a84-8175-f159c386f1ae,didnt-feel,correct,-98.19669429999999,19.0444606,2026-03-19T13:03:07.014Z
69bbf40d8deb527581517c0c,5a41fd9bdc03ee737754cb2e,2850d217-45bb-4a84-8175-f159c386f1ae,didnt-feel,dont-know,-99.1463071,19.3303807,2026-03-19T13:03:09.823Z
69bbf41386e0f5f192bd222c,5be192a5c34ce06eddaed978,2850d217-45bb-4a84-8175-f159c386f1ae,didnt-feel,dont-know,-98.8932734,19.3009554,2026-03-19T13:03:15.433Z
69bbf41516f32f3334e58a5b,676454da2808c3519c8a69b9,2850d217-45bb-4a84-8175-f159c386f1ae,didnt-feel,correct,-98.8721186,19.3255414,2026-03-19T13:03:17.060Z
69bbf4166f3ec378d96f6203,59f68860178b28f9fbf392dd,2850d217-45bb-4a84-8175-f159c386f1ae,didnt-feel,dont-know,-99.1668002,19.3838043,2026-03-19T13:03:18.019Z
69bbf4188e8ac06d49ff0e1d,6972e88683ec5a8c6aac55b8,2850d217-45bb-4a84-8175-f159c386f1ae,weak,correct,-99.50287259999999,17.5705729,2026-03-19T13:03:20.339Z
69bbf41c8e8ac06d49ff0e26,5c9c01dfd737bc8a473ada0d,2850d217-45bb-4a84-8175-f159c386f1ae,didnt-feel,dont-know,-98.9300538,19.6145611,2026-03-19T13:03:24.294Z
69bbf4248deb527581517cbf,5b6744a4cbb28e03a36f69a4,2850d217-45bb-4a84-8175-f159c386f1ae,didnt-feel,correct,-99.0543447,19.3578178,2026-03-19T13:03:32.858Z
69bbf42986e0f5f192bd225c,6989e8f7dc7c06288df89e37,2850d217-45bb-4a84-8175-f159c386f1ae,didnt-feel,correct,-98.22950089999999,18.9899168,2026-03-19T13:03:37.753Z
69bbf42d16d3535bc2562616,6975abffd8c4777ff436502d,2850d217-45bb-4a84-8175-f159c386f1ae,didnt-feel,dont-know,-98.4677851,19.636937,2026-03-19T13:03:41.125Z
69bbf42e96943ca0faad1cd9,69587e2bc8242e11e56616e8,2850d217-45bb-4a84-8175-f159c386f1ae,weak,correct,-99.132101,19.434037,2026-03-19T13:03:42.648Z
69bbf4316e5e345879973555,5e2511deffe2a7000a3c360c,2850d217-45bb-4a84-8175-f159c386f1ae,didnt-feel,dont-know,-99.03806229999999,19.6362098,2026-03-19T13:03:45.158Z
69bbf433eae4277c390059a8,6989e8f7dc7c06288df89e37,2850d217-45bb-4a84-8175-f159c386f1ae,didnt-feel,correct,-98.22950089999999,18.9899168,2026-03-19T13:03:47.691Z
69bbf4366f3ec378d96f6256,632c85744efca6deca6fcf3f,2850d217-45bb-4a84-8175-f159c386f1ae,didnt-feel,dont-know,-99.1982364,19.5509264,2026-03-19T13:03:50.260Z
69bbf4396e5e345879973571,5aec8134dc12280ab27b4440,2850d217-45bb-4a84-8175-f159c386f1ae,didnt-feel,correct,-99.66337109999999,19.2778994,2026-03-19T13:03:53.068Z
69bbf43b16d3535bc256263f,69885e56a0ab210a2a321c23,2850d217-45bb-4a84-8175-f159c386f1ae,didnt-feel,dont-know,-98.20592997595668,18.994249168522842,2026-03-19T13:03:55.587Z
69bbf43c8deb527581517d22,670afb6ff251a913eee30e80,2850d217-45bb-4a84-8175-f159c386f1ae,weak,weaker,-99.0267076,19.5419272,2026-03-19T13:03:56.115Z
69bbf43e16d3535bc2562645,69b4fdda4529cf488d5e993f,2850d217-45bb-4a84-8175-f159c386f1ae,weak,correct,-99.8892469,16.8747409,2026-03-19T13:03:58.687Z
69bbf44233f58ed4c61d52f9,5a8adb8e5b7cc0cee07f5cf7,2850d217-45bb-4a84-8175-f159c386f1ae,didnt-feel,weaker,-98.43281066045165,18.909113280854783,2026-03-19T13:04:02.129Z
69bbf4428e8ac06d49ff0e9a,5a4161767b8b9db590caa5e8,2850d217-45bb-4a84-8175-f159c386f1ae,didnt-feel,weaker,-99.502004,17.5539614,2026-03-19T13:04:02.944Z
69bbf44a96943ca0faad1d16,6330d360fd52b857f86bcfcd,2850d217-45bb-4a84-8175-f159c386f1ae,didnt-feel,dont-know,-99.1386972,19.4522974,2026-03-19T13:04:10.361Z
69bbf4506e5e3458799735a7,61e9e85747aa66890b48391d,2850d217-45bb-4a84-8175-f159c386f1ae,didnt-feel,correct,-99.1373136,19.271182,2026-03-19T13:04:16.178Z
69bbf451b8fdcdb7e1b2595a,68d4d8d84f46c51fa1a39006,2850d217-45bb-4a84-8175-f159c386f1ae,didnt-feel,correct,-98.20747191086411,19.034242698832983,2026-03-19T13:04:17.650Z
69bbf45116f32f3334e58afe,67045817d2e472c2e38bf5ae,2850d217-45bb-4a84-8175-f159c386f1ae,didnt-feel,dont-know,-99.132101,19.434037,2026-03-19T13:04:17.794Z
69bbf45433f58ed4c61d532c,61e9e85747aa66890b48391d,2850d217-45bb-4a84-8175-f159c386f1ae,didnt-feel,correct,-99.1373136,19.271182,2026-03-19T13:04:20.933Z
69bbf4568deb527581517d4e,6200a737f39105d31f86f6aa,2850d217-45bb-4a84-8175-f159c386f1ae,didnt-feel,dont-know,-99.2241609,19.3074919,2026-03-19T13:04:22.208Z
69bbf4569c2fd53e108c0147,695abf0145706ed00ee089e2,2850d217-45bb-4a84-8175-f159c386f1ae,didnt-feel,correct,-99.15426,19.3823098,2026-03-19T13:04:22.448Z
69bbf45696943ca0faad1d51,67a4ca6e7bbb0930a7d3491b,2850d217-45bb-4a84-8175-f159c386f1ae,didnt-feel,dont-know,-99.132101,19.434037,2026-03-19T13:04:22.450Z
69bbf45716f32f3334e58b18,5a95b78d4c0650ce7674f84d,2850d217-45bb-4a84-8175-f159c386f1ae,didnt-feel,dont-know,-99.1490745,19.3199312,2026-03-19T13:04:23.302Z
69bbf458733b8958239f909e,5aa492be0f0bbff1cdac1a07,2850d217-45bb-4a84-8175-f159c386f1ae,didnt-feel,dont-know,-99.2545083,19.3205444,2026-03-19T13:04:24.289Z
69bbf45db8fdcdb7e1b25970,5e1d6ba8f46608000a0e947a,2850d217-45bb-4a84-8175-f159c386f1ae,weak,correct,-99.88314108923078,16.866952646522236,2026-03-19T13:04:29.216Z
69bbf467eae4277c39005a25,6957d469cb8ae19ff30b0ef0,2850d217-45bb-4a84-8175-f159c386f1ae,didnt-feel,dont-know,-98.37183189999999,19.331540399999998,2026-03-19T13:04:39.572Z
69bbf4696e5e34587997360e,68cb30b07cb2f1e8f17d38fc,2850d217-45bb-4a84-8175-f159c386f1ae,didnt-feel,dont-know,-99.15165461388774,19.52704459260191,2026-03-19T13:04:41.831Z
69bbf46b16d3535bc25626d6,632c0b0e0668c848ab50e905,2850d217-45bb-4a84-8175-f159c386f1ae,didnt-feel,dont-know,-99.2390679,19.5392708,2026-03-19T13:04:43.372Z
69bbf46d8e8ac06d49ff0f05,641b208f0574562a5529a032,2850d217-45bb-4a84-8175-f159c386f1ae,didnt-feel,dont-know,-99.2549273,19.3383382,2026-03-19T13:04:45.642Z
69bbf4706f3ec378d96f62d2,6041411a80216c000a4e2b7d,2850d217-45bb-4a84-8175-f159c386f1ae,didnt-feel,dont-know,-99.1251318,19.4316849,2026-03-19T13:04:48.483Z
69bbf471eae4277c39005a51,5a87766d516763ab118ef822,2850d217-45bb-4a84-8175-f159c386f1ae,didnt-feel,correct,-99.2950465,19.3709865,2026-03-19T13:04:49.521Z
69bbf47933f58ed4c61d53b3,697f85353416091c4ec9e770,2850d217-45bb-4a84-8175-f159c386f1ae,didnt-feel,weaker,-99.2262606,19.3180738,2026-03-19T13:04:57.367Z
69bbf47b3ae94e897384c69e,59f9b2fb879b74cfcf2c0e3d,2850d217-45bb-4a84-8175-f159c386f1ae,didnt-feel,correct,-99.2229065437573,19.44119964209349,2026-03-19T13:04:59.540Z
69bbf4806e5e34587997365c,666a42253396f76c54b2c5de,2850d217-45bb-4a84-8175-f159c386f1ae,didnt-feel,dont-know,-99.2442763,19.5225938,2026-03-19T13:05:04.222Z
69bbf482146eacf0bb9d235b,6783e98dab795e16128f04ca,2850d217-45bb-4a84-8175-f159c386f1ae,didnt-feel,dont-know,-100.8063518,20.4981306,2026-03-19T13:05:06.366Z
69bbf4853ae94e897384c6bd,6478fb705e1e2fdab195e735,2850d217-45bb-4a84-8175-f159c386f1ae,weak,correct,-99.1539178,19.394073400000003,2026-03-19T13:05:09.231Z
69bbf48a6f3ec378d96f6344,5a3b3192dc03ee7377536ed8,2850d217-45bb-4a84-8175-f159c386f1ae,didnt-feel,dont-know,-98.9880319,19.638208199999998,2026-03-19T13:05:14.719Z
69bbf48e9ab22f0ea43c81b5,68006c70d11d1009d75144bd,2850d217-45bb-4a84-8175-f159c386f1ae,didnt-feel,dont-know,-99.132101,19.434037,2026-03-19T13:05:18.650Z
69bbf49116f32f3334e58c23,68100ed13e526fc81a3d2d7f,2850d217-45bb-4a84-8175-f159c386f1ae,didnt-feel,dont-know,-99.1668002,19.3838043,2026-03-19T13:05:21.747Z
69bbf4923ae94e897384c6d3,6478fb705e1e2fdab195e735,2850d217-45bb-4a84-8175-f159c386f1ae,weak,correct,-99.1539178,19.394073400000003,2026-03-19T13:05:22.013Z
69bbf497eae4277c39005ae2,688e5667ac99b52328556aea,2850d217-45bb-4a84-8175-f159c386f1ae,didnt-feel,correct,-99.11950259999999,19.3893619,2026-03-19T13:05:27.048Z
69bbf4973ae94e897384c6df,5aec475988083fb0350d6521,2850d217-45bb-4a84-8175-f159c386f1ae,didnt-feel,dont-know,-98.3225325,19.056519599999998,2026-03-19T13:05:27.450Z
69bbf4993ae94e897384c6e4,65dcd644855d74b4d53c1cdf,2850d217-45bb-4a84-8175-f159c386f1ae,didnt-feel,dont-know,-99.1483827,19.417923200000004,2026-03-19T13:05:29.717Z
69bbf49e9ab22f0ea43c81ff,64c06b85235697eacecaee26,2850d217-45bb-4a84-8175-f159c386f1ae,didnt-feel,dont-know,-99.22342512756586,18.88673286446302,2026-03-19T13:05:34.174Z
69bbf49e9c2fd53e108c0221,59fc8cd97a0315157e805a53,2850d217-45bb-4a84-8175-f159c386f1ae,didnt-feel,correct,-98.8597095,19.2598307,2026-03-19T13:05:34.581Z
69bbf4a316d3535bc256278d,5ba5ba3fdabd5312bddbed52,2850d217-45bb-4a84-8175-f159c386f1ae,didnt-feel,correct,-99.1746778,19.556559,2026-03-19T13:05:39.255Z
69bbf4aa8e8ac06d49ff0fd2,59fe150f61c0127ef034752c,2850d217-45bb-4a84-8175-f159c386f1ae,didnt-feel,dont-know,-101.2346688,19.706046699999998,2026-03-19T13:05:46.114Z
69bbf4aa733b8958239f92f1,60d77de3cdbcffc118c17463,2850d217-45bb-4a84-8175-f159c386f1ae,didnt-feel,dont-know,-99.1373136,19.4302678,2026-03-19T13:05:46.387Z
69bbf4aa33f58ed4c61d5439,69584ed1e3609452db427401,2850d217-45bb-4a84-8175-f159c386f1ae,didnt-feel,correct,-99.49947739999999,17.5574665,2026-03-19T13:05:46.792Z
69bbf4ac9c2fd53e108c0244,66ce47639fb32ccae1b4b58b,2850d217-45bb-4a84-8175-f159c386f1ae,weak,dont-know,-99.132101,19.434037,2026-03-19T13:05:48.584Z
69bbf4ad146eacf0bb9d23b8,5a05b53724d403e624c1fe58,2850d217-45bb-4a84-8175-f159c386f1ae,didnt-feel,correct,-99.01745059999999,19.3619097,2026-03-19T13:05:49.522Z
69bbf4ae96943ca0faad1ea7,69585eb3530cac77f2f0d67f,2850d217-45bb-4a84-8175-f159c386f1ae,didnt-feel,correct,-99.0965097,19.4492664,2026-03-19T13:05:50.722Z
69bbf4aeb8fdcdb7e1b25a48,695fceed8fd967b5639c7ca2,2850d217-45bb-4a84-8175-f159c386f1ae,weak,weaker,-99.132101,19.434037,2026-03-19T13:05:50.740Z
69bbf4b996943ca0faad1efb,65029d90ab411e4e46358086,2850d217-45bb-4a84-8175-f159c386f1ae,didnt-feel,correct,-99.5943738,19.270741,2026-03-19T13:06:01.648Z
69bbf4bf146eacf0bb9d23cd,65fa606221f9845634b71460,2850d217-45bb-4a84-8175-f159c386f1ae,didnt-feel,correct,-99.0301617,19.4083819,2026-03-19T13:06:07.156Z
69bbf4c4733b8958239f9332,5ef6c762ac3529000a0f2af6,2850d217-45bb-4a84-8175-f159c386f1ae,didnt-feel,correct,-98.2007943,19.0369049,2026-03-19T13:06:12.320Z
69bbf4c596943ca0faad1f18,613ab1709ef0ff4ff204f930,2850d217-45bb-4a84-8175-f159c386f1ae,didnt-feel,dont-know,-99.0667845,19.4677043,2026-03-19T13:06:13.041Z
69bbf4c516d3535bc2562802,65fa606221f9845634b71460,2850d217-45bb-4a84-8175-f159c386f1ae,didnt-feel,correct,-99.0301617,19.4083819,2026-03-19T13:06:13.348Z
69bbf4c5146eacf0bb9d23ec,5a0c95ceb202584a119c8412,2850d217-45bb-4a84-8175-f159c386f1ae,weak,correct,-99.2950465,19.3709865,2026-03-19T13:06:13.972Z
69bbf4cc6e5e34587997372d,613ab1709ef0ff4ff204f930,2850d217-45bb-4a84-8175-f159c386f1ae,didnt-feel,dont-know,-99.0667845,19.4677043,2026-03-19T13:06:20.263Z
69bbf4d133f58ed4c61d549f,62c970fb0483ea5f6c6c4c9a,2850d217-45bb-4a84-8175-f159c386f1ae,weak,weaker,-99.2232132,19.6272686,2026-03-19T13:06:25.837Z
69bbf4d6eae4277c39005b68,5ba4702f8f8d2ae61a4f2fde,2850d217-45bb-4a84-8175-f159c386f1ae,didnt-feel,correct,-99.1371973,19.425435699999998,2026-03-19T13:06:30.289Z
69bbf4d8733b8958239f938a,5d4a1784c67a2c2f5b6b2924,2850d217-45bb-4a84-8175-f159c386f1ae,didnt-feel,correct,-98.20352779999999,18.9895963,2026-03-19T13:06:32.303Z
69bbf4d833f58ed4c61d54af,695a8b83333b6c90b5924552,2850d217-45bb-4a84-8175-f159c386f1ae,didnt-feel,correct,-99.0543447,19.3578178,2026-03-19T13:06:32.990Z
69bbf4db6e5e345879973754,68068c04da7da01327ca8f14,2850d217-45bb-4a84-8175-f159c386f1ae,weak,correct,-99.1070525,19.3957076,2026-03-19T13:06:35.728Z
69bbf4df6f3ec378d96f63e8,64f0bd671a62151f399e4793,2850d217-45bb-4a84-8175-f159c386f1ae,didnt-feel,dont-know,-99.0667845,19.609189399999998,2026-03-19T13:06:39.032Z
69bbf4e0733b8958239f939f,5a9d6e0eaf6b3f67b9a69da2,2850d217-45bb-4a84-8175-f159c386f1ae,didnt-feel,dont-know,-99.0474345,19.601320299999998,2026-03-19T13:06:40.817Z
69bbf4ea9ab22f0ea43c82d9,59f9d19d879b74cfcf2c1613,2850d217-45bb-4a84-8175-f159c386f1ae,didnt-feel,correct,-99.1594532,19.417363899999998,2026-03-19T13:06:50.548Z
69bbf4ed9c2fd53e108c031d,66de6e4eabbefd4a10819f9b,2850d217-45bb-4a84-8175-f159c386f1ae,weak,correct,-98.1996403,19.0464865,2026-03-19T13:06:53.343Z
69bbf4edeae4277c39005baf,5a1711fd49297f5a37e7bc1d,2850d217-45bb-4a84-8175-f159c386f1ae,didnt-feel,dont-know,-99.10619009999999,19.488563400000004,2026-03-19T13:06:53.431Z
69bbf4ee8deb527581517f9e,5c944e233f9dbb21a90572a2,2850d217-45bb-4a84-8175-f159c386f1ae,didnt-feel,correct,-98.182346,19.044360200000003,2026-03-19T13:06:54.165Z
69bbf4f39c2fd53e108c0332,64686948c1f2a7181e2e2147,2850d217-45bb-4a84-8175-f159c386f1ae,weak,dont-know,-98.2368115369621,19.03137596400688,2026-03-19T13:06:59.114Z
69bbf4f616d3535bc25628a1,697e6514bff40277ce779bd0,2850d217-45bb-4a84-8175-f159c386f1ae,didnt-feel,dont-know,-98.20569859999999,19.080433199999998,2026-03-19T13:07:02.132Z
69bbf4f696943ca0faad1f86,696a3d4b4cacff361f0a8762,2850d217-45bb-4a84-8175-f159c386f1ae,didnt-feel,correct,-99.0739771,19.3971516,2026-03-19T13:07:02.734Z
69bbf4fb16f32f3334e58d62,689956c818efae5c80cc06d3,2850d217-45bb-4a84-8175-f159c386f1ae,didnt-feel,dont-know,-99.1719095,19.3092084,2026-03-19T13:07:07.702Z
69bbf50296943ca0faad1f9e,64744b4b9b6b3a498715ce8a,2850d217-45bb-4a84-8175-f159c386f1ae,didnt-feel,dont-know,-99.13219099999999,19.4396402,2026-03-19T13:07:14.531Z
69bbf5066f3ec378d96f647c,653832bce423d75183bdd1fb,2850d217-45bb-4a84-8175-f159c386f1ae,didnt-feel,correct,-99.132101,19.434037,2026-03-19T13:07:18.209Z
69bbf50733f58ed4c61d5643,59fb8ef195344bef0b30c09c,2850d217-45bb-4a84-8175-f159c386f1ae,didnt-feel,dont-know,-99.0972012,19.268769,2026-03-19T13:07:19.174Z
69bbf50e16f32f3334e58d86,67ddcca4368c6232567b6bbb,2850d217-45bb-4a84-8175-f159c386f1ae,didnt-feel,dont-know,-99.23698999999999,19.5077027,2026-03-19T13:07:26.702Z
69bbf51116f32f3334e58d8b,5a8f6869c53ea031d6230796,2850d217-45bb-4a84-8175-f159c386f1ae,didnt-feel,dont-know,-99.183972,19.391639,2026-03-19T13:07:29.665Z
69bbf51d6e5e34587997380f,66e1ed8f8af94b065def97bc,2850d217-45bb-4a84-8175-f159c386f1ae,didnt-feel,weaker,-99.1738735,19.4446248,2026-03-19T13:07:41.589Z
69bbf52586e0f5f192bd2537,69176763b1f54ccef5b3c34e,2850d217-45bb-4a84-8175-f159c386f1ae,didnt-feel,correct,-100.1043722,18.9002852,2026-03-19T13:07:49.168Z
69bbf5289c2fd53e108c03c0,695b003c51b77f2dbd0f2a71,2850d217-45bb-4a84-8175-f159c386f1ae,didnt-feel,weaker,-99.13251960000001,19.4269723,2026-03-19T13:07:52.871Z
69bbf52a733b8958239f9458,6440947d606328728cf44d4a,2850d217-45bb-4a84-8175-f159c386f1ae,didnt-feel,dont-know,-99.132101,19.434037,2026-03-19T13:07:54.865Z
69bbf5308e8ac06d49ff115a,688e546f19430bf93d8a1823,2850d217-45bb-4a84-8175-f159c386f1ae,didnt-feel,correct,-99.0336159,19.2807682,2026-03-19T13:08:00.033Z
69bbf5369ab22f0ea43c83c0,5a94a77b09a0e42ed11c97e7,2850d217-45bb-4a84-8175-f159c386f1ae,didnt-feel,dont-know,-98.89950645520311,19.560141655526788,2026-03-19T13:08:06.720Z
69bbf5393ae94e897384c8a9,632c35864270c7567690f132,2850d217-45bb-4a84-8175-f159c386f1ae,didnt-feel,correct,-99.1386972,19.4139923,2026-03-19T13:08:09.281Z
69bbf53b733b8958239f948a,5b0236d68852540ee4dd45a6,2850d217-45bb-4a84-8175-f159c386f1ae,didnt-feel,correct,-98.33485429999999,18.971931599999998,2026-03-19T13:08:11.408Z
69bbf53b16d3535bc256295a,5a52d212ec53120623b5940a,2850d217-45bb-4a84-8175-f159c386f1ae,didnt-feel,correct,-99.04328869999999,19.3819423,2026-03-19T13:08:11.576Z
69bbf5488e8ac06d49ff11c3,5d0f971dc68de4776c2ac1c3,2850d217-45bb-4a84-8175-f159c386f1ae,didnt-feel,correct,-99.0654022,19.4103067,2026-03-19T13:08:24.686Z
69bbf54a733b8958239f94b2,5b9fa6d4e24ad45a96e5d2dd,2850d217-45bb-4a84-8175-f159c386f1ae,didnt-feel,dont-know,-99.1939306,19.4567982,2026-03-19T13:08:26.953Z
69bbf54e9ab22f0ea43c83fb,5a56ed4bec53120623b5e688,2850d217-45bb-4a84-8175-f159c386f1ae,didnt-feel,dont-know,-99.0578,19.4482611,2026-03-19T13:08:30.395Z
69bbf54f9ab22f0ea43c83fd,640029cf9f085d5dba0a13ef,2850d217-45bb-4a84-8175-f159c386f1ae,didnt-feel,correct,-98.31368893672519,19.028427816346596,2026-03-19T13:08:31.021Z
69bbf555733b8958239f94c8,5a8793b3212109ec275fa41d,2850d217-45bb-4a84-8175-f159c386f1ae,didnt-feel,correct,-99.1303962,19.3731619,2026-03-19T13:08:37.763Z
69bbf5563ae94e897384c953,5c84a491aba46708499cb774,2850d217-45bb-4a84-8175-f159c386f1ae,didnt-feel,dont-know,-99.1352383,19.3368289,2026-03-19T13:08:38.990Z
69bbf55e16f32f3334e58ef9,5cf13dffbc93a0d68ac82111,2850d217-45bb-4a84-8175-f159c386f1ae,didnt-feel,correct,-99.1780788,19.548262299999998,2026-03-19T13:08:46.392Z
69bbf5606f3ec378d96f65c2,698635afcc40031131dfddba,2850d217-45bb-4a84-8175-f159c386f1ae,didnt-feel,correct,-99.1435398,19.4336366,2026-03-19T13:08:48.303Z
69bbf56233f58ed4c61d584b,5a032179dcf005ca8d1345d1,2850d217-45bb-4a84-8175-f159c386f1ae,didnt-feel,correct,-99.2770288,19.4080104,2026-03-19T13:08:50.034Z
69bbf56a9ab22f0ea43c8470,59f6929b26457201db66d5f9,2850d217-45bb-4a84-8175-f159c386f1ae,didnt-feel,correct,-99.18159899999999,18.6097531,2026-03-19T13:08:58.057Z
69bbf5766f3ec378d96f65ff,5a0cb3ebb202584a119ceff4,2850d217-45bb-4a84-8175-f159c386f1ae,didnt-feel,correct,-98.19669429999999,19.0090687,2026-03-19T13:09:10.716Z
69bbf577146eacf0bb9d2613,63332223104b9124928ca12f,2850d217-45bb-4a84-8175-f159c386f1ae,didnt-feel,correct,-98.96164279999999,19.4276513,2026-03-19T13:09:11.002Z
69bbf57a6f3ec378d96f660d,5e33755a6b367a000a60eca9,2850d217-45bb-4a84-8175-f159c386f1ae,didnt-feel,dont-know,-98.2165132,19.072336099999998,2026-03-19T13:09:14.497Z
69bbf5809ab22f0ea43c84c1,5ab1c43bff306403045eb77b,2850d217-45bb-4a84-8175-f159c386f1ae,didnt-feel,correct,-99.230069629848,18.858920273236514,2026-03-19T13:09:20.350Z
69bbf5828deb527581518163,67e3991896b60ad5de869c3d,2850d217-45bb-4a84-8175-f159c386f1ae,didnt-feel,dont-know,-99.223485,19.4616205,2026-03-19T13:09:22.804Z
69bbf5903ae94e897384ca75,5c31ba4f55d2ac54d3ed022f,2850d217-45bb-4a84-8175-f159c386f1ae,didnt-feel,dont-know,-99.69261739999999,19.295468800000002,2026-03-19T13:09:36.941Z
69bbf5976f3ec378d96f6670,64fb7813f3daa658bec42fe6,2850d217-45bb-4a84-8175-f159c386f1ae,weak,correct,-99.1623229,19.3473534,2026-03-19T13:09:43.136Z
69bbf5989c2fd53e108c0626,632cbe269cf5ef5b802a013a,2850d217-45bb-4a84-8175-f159c386f1ae,didnt-feel,dont-know,-99.1373136,19.4302678,2026-03-19T13:09:44.153Z
69bbf5993ae94e897384ca85,69b9c1763ae94e89737b0bbb,2850d217-45bb-4a84-8175-f159c386f1ae,weak,weaker,-99.132101,19.434037,2026-03-19T13:09:45.798Z
69bbf59c8deb5275815181a7,698d0085798e601a3304517d,2850d217-45bb-4a84-8175-f159c386f1ae,moderate,stronger,-100.4368463,17.204613,2026-03-19T13:09:48.636Z
69bbf59e16d3535bc2562b5d,65d36cf4d398df06a7c5cd6a,2850d217-45bb-4a84-8175-f159c386f1ae,didnt-feel,dont-know,-99.13251960000001,19.4269723,2026-03-19T13:09:50.067Z
69bbf5a086e0f5f192bd273b,69b9c1763ae94e89737b0bbb,2850d217-45bb-4a84-8175-f159c386f1ae,weak,correct,-99.132101,19.434037,2026-03-19T13:09:52.900Z
69bbf5a116d3535bc2562b6c,66f5b135f5350a3162a30caf,2850d217-45bb-4a84-8175-f159c386f1ae,didnt-feel,dont-know,-99.026313,19.5133287,2026-03-19T13:09:53.861Z
69bbf5a286e0f5f192bd274f,67d32be1fbf7322f124a8abe,2850d217-45bb-4a84-8175-f159c386f1ae,didnt-feel,weaker,-99.1677741,19.3739764,2026-03-19T13:09:54.785Z
69bbf5a686e0f5f192bd2758,69b9c1763ae94e89737b0bbb,2850d217-45bb-4a84-8175-f159c386f1ae,didnt-feel,stronger,-99.132101,19.434037,2026-03-19T13:09:58.614Z
69bbf5a916f32f3334e58fe3,613ba9240371a7e013412da0,2850d217-45bb-4a84-8175-f159c386f1ae,didnt-feel,correct,-101.20846329999999,19.720167,2026-03-19T13:10:01.004Z
69bbf5af3ae94e897384cacf,59fcee617a0315157e80782b,2850d217-45bb-4a84-8175-f159c386f1ae,didnt-feel,correct,-99.0363795,19.507543899999998,2026-03-19T13:10:07.286Z
69bbf5b19c2fd53e108c0688,6430d649eeb55fd1660761ef,2850d217-45bb-4a84-8175-f159c386f1ae,didnt-feel,dont-know,-99.0280892,19.275149499999998,2026-03-19T13:10:09.591Z
69bbf5b216d3535bc2562bc9,5a877144516763ab118ea2fb,2850d217-45bb-4a84-8175-f159c386f1ae,didnt-feel,dont-know,-99.16083719999999,19.4276061,2026-03-19T13:10:10.361Z
69bbf5b49c2fd53e108c068e,6461b6f94c5f3849ad933171,2850d217-45bb-4a84-8175-f159c386f1ae,didnt-feel,dont-know,-99.59472784772515,19.176887315894938,2026-03-19T13:10:12.988Z
69bbf5b833f58ed4c61d59b0,6959cb59b3406b01c79a7f40,2850d217-45bb-4a84-8175-f159c386f1ae,didnt-feel,dont-know,-99.1320191,19.3731698,2026-03-19T13:10:16.329Z
69bbf5b8733b8958239f964d,5a87883c212109ec275f5fbe,2850d217-45bb-4a84-8175-f159c386f1ae,didnt-feel,correct,-98.33184,19.0071823,2026-03-19T13:10:16.936Z
69bbf5bc33f58ed4c61d59b7,69979eb5a9ce9994609b843b,2850d217-45bb-4a84-8175-f159c386f1ae,didnt-feel,correct,-99.06879242509604,19.80137251242938,2026-03-19T13:10:20.612Z
69bbf5c133f58ed4c61d59c5,59fe09fc1145d83efcb7a4ec,2850d217-45bb-4a84-8175-f159c386f1ae,didnt-feel,correct,-99.0392798,19.4919749,2026-03-19T13:10:25.081Z
69bbf5c39ab22f0ea43c861c,632a1450bc4487557086cf25,2850d217-45bb-4a84-8175-f159c386f1ae,didnt-feel,dont-know,-99.1186381,19.4083731,2026-03-19T13:10:27.560Z
69bbf5c59c2fd53e108c06c6,5d83eab939ac0bad0ce90d8d,2850d217-45bb-4a84-8175-f159c386f1ae,didnt-feel,dont-know,-99.098584,19.214207,2026-03-19T13:10:29.188Z
69bbf5c79ab22f0ea43c8622,6957dac8b0f426de38ed2ac3,2850d217-45bb-4a84-8175-f159c386f1ae,didnt-feel,correct,-98.4475965,18.8899277,2026-03-19T13:10:31.817Z
69bbf5cb8deb52758151821c,6536c71bd21eec071a23844c,2850d217-45bb-4a84-8175-f159c386f1ae,didnt-feel,dont-know,-99.2211625,19.4180307,2026-03-19T13:10:35.932Z
69bbf5ce9c2fd53e108c06df,5afc4d91f445bc7513d88e5e,2850d217-45bb-4a84-8175-f159c386f1ae,weak,weaker,-99.1248628,19.364601399999998,2026-03-19T13:10:38.602Z
69bbf5d3eae4277c39006044,6996789efad3caffbfd63d4f,2850d217-45bb-4a84-8175-f159c386f1ae,didnt-feel,correct,-98.9879404194653,19.335255779997773,2026-03-19T13:10:43.458Z
69bbf5d5eae4277c3900604b,69803ad33416091c4ece9799,2850d217-45bb-4a84-8175-f159c386f1ae,moderate,correct,-99.51127795502543,17.57487359080223,2026-03-19T13:10:45.794Z
69bbf5db8e8ac06d49ff13ad,5ca9ec5cd61051d04bfd6b70,2850d217-45bb-4a84-8175-f159c386f1ae,didnt-feel,correct,-99.0750788,19.4967605,2026-03-19T13:10:51.136Z
69bbf5db9ab22f0ea43c8658,67c6fcae881ee117383c8742,2850d217-45bb-4a84-8175-f159c386f1ae,didnt-feel,dont-know,-99.132101,19.434037,2026-03-19T13:10:51.600Z
69bbf5dc96943ca0faad2259,68bbb8ff1eba0bc370a6f452,2850d217-45bb-4a84-8175-f159c386f1ae,didnt-feel,dont-know,-99.207905,19.4988763,2026-03-19T13:10:52.528Z
69bbf5df146eacf0bb9d2749,696b91fbffe23d48f394f812,2850d217-45bb-4a84-8175-f159c386f1ae,didnt-feel,dont-know,-99.1539178,19.394073400000003,2026-03-19T13:10:55.270Z
69bbf5e1eae4277c39006072,5f6b1cf11d58be000a1a8e21,2850d217-45bb-4a84-8175-f159c386f1ae,didnt-feel,dont-know,-98.94385419999999,19.5932338,2026-03-19T13:10:57.745Z
69bbf5e28deb527581518294,5f6b1cf11d58be000a1a8e21,2850d217-45bb-4a84-8175-f159c386f1ae,didnt-feel,dont-know,-98.94385419999999,19.5932338,2026-03-19T13:10:58.284Z
69bbf5e2eae4277c39006078,5a8b8d5112d6173c680e515c,2850d217-45bb-4a84-8175-f159c386f1ae,didnt-feel,dont-know,-99.1556476,19.403192999999998,2026-03-19T13:10:58.676Z
69bbf5eb9c2fd53e108c07b9,5c6f1a888dccd29398fbb349,2850d217-45bb-4a84-8175-f159c386f1ae,didnt-feel,correct,-99.1370955,19.4053243,2026-03-19T13:11:07.557Z
69bbf5ec96943ca0faad2348,5ea5f000c5612c000a2d1f23,2850d217-45bb-4a84-8175-f159c386f1ae,didnt-feel,dont-know,-99.5841215,19.3498815,2026-03-19T13:11:08.483Z
69bbf5ec86e0f5f192bd2895,68076766e7222d821769fea5,2850d217-45bb-4a84-8175-f159c386f1ae,didnt-feel,dont-know,-99.18298329999999,19.3057046,2026-03-19T13:11:08.757Z
69bbf5ee86e0f5f192bd289b,5f4a8ffd03b149000aa32c83,2850d217-45bb-4a84-8175-f159c386f1ae,didnt-feel,correct,-98.26607589999999,19.0509578,2026-03-19T13:11:10.462Z
69bbf5ef8e8ac06d49ff148b,59fba4ba98148cf85e2cbde1,2850d217-45bb-4a84-8175-f159c386f1ae,didnt-feel,correct,-99.1483827,19.3648912,2026-03-19T13:11:11.623Z
69bbf5ef6e5e345879973b2f,5e1ab28f7730d6003983b046,2850d217-45bb-4a84-8175-f159c386f1ae,didnt-feel,correct,-99.1186381,19.456993,2026-03-19T13:11:11.944Z
69bbf5f5eae4277c390060d9,682795800764d39872ebc725,2850d217-45bb-4a84-8175-f159c386f1ae,moderate,correct,-99.9493115209043,16.881482332348597,2026-03-19T13:11:17.605Z
69bbf5f68deb5275815182d5,59f74017cf2d1de81acd7d76,2850d217-45bb-4a84-8175-f159c386f1ae,didnt-feel,correct,-99.1373136,19.4302678,2026-03-19T13:11:18.650Z
69bbf5f6146eacf0bb9d27a8,65ebd51921f984563486b46a,2850d217-45bb-4a84-8175-f159c386f1ae,didnt-feel,dont-know,-99.207905,19.357464399999998,2026-03-19T13:11:18.888Z
69bbf5fa6f3ec378d96f688c,6960077a0d727dad7350fcb8,2850d217-45bb-4a84-8175-f159c386f1ae,didnt-feel,correct,-99.2255263030529,19.271561048835245,2026-03-19T13:11:22.783Z
69bbf6036e5e345879973b6b,5a4163707b8b9db590cacd81,2850d217-45bb-4a84-8175-f159c386f1ae,didnt-feel,dont-know,-99.85016379999999,16.8503746,2026-03-19T13:11:31.871Z
69bbf60796943ca0faad23a0,5d2eadafd576fb55497026bb,2850d217-45bb-4a84-8175-f159c386f1ae,didnt-feel,dont-know,-99.1579012,19.3925149,2026-03-19T13:11:35.442Z
69bbf60b9ab22f0ea43c8709,632cbe459eea4593432e5043,2850d217-45bb-4a84-8175-f159c386f1ae,didnt-feel,dont-know,-99.0432918,19.5300467,2026-03-19T13:11:39.111Z
69bbf60e9ab22f0ea43c870f,59f6bbe226457201db67130d,2850d217-45bb-4a84-8175-f159c386f1ae,didnt-feel,dont-know,-99.1255999,19.416798,2026-03-19T13:11:42.416Z
69bbf60f86e0f5f192bd2909,656d4f2646b7c8b56004bf60,2850d217-45bb-4a84-8175-f159c386f1ae,didnt-feel,correct,-99.1421561,19.2790394,2026-03-19T13:11:43.333Z
69bbf61033f58ed4c61d5aee,5e1ab28f7730d6003983b046,2850d217-45bb-4a84-8175-f159c386f1ae,didnt-feel,correct,-99.1186381,19.456993,2026-03-19T13:11:44.036Z
69bbf614146eacf0bb9d2859,67367bcae5dac996ae61d360,2850d217-45bb-4a84-8175-f159c386f1ae,didnt-feel,correct,-98.43069171532989,18.899112567950752,2026-03-19T13:11:48.662Z
69bbf61516d3535bc2562cfe,5a4163707b8b9db590cacd81,2850d217-45bb-4a84-8175-f159c386f1ae,didnt-feel,dont-know,-99.85016379999999,16.8503746,2026-03-19T13:11:49.441Z
69bbf616146eacf0bb9d285c,632cbcf0b678e03661c36781,2850d217-45bb-4a84-8175-f159c386f1ae,didnt-feel,dont-know,-99.2292932,18.7936713,2026-03-19T13:11:50.906Z
69bbf6198deb527581518361,5a89a5fd212109ec27635d26,2850d217-45bb-4a84-8175-f159c386f1ae,didnt-feel,correct,-99.2195031,19.3091971,2026-03-19T13:11:53.907Z
69bbf61a6e5e345879973bb2,59f7664e94b604ee748eaa33,2850d217-45bb-4a84-8175-f159c386f1ae,didnt-feel,dont-know,-99.24061476527115,19.470170995910646,2026-03-19T13:11:54.719Z
69bbf61f33f58ed4c61d5b37,59fbbd8395344bef0b30d8cd,2850d217-45bb-4a84-8175-f159c386f1ae,didnt-feel,dont-know,-99.23005839809775,19.470025738279226,2026-03-19T13:11:59.160Z
69bbf62b8deb5275815183d5,59f86fc9879b74cfcf2b2cb9,2850d217-45bb-4a84-8175-f159c386f1ae,didnt-feel,correct,-99.0502663,19.4700939,2026-03-19T13:12:11.164Z
69bbf631146eacf0bb9d28b8,5a710742ec53120623b69c51,2850d217-45bb-4a84-8175-f159c386f1ae,weak,correct,-99.4943607,17.5462773,2026-03-19T13:12:17.588Z
69bbf6398e8ac06d49ff1570,59f6cb0926457201db672452,2850d217-45bb-4a84-8175-f159c386f1ae,didnt-feel,correct,-99.127438,19.4927702,2026-03-19T13:12:25.904Z
69bbf63f86e0f5f192bd29ea,5e1ab28f7730d6003983b046,2850d217-45bb-4a84-8175-f159c386f1ae,didnt-feel,correct,-99.1186381,19.456993,2026-03-19T13:12:31.112Z
69bbf6426e5e345879973c20,6147667c2c2a612d26059737,2850d217-45bb-4a84-8175-f159c386f1ae,didnt-feel,dont-know,-99.1581936,19.3887725,2026-03-19T13:12:34.803Z
69bbf643146eacf0bb9d28dd,632c67238442388c3f316c93,2850d217-45bb-4a84-8175-f159c386f1ae,didnt-feel,correct,-99.1220962,19.246906799999998,2026-03-19T13:12:35.154Z
69bbf65016f32f3334e5924b,652102641bd6aa8e07ee17ff,2850d217-45bb-4a84-8175-f159c386f1ae,didnt-feel,dont-know,-98.89418409999999,19.253733699999998,2026-03-19T13:12:48.344Z
69bbf6519ab22f0ea43c8867,69580c09d4d08868fc352865,2850d217-45bb-4a84-8175-f159c386f1ae,didnt-feel,dont-know,-99.132101,19.434037,2026-03-19T13:12:49.010Z
69bbf6519c2fd53e108c0917,648f01259b6b3abe323d5c9e,2850d217-45bb-4a84-8175-f159c386f1ae,didnt-feel,dont-know,-99.20061863958836,19.376503725549767,2026-03-19T13:12:49.241Z
69bbf6533ae94e897384cd20,641810835f06b24099582184,2850d217-45bb-4a84-8175-f159c386f1ae,didnt-feel,correct,-99.16498910000001,19.405299,2026-03-19T13:12:51.893Z
69bbf6566f3ec378d96f697a,5a415f75c8ba9f2af3998f22,2850d217-45bb-4a84-8175-f159c386f1ae,didnt-feel,dont-know,-99.1499789,19.3625435,2026-03-19T13:12:54.835Z
69bbf65c9c2fd53e108c0928,5a8ac57b55729d49ae720edb,2850d217-45bb-4a84-8175-f159c386f1ae,weak,correct,-97.8150412,18.8839638,2026-03-19T13:13:00.560Z
69bbf6689ab22f0ea43c88ae,5a0ce9deb202584a119d0664,2850d217-45bb-4a84-8175-f159c386f1ae,didnt-feel,correct,-99.1062907,19.2964877,2026-03-19T13:13:12.896Z
69bbf669146eacf0bb9d295c,663bbd2d088689c23b0cb3a1,2850d217-45bb-4a84-8175-f159c386f1ae,moderate,stronger,-99.41074510908209,18.32476763801493,2026-03-19T13:13:13.352Z
69bbf6698e8ac06d49ff1626,64d53a75385c1c4cfc1209c1,2850d217-45bb-4a84-8175-f159c386f1ae,didnt-feel,dont-know,-99.0936441,19.318196,2026-03-19T13:13:13.442Z
69bbf66c3ae94e897384cd4c,59f7d318993bc192df1b073a,2850d217-45bb-4a84-8175-f159c386f1ae,didnt-feel,correct,-99.24317480244893,19.519848623781854,2026-03-19T13:13:16.548Z
69bbf66c86e0f5f192bd2a9f,59f7d318993bc192df1b073a,2850d217-45bb-4a84-8175-f159c386f1ae,didnt-feel,correct,-99.24317480244893,19.519848623781854,2026-03-19T13:13:16.548Z
69bbf66d6f3ec378d96f69b2,696305917bb8581af9469a78,2850d217-45bb-4a84-8175-f159c386f1ae,moderate,correct,-99.85016379999999,16.8503746,2026-03-19T13:13:17.776Z
69bbf6758deb5275815184d8,5a11aacbb202584a119dedf5,2850d217-45bb-4a84-8175-f159c386f1ae,didnt-feel,dont-know,-99.1373136,19.4302678,2026-03-19T13:13:25.368Z
69bbf67c9c2fd53e108c099e,64d2b9a137c4d9f7547404ca,2850d217-45bb-4a84-8175-f159c386f1ae,didnt-feel,correct,-99.02463519999999,19.4985515,2026-03-19T13:13:32.940Z
69bbf6889ab22f0ea43c8917,5a431fdac8ba9f2af39ab129,2850d217-45bb-4a84-8175-f159c386f1ae,didnt-feel,correct,-99.5006201,17.5515473,2026-03-19T13:13:44.842Z
69bbf6898e8ac06d49ff16ba,613a787573aac5b3c13cbe36,2850d217-45bb-4a84-8175-f159c386f1ae,didnt-feel,dont-know,-99.17744619999999,19.4002495,2026-03-19T13:13:45.989Z
69bbf69b3ae94e897384cdf0,640b95e4d786582b84d99254,2850d217-45bb-4a84-8175-f159c386f1ae,didnt-feel,correct,-98.972843,19.6139042,2026-03-19T13:14:03.085Z
69bbf69d16d3535bc2562e7b,59f808fe96400cec1693f609,2850d217-45bb-4a84-8175-f159c386f1ae,didnt-feel,correct,-99.2478098,19.3605346,2026-03-19T13:14:05.316Z
69bbf6a33ae94e897384ce08,60560a0aaad6bb000aad1a1b,2850d217-45bb-4a84-8175-f159c386f1ae,didnt-feel,dont-know,-99.098584,19.432217899999998,2026-03-19T13:14:11.423Z
69bbf6a4146eacf0bb9d2a0b,5a8b35c612d6173c680d78f0,2850d217-45bb-4a84-8175-f159c386f1ae,didnt-feel,dont-know,-99.1412925,19.3997364,2026-03-19T13:14:12.476Z
69bbf6a63ae94e897384ce11,59fcf56f9b5494a21e9a5919,2850d217-45bb-4a84-8175-f159c386f1ae,didnt-feel,weaker,-99.6259609,19.2808646,2026-03-19T13:14:14.757Z
69bbf6a633f58ed4c61d5cbb,5b509c81ad8e452774d6a94e,2850d217-45bb-4a84-8175-f159c386f1ae,weak,correct,-98.04379089999999,19.0393896,2026-03-19T13:14:14.998Z
69bbf6a88deb52758151855c,5b258e26cb90d1a955be4253,2850d217-45bb-4a84-8175-f159c386f1ae,didnt-feel,dont-know,-99.1251318,19.4316849,2026-03-19T13:14:16.588Z
69bbf6ac33f58ed4c61d5cd5,5a88bf3e4b23ae79f14e2209,2850d217-45bb-4a84-8175-f159c386f1ae,didnt-feel,dont-know,-99.38673539999999,19.5176481,2026-03-19T13:14:20.537Z
69bbf6ac33f58ed4c61d5cd7,5a88a6994b23ae79f14dbd71,2850d217-45bb-4a84-8175-f159c386f1ae,didnt-feel,dont-know,-103.1601135,18.7761392,2026-03-19T13:14:20.664Z
69bbf6adeae4277c390063fd,5a4aba34ed1cbd392694211b,2850d217-45bb-4a84-8175-f159c386f1ae,didnt-feel,dont-know,-99.15095559999999,19.376753,2026-03-19T13:14:21.403Z
69bbf6af9ab22f0ea43c8989,5ab2632f280e61a770fffb5b,2850d217-45bb-4a84-8175-f159c386f1ae,didnt-feel,dont-know,-98.9935558,19.2194041,2026-03-19T13:14:23.998Z
69bbf6b18deb52758151858c,5a18325f49297f5a37e7f66f,2850d217-45bb-4a84-8175-f159c386f1ae,didnt-feel,weaker,-99.1695251,19.2859027,2026-03-19T13:14:25.884Z
69bbf6b416d3535bc2562ed1,5a888e83212109ec2761ac80,2850d217-45bb-4a84-8175-f159c386f1ae,didnt-feel,correct,-98.28147469999999,19.126203,2026-03-19T13:14:28.720Z
69bbf6b7733b8958239f9980,643d90da16cc2a960c22ec89,2850d217-45bb-4a84-8175-f159c386f1ae,didnt-feel,dont-know,-99.157301,19.3235864,2026-03-19T13:14:31.960Z
69bbf6b89c2fd53e108c0a43,699601c034b1a98f6845af70,2850d217-45bb-4a84-8175-f159c386f1ae,didnt-feel,dont-know,-99.132101,19.434037,2026-03-19T13:14:32.180Z
69bbf6bb86e0f5f192bd2b81,632a53c9e67dbd2ff764b3a4,2850d217-45bb-4a84-8175-f159c386f1ae,weak,correct,-102.2996494,19.9625271,2026-03-19T13:14:35.107Z
69bbf6bc733b8958239f9985,5ab2d2e58a6f67c0d0c5f7eb,2850d217-45bb-4a84-8175-f159c386f1ae,didnt-feel,dont-know,-99.138889,19.275,2026-03-19T13:14:36.054Z
69bbf6bd8e8ac06d49ff1739,5a0fd6fc81710def82496e2e,2850d217-45bb-4a84-8175-f159c386f1ae,didnt-feel,dont-know,-99.2023662,19.4431776,2026-03-19T13:14:37.118Z
69bbf6be3ae94e897384ce51,5a9d9ec5dc8c29cacb6916a1,2850d217-45bb-4a84-8175-f159c386f1ae,weak,correct,-98.180615,19.0804761,2026-03-19T13:14:38.132Z
69bbf6be733b8958239f998a,59f924e2879b74cfcf2bd656,2850d217-45bb-4a84-8175-f159c386f1ae,didnt-feel,dont-know,-99.23560479999999,18.9203462,2026-03-19T13:14:38.638Z
69bbf6c06e5e345879973d62,63fbcdf5906b722434727786,2850d217-45bb-4a84-8175-f159c386f1ae,didnt-feel,correct,-98.2177831,19.0410087,2026-03-19T13:14:40.503Z
69bbf6c03ae94e897384ce55,69585234c8242e11e563ea19,2850d217-45bb-4a84-8175-f159c386f1ae,didnt-feel,dont-know,-99.18367549999999,19.4610688,2026-03-19T13:14:40.769Z
69bbf6c1733b8958239f9991,59f6a0ff92c50710c3ed030c,2850d217-45bb-4a84-8175-f159c386f1ae,weak,correct,-99.25500029999999,18.9664578,2026-03-19T13:14:41.312Z
69bbf6c4146eacf0bb9d2a5a,69585234c8242e11e563ea19,2850d217-45bb-4a84-8175-f159c386f1ae,didnt-feel,dont-know,-99.18367549999999,19.4610688,2026-03-19T13:14:44.582Z
69bbf6c69c2fd53e108c0a78,696c59339e7c1a83e50d1d45,2850d217-45bb-4a84-8175-f159c386f1ae,didnt-feel,correct,-99.1698333,19.5413338,2026-03-19T13:14:46.958Z
69bbf6c79ab22f0ea43c89fe,5a241dfd49297f5a37e8799f,2850d217-45bb-4a84-8175-f159c386f1ae,didnt-feel,dont-know,-102.2776954,19.9790292,2026-03-19T13:14:47.641Z
69bbf6ca9c2fd53e108c0a7e,65da2aff0b8f5d270bd4c5c5,2850d217-45bb-4a84-8175-f159c386f1ae,moderate,stronger,-99.5294218,17.5405678,2026-03-19T13:14:50.215Z
69bbf6d916f32f3334e59436,59fe0573dd313346a24954bd,2850d217-45bb-4a84-8175-f159c386f1ae,weak,correct,-99.5186827,17.564869599999998,2026-03-19T13:15:05.656Z
69bbf6dc9c2fd53e108c0ab5,66f374b805804de13e1d60db,2850d217-45bb-4a84-8175-f159c386f1ae,didnt-feel,dont-know,-98.93281370000001,18.804197,2026-03-19T13:15:08.123Z
69bbf6e29c2fd53e108c0abf,64c43fc532550c175a554980,2850d217-45bb-4a84-8175-f159c386f1ae,didnt-feel,correct,-99.2442763,19.5225938,2026-03-19T13:15:14.211Z
69bbf6e3733b8958239f99d6,66f374b805804de13e1d60db,2850d217-45bb-4a84-8175-f159c386f1ae,didnt-feel,dont-know,-98.93281370000001,18.804197,2026-03-19T13:15:15.087Z
69bbf6ea16d3535bc2562f74,5fcfe3c37d86e0000a7f731f,2850d217-45bb-4a84-8175-f159c386f1ae,didnt-feel,correct,-99.1186381,19.4614133,2026-03-19T13:15:22.065Z
69bbf6f78e8ac06d49ff17d9,5a0ca03881710def8248e994,2850d217-45bb-4a84-8175-f159c386f1ae,didnt-feel,correct,-98.2513802,19.1069089,2026-03-19T13:15:35.508Z
69bbf6fa733b8958239f9a18,5ad762dc61e8406d5179b201,2850d217-45bb-4a84-8175-f159c386f1ae,didnt-feel,dont-know,-99.1162511,19.466381,2026-03-19T13:15:38.079Z
69bbf6ff86e0f5f192bd2db4,6654ee717cd5cfef52de5204,2850d217-45bb-4a84-8175-f159c386f1ae,didnt-feel,correct,-99.1496251,19.3982731,2026-03-19T13:15:43.463Z
69bbf6ff8deb5275815186cd,67bf376aa73e31deffc81604,2850d217-45bb-4a84-8175-f159c386f1ae,didnt-feel,dont-know,-98.2384318743857,18.960533531142072,2026-03-19T13:15:43.639Z
69bbf703eae4277c390064d2,5f6c10b3d19c46000afc52a4,2850d217-45bb-4a84-8175-f159c386f1ae,weak,correct,-99.1634999,19.4251356,2026-03-19T13:15:47.771Z
69bbf70416d3535bc2562fc6,5cf9105bd91ae79918887b0f,2850d217-45bb-4a84-8175-f159c386f1ae,weak,dont-know,-99.10619009999999,19.4281521,2026-03-19T13:15:48.249Z
69bbf708733b8958239f9a36,66e8c57f2f6bfb9649316262,2850d217-45bb-4a84-8175-f159c386f1ae,didnt-feel,dont-know,-99.2300791,18.8957794,2026-03-19T13:15:52.071Z
69bbf70a8deb5275815186e9,59f86d677c1642f6b3de6ae5,2850d217-45bb-4a84-8175-f159c386f1ae,didnt-feel,correct,-99.5792983,19.3046279,2026-03-19T13:15:54.746Z
69bbf70d146eacf0bb9d2b5e,61d5bbea1f40fc237f0d19b2,2850d217-45bb-4a84-8175-f159c386f1ae,didnt-feel,correct,-99.1719095,19.4093682,2026-03-19T13:15:57.060Z
69bbf70e8deb5275815186fa,6957d8fd372a2af9ad4821dc,2850d217-45bb-4a84-8175-f159c386f1ae,didnt-feel,dont-know,-98.1734651,19.0528653,2026-03-19T13:15:58.346Z
69bbf71416d3535bc2562ff3,643f762bc8ba27bd554a0704,2850d217-45bb-4a84-8175-f159c386f1ae,didnt-feel,dont-know,-99.12030060377472,19.468429565429688,2026-03-19T13:16:04.892Z
69bbf715eae4277c39006544,59fba75995344bef0b30ce2c,2850d217-45bb-4a84-8175-f159c386f1ae,didnt-feel,correct,-99.23698999999999,19.5961019,2026-03-19T13:16:05.182Z
69bbf71516f32f3334e59522,5a8ad2b80d3958f3b5b8dd8b,2850d217-45bb-4a84-8175-f159c386f1ae,didnt-feel,dont-know,-98.9588940366748,19.721467719940325,2026-03-19T13:16:05.723Z
69bbf7168deb527581518718,5b5338dd0156bb322111b858,2850d217-45bb-4a84-8175-f159c386f1ae,didnt-feel,correct,-98.21172879999999,19.0865601,2026-03-19T13:16:06.661Z
69bbf716146eacf0bb9d2b78,5a8ed6f7983b6c5de6d9b209,2850d217-45bb-4a84-8175-f159c386f1ae,didnt-feel,correct,-99.12624609999999,19.6607139,2026-03-19T13:16:06.802Z
69bbf71986e0f5f192bd2e09,66e0971fabbefd4a10884629,2850d217-45bb-4a84-8175-f159c386f1ae,didnt-feel,dont-know,-99.1756742,19.4370524,2026-03-19T13:16:09.816Z
69bbf726146eacf0bb9d2b9e,66578190de40443e00a95379,2850d217-45bb-4a84-8175-f159c386f1ae,didnt-feel,dont-know,-102.04719419999999,19.392149399999997,2026-03-19T13:16:22.492Z
69bbf7276e5e345879973f01,689d58cf00362b0ee140333d,2850d217-45bb-4a84-8175-f159c386f1ae,didnt-feel,dont-know,-99.59557609632611,19.177595195834975,2026-03-19T13:16:23.419Z
69bbf72a733b8958239f9a97,69b198aff56220673b9fddf5,2850d217-45bb-4a84-8175-f159c386f1ae,didnt-feel,correct,-99.132101,19.434037,2026-03-19T13:16:26.182Z
69bbf72d9c2fd53e108c0ba6,5a9de6a2086cc59dcca5aad6,2850d217-45bb-4a84-8175-f159c386f1ae,weak,weaker,-99.1303962,19.5116542,2026-03-19T13:16:29.318Z
69bbf7309ab22f0ea43c8b85,59f7415acf2d1de81acd9934,2850d217-45bb-4a84-8175-f159c386f1ae,didnt-feel,correct,-98.2418072,19.0409762,2026-03-19T13:16:32.408Z
69bbf7339ab22f0ea43c8b8d,61d5d074fe9cf8192caf2ca0,2850d217-45bb-4a84-8175-f159c386f1ae,didnt-feel,dont-know,-99.1579012,19.3925149,2026-03-19T13:16:35.991Z
69bbf73b733b8958239f9ab9,643f7af1ecee6ddf87e68e69,2850d217-45bb-4a84-8175-f159c386f1ae,didnt-feel,dont-know,-99.1463071,19.3303807,2026-03-19T13:16:43.346Z
69bbf73c16d3535bc25630b1,6810112bac3fe6090c54ab2f,2850d217-45bb-4a84-8175-f159c386f1ae,didnt-feel,dont-know,-99.283801,19.3418488,2026-03-19T13:16:44.538Z
69bbf745733b8958239f9adb,6704beeefd1bc2e7a0dcec70,2850d217-45bb-4a84-8175-f159c386f1ae,didnt-feel,dont-know,-99.1591008,19.2956953,2026-03-19T13:16:53.415Z
69bbf74516d3535bc25630ce,632c612efa07178e2d0cbadc,2850d217-45bb-4a84-8175-f159c386f1ae,didnt-feel,correct,-99.1705253,19.2871869,2026-03-19T13:16:53.755Z
69bbf74716d3535bc25630d2,59fd317c61c0127ef03428f3,2850d217-45bb-4a84-8175-f159c386f1ae,didnt-feel,dont-know,-99.26816420000002,19.3094867,2026-03-19T13:16:55.020Z
69bbf74a86e0f5f192bd2ec5,59f7e8cc7c71e00aeddc4fef,2850d217-45bb-4a84-8175-f159c386f1ae,didnt-feel,correct,-99.15530160000002,19.3807458,2026-03-19T13:16:58.271Z
69bbf74f9c2fd53e108c0bfd,6138dfd8c587a0d85dce837b,2850d217-45bb-4a84-8175-f159c386f1ae,didnt-feel,dont-know,-99.1634999,19.4251356,2026-03-19T13:17:03.727Z
69bbf75416d3535bc25630e5,65099cf6e8ea39b4f837ee2a,2850d217-45bb-4a84-8175-f159c386f1ae,weak,correct,-99.1871364,19.580973699999998,2026-03-19T13:17:08.206Z
69bbf7556e5e345879973f9c,6530764f9a6a31618a55554e,2850d217-45bb-4a84-8175-f159c386f1ae,didnt-feel,correct,-99.132101,19.434037,2026-03-19T13:17:09.111Z
69bbf75516f32f3334e595d1,642b8b8cf2ba408fe332518b,2850d217-45bb-4a84-8175-f159c386f1ae,didnt-feel,dont-know,-99.2211625,19.4180307,2026-03-19T13:17:09.280Z
69bbf7588e8ac06d49ff1932,59f86ab37c1642f6b3de5fb1,2850d217-45bb-4a84-8175-f159c386f1ae,didnt-feel,dont-know,-99.0280892,19.3930133,2026-03-19T13:17:12.274Z
69bbf75d9c2fd53e108c0c11,59f6bd8126457201db671559,2850d217-45bb-4a84-8175-f159c386f1ae,weak,correct,-99.1386972,19.4522974,2026-03-19T13:17:17.557Z
69bbf76186e0f5f192bd2f0e,59fb49960023597fa78e8400,2850d217-45bb-4a84-8175-f159c386f1ae,didnt-feel,dont-know,-99.9325381,19.700265899999998,2026-03-19T13:17:21.930Z
69bbf76916d3535bc2563145,59f65a3026457201db66a1d5,2850d217-45bb-4a84-8175-f159c386f1ae,didnt-feel,correct,-99.1802396,19.3767522,2026-03-19T13:17:29.752Z
69bbf76b8e8ac06d49ff1970,6969e67068b92c8f5b6b1db6,2850d217-45bb-4a84-8175-f159c386f1ae,didnt-feel,dont-know,-99.2383753,19.476695799999998,2026-03-19T13:17:31.722Z
69bbf76c9c2fd53e108c0c41,5ce20c2c72ce256326eb68d2,2850d217-45bb-4a84-8175-f159c386f1ae,weak,weaker,-99.2256635,19.4216613,2026-03-19T13:17:32.423Z
69bbf77416d3535bc2563163,5a98249a64d8abc4fc7c1b1e,2850d217-45bb-4a84-8175-f159c386f1ae,didnt-feel,weaker,-99.2459947,19.5344958,2026-03-19T13:17:40.000Z
69bbf7769c2fd53e108c0c84,5ef2ee0dfe94ec00102775ed,2850d217-45bb-4a84-8175-f159c386f1ae,didnt-feel,dont-know,-99.1746778,19.4445835,2026-03-19T13:17:42.324Z
69bbf77686e0f5f192bd2f4d,59f873a8879b74cfcf2b3956,2850d217-45bb-4a84-8175-f159c386f1ae,didnt-feel,dont-know,-99.16802390000001,19.3813647,2026-03-19T13:17:42.558Z
69bbf77b9ab22f0ea43c8c62,6071080349bb56000b319ae5,2850d217-45bb-4a84-8175-f159c386f1ae,weak,correct,-99.19752,19.3395802,2026-03-19T13:17:47.327Z
69bbf77c3ae94e897384d0e6,5de982bed420b783421e06b8,2850d217-45bb-4a84-8175-f159c386f1ae,didnt-feel,correct,-102.19472329999999,17.9603604,2026-03-19T13:17:48.533Z
69bbf77d8deb527581518864,639ab4807ebc2157e20e8450,2850d217-45bb-4a84-8175-f159c386f1ae,didnt-feel,correct,-99.0557268,19.403423099999998,2026-03-19T13:17:49.904Z
69bbf77e16f32f3334e59642,64401db11c603c24f594bd77,2850d217-45bb-4a84-8175-f159c386f1ae,didnt-feel,dont-know,-99.1442316,19.4431779,2026-03-19T13:17:50.641Z
69bbf77f9c2fd53e108c0ca3,5a8774c1516763ab118edae8,2850d217-45bb-4a84-8175-f159c386f1ae,didnt-feel,weaker,-99.1755716,19.4382764,2026-03-19T13:17:51.974Z
69bbf78533f58ed4c61d5fec,664815e564a2e0c612488a12,2850d217-45bb-4a84-8175-f159c386f1ae,didnt-feel,correct,-99.0305786,19.6000966,2026-03-19T13:17:57.322Z
69bbf78a33f58ed4c61d5ff1,5a419eaec8ba9f2af39a4a8d,2850d217-45bb-4a84-8175-f159c386f1ae,didnt-feel,dont-know,-99.189213,19.4475288,2026-03-19T13:18:02.157Z
69bbf78c6e5e34587997403c,6252fc69172dfb1549b9db6d,2850d217-45bb-4a84-8175-f159c386f1ae,didnt-feel,correct,-99.16083719999999,19.4276061,2026-03-19T13:18:04.776Z
69bbf79d3ae94e897384d14d,6148b7ea7db3cb2625de73ec,2850d217-45bb-4a84-8175-f159c386f1ae,didnt-feel,correct,-99.2256635,19.4216613,2026-03-19T13:18:21.937Z
69bbf79e9c2fd53e108c0d00,6957e8d3429b61b3b460276a,2850d217-45bb-4a84-8175-f159c386f1ae,moderate,stronger,-99.98283091932535,16.90964802541412,2026-03-19T13:18:22.719Z
69bbf7a48e8ac06d49ff19fe,5c907231cb493a28d7a6b72d,2850d217-45bb-4a84-8175-f159c386f1ae,didnt-feel,dont-know,-99.1393889,19.370499799999997,2026-03-19T13:18:28.750Z
69bbf7a86e5e345879974076,5b0b9ca9bc05c564af6a3d50,2850d217-45bb-4a84-8175-f159c386f1ae,didnt-feel,correct,-99.07310327270979,19.326009625882193,2026-03-19T13:18:32.530Z
69bbf7af3ae94e897384d170,59f796afc6e26063f86b6feb,2850d217-45bb-4a84-8175-f159c386f1ae,didnt-feel,correct,-102.04469549999999,19.3787855,2026-03-19T13:18:39.747Z
69bbf7b133f58ed4c61d605f,59f73ee7cf2d1de81acd6aee,2850d217-45bb-4a84-8175-f159c386f1ae,didnt-feel,dont-know,-99.24070286062127,19.31648901167895,2026-03-19T13:18:41.317Z
69bbf7b16f3ec378d96f6dd4,68185a57a9a13ce406983023,2850d217-45bb-4a84-8175-f159c386f1ae,didnt-feel,dont-know,-99.75029898807406,16.75690806060969,2026-03-19T13:18:41.560Z
69bbf7b26e5e3458799740a1,63a39478dc2254b32d8fc2c1,2850d217-45bb-4a84-8175-f159c386f1ae,didnt-feel,weaker,-99.1680155,19.4313163,2026-03-19T13:18:42.532Z
69bbf7b23ae94e897384d176,5b7cdbd09f00dfbd5cd77f2d,2850d217-45bb-4a84-8175-f159c386f1ae,didnt-feel,correct,-99.1251318,19.4316849,2026-03-19T13:18:42.619Z
69bbf7b2733b8958239f9c75,678380cb99ff5cf8021f594c,2850d217-45bb-4a84-8175-f159c386f1ae,didnt-feel,dont-know,-99.2012887,19.4494411,2026-03-19T13:18:42.931Z
69bbf7bf6f3ec378d96f6e01,66ad43017ae6597467798416,2850d217-45bb-4a84-8175-f159c386f1ae,didnt-feel,dont-know,-98.2244093,19.0128239,2026-03-19T13:18:55.709Z
69bbf7c086e0f5f192bd2fec,5a0e81308e8b7fea5bb7a5c7,2850d217-45bb-4a84-8175-f159c386f1ae,didnt-feel,dont-know,-99.2138713,19.4476621,2026-03-19T13:18:56.073Z
69bbf7c13ae94e897384d19e,65e546688a43a3a3127ac040,2850d217-45bb-4a84-8175-f159c386f1ae,didnt-feel,correct,-99.2217537,19.2919642,2026-03-19T13:18:57.947Z
69bbf7c486e0f5f192bd2ffa,5f53719a11ef30000abc06f0,2850d217-45bb-4a84-8175-f159c386f1ae,didnt-feel,dont-know,-99.1668002,19.3838043,2026-03-19T13:19:00.494Z
69bbf7c4733b8958239f9ca0,66ebcfc42b130f38d3de239e,2850d217-45bb-4a84-8175-f159c386f1ae,didnt-feel,weaker,-98.49796719999999,19.3197991,2026-03-19T13:19:00.569Z
69bbf7c66e5e3458799740c9,59fa33ac543d32d8d527b6fb,2850d217-45bb-4a84-8175-f159c386f1ae,didnt-feel,weaker,-99.1050653,19.2996777,2026-03-19T13:19:02.233Z
69bbf7c76e5e3458799740cb,67839fdaa404ad7ee45fb733,2850d217-45bb-4a84-8175-f159c386f1ae,didnt-feel,dont-know,-103.1602084422828,18.774439782894536,2026-03-19T13:19:03.504Z
69bbf7c7eae4277c39006772,59f7afb9befbd485b6bf7a22,2850d217-45bb-4a84-8175-f159c386f1ae,didnt-feel,dont-know,-101.1886368,19.686204,2026-03-19T13:19:03.715Z
69bbf7c833f58ed4c61d60a1,59f636f492c50710c3eca6d2,2850d217-45bb-4a84-8175-f159c386f1ae,didnt-feel,correct,-99.14670009999999,19.3158099,2026-03-19T13:19:04.580Z
69bbf7d2146eacf0bb9d2df5,5aec7cc95e0e2c84ea9df369,2850d217-45bb-4a84-8175-f159c386f1ae,didnt-feel,dont-know,-99.1932556,18.9503368,2026-03-19T13:19:14.102Z
69bbf7d516f32f3334e59751,64fb76f1c5dccb1cdc60a11d,2850d217-45bb-4a84-8175-f159c386f1ae,didnt-feel,dont-know,-99.0073673,19.4102526,2026-03-19T13:19:17.753Z
69bbf7d73ae94e897384d248,5a11e8bab202584a119dfccf,2850d217-45bb-4a84-8175-f159c386f1ae,didnt-feel,dont-know,-99.1389514,19.4179714,2026-03-19T13:19:19.991Z
69bbf7e16e5e345879974149,657896873ee10a7075cd1560,2850d217-45bb-4a84-8175-f159c386f1ae,didnt-feel,correct,-99.132101,19.434037,2026-03-19T13:19:29.727Z
69bbf7e6eae4277c390067cd,59f6129692c50710c3ec96ea,2850d217-45bb-4a84-8175-f159c386f1ae,didnt-feel,correct,-99.18759774938921,19.444832231188332,2026-03-19T13:19:34.478Z
69bbf7ee6f3ec378d96f6eab,632c0472c1a9e41defc9cb65,2850d217-45bb-4a84-8175-f159c386f1ae,weak,weaker,-98.20901693816086,19.033698307673568,2026-03-19T13:19:42.244Z
69bbf7f29c2fd53e108c0e67,66f9fcc6506862c8c7b952f3,2850d217-45bb-4a84-8175-f159c386f1ae,didnt-feel,weaker,-99.13385489999999,19.4046606,2026-03-19T13:19:46.730Z
69bbf7f616d3535bc2563384,59f6626192c50710c3ecc021,2850d217-45bb-4a84-8175-f159c386f1ae,didnt-feel,correct,-99.1290128,19.852221,2026-03-19T13:19:50.789Z
69bbf7fb733b8958239f9d47,6995c29c26db9a2198dd218c,2850d217-45bb-4a84-8175-f159c386f1ae,didnt-feel,dont-know,-99.1407763,19.3506542,2026-03-19T13:19:55.086Z
69bbf80086e0f5f192bd3092,5a8b289412d6173c680d51e2,2850d217-45bb-4a84-8175-f159c386f1ae,didnt-feel,dont-know,-99.1607183,19.4724603,2026-03-19T13:20:00.161Z
69bbf8019ab22f0ea43c8e2c,5a87a6584b23ae79f14b8a2d,2850d217-45bb-4a84-8175-f159c386f1ae,didnt-feel,dont-know,-99.1719095,19.3092084,2026-03-19T13:20:01.124Z
69bbf80586e0f5f192bd30b5,59fcd1d69b5494a21e9a5081,2850d217-45bb-4a84-8175-f159c386f1ae,didnt-feel,dont-know,-99.7483527,19.3042587,2026-03-19T13:20:05.296Z
69bbf8068e8ac06d49ff1b64,5a87a6584b23ae79f14b8a2d,2850d217-45bb-4a84-8175-f159c386f1ae,didnt-feel,dont-know,-99.1719095,19.3092084,2026-03-19T13:20:06.642Z
69bbf80b9ab22f0ea43c8e60,5a457335dc03ee73775528fe,2850d217-45bb-4a84-8175-f159c386f1ae,didnt-feel,dont-know,-99.13752327819263,19.41156337899476,2026-03-19T13:20:11.611Z
69bbf8128deb527581518a7b,684a2b5616980e323b1bb40f,2850d217-45bb-4a84-8175-f159c386f1ae,didnt-feel,dont-know,-99.1601452,19.5344589,2026-03-19T13:20:18.501Z
69bbf81b16d3535bc2563418,6957e7cd69d4446392c92726,2850d217-45bb-4a84-8175-f159c386f1ae,didnt-feel,dont-know,-99.1483827,18.8820045,2026-03-19T13:20:27.291Z
69bbf8209ab22f0ea43c8e9e,5b43469919a897fbc579e841,2850d217-45bb-4a84-8175-f159c386f1ae,didnt-feel,dont-know,-98.2772759,19.0299718,2026-03-19T13:20:32.847Z
69bbf8248deb527581518a9a,5a87c607516763ab119135eb,2850d217-45bb-4a84-8175-f159c386f1ae,didnt-feel,correct,-99.17952260000001,19.2727436,2026-03-19T13:20:36.883Z
69bbf82d16f32f3334e598b7,68bf5eb7d4053d7f20d3c217,2850d217-45bb-4a84-8175-f159c386f1ae,didnt-feel,correct,-99.03806229999999,19.6362098,2026-03-19T13:20:45.239Z
69bbf82e8e8ac06d49ff1be4,5a87ab234b23ae79f14baa20,2850d217-45bb-4a84-8175-f159c386f1ae,didnt-feel,correct,-99.2868362,19.3877489,2026-03-19T13:20:46.558Z
69bbf83233f58ed4c61d622d,6912a9a92aa21f757eca3a75,2850d217-45bb-4a84-8175-f159c386f1ae,didnt-feel,correct,-99.132101,19.434037,2026-03-19T13:20:50.568Z
69bbf83316d3535bc2563469,5a18ac7249297f5a37e7fd0b,2850d217-45bb-4a84-8175-f159c386f1ae,didnt-feel,correct,-99.7687099,19.567112,2026-03-19T13:20:51.407Z
69bbf83b9ab22f0ea43c8f26,5ede9a1590fed9000a72bfcb,2850d217-45bb-4a84-8175-f159c386f1ae,didnt-feel,correct,-99.1373136,19.4302678,2026-03-19T13:20:59.996Z
69bbf83c146eacf0bb9d2f6d,661644c5b0c60c0703813b44,2850d217-45bb-4a84-8175-f159c386f1ae,didnt-feel,dont-know,-98.99562739999999,19.3762063,2026-03-19T13:21:00.956Z
69bbf84186e0f5f192bd318e,67e5818496b60ad5de8cf7ca,2850d217-45bb-4a84-8175-f159c386f1ae,didnt-feel,dont-know,-99.1968277,19.3757002,2026-03-19T13:21:05.403Z
69bbf848146eacf0bb9d2f88,5d208e697e0a9c7747440f44,2850d217-45bb-4a84-8175-f159c386f1ae,didnt-feel,dont-know,-99.15444675832987,19.389950416509173,2026-03-19T13:21:12.216Z
69bbf8588e8ac06d49ff1c8d,64d5359c32550ce7ea6d1613,2850d217-45bb-4a84-8175-f159c386f1ae,didnt-feel,dont-know,-99.16360510000001,19.368542599999998,2026-03-19T13:21:28.129Z
69bbf85a6e5e3458799742ee,59f73f91178b28f9fbf42a61,2850d217-45bb-4a84-8175-f159c386f1ae,didnt-feel,dont-know,-99.09787655845118,19.26585691957618,2026-03-19T13:21:30.704Z
69bbf8666e5e345879974306,5a8b9d02ed66ca0ef7a354ae,2850d217-45bb-4a84-8175-f159c386f1ae,didnt-feel,correct,-98.2364683,19.0607248,2026-03-19T13:21:42.940Z
69bbf86f9ab22f0ea43c8fd6,605569acc9a35f000abd56b7,2850d217-45bb-4a84-8175-f159c386f1ae,didnt-feel,correct,-99.1581936,19.3887725,2026-03-19T13:21:51.267Z
69bbf8716e5e34587997431f,696af8ca8766b3cc6eeae2b5,2850d217-45bb-4a84-8175-f159c386f1ae,violent,dont-know,-98.72487673535943,19.67818919732459,2026-03-19T13:21:53.542Z
69bbf8718e8ac06d49ff1d00,5a4d79781a234697c32f5dcc,2850d217-45bb-4a84-8175-f159c386f1ae,didnt-feel,dont-know,-99.1620961020714,19.368552580585515,2026-03-19T13:21:53.748Z
69bbf8789ab22f0ea43c8ff1,600e5f04e15307000ab67d21,2850d217-45bb-4a84-8175-f159c386f1ae,didnt-feel,correct,-99.1386972,19.4522974,2026-03-19T13:22:00.437Z
69bbf878146eacf0bb9d3022,649fa8319b6b3a19a955f3d6,2850d217-45bb-4a84-8175-f159c386f1ae,didnt-feel,dont-know,-102.04469549999999,19.3787855,2026-03-19T13:22:00.621Z
69bbf879733b8958239f9eb5,69991f02a9ce999460a3fb77,2850d217-45bb-4a84-8175-f159c386f1ae,didnt-feel,dont-know,-99.1493459,19.3799106,2026-03-19T13:22:01.494Z
69bbf87a86e0f5f192bd3244,643f78b31eea38f1e3119174,2850d217-45bb-4a84-8175-f159c386f1ae,didnt-feel,dont-know,-99.146999,19.2957335,2026-03-19T13:22:02.931Z
69bbf87b146eacf0bb9d3030,64d5359c32550ce7ea6d1613,2850d217-45bb-4a84-8175-f159c386f1ae,didnt-feel,dont-know,-99.16360510000001,19.368542599999998,2026-03-19T13:22:03.155Z
69bbf87b3ae94e897384d486,5f0ef05a2df7f1000bc30771,2850d217-45bb-4a84-8175-f159c386f1ae,didnt-feel,correct,-99.1373136,19.4302678,2026-03-19T13:22:03.752Z
69bbf87d86e0f5f192bd324b,5a07003e24d403e624c21791,2850d217-45bb-4a84-8175-f159c386f1ae,didnt-feel,dont-know,-99.1915668,19.3895448,2026-03-19T13:22:05.946Z
69bbf87f16d3535bc256353f,68bf5bd816d34082722fb745,2850d217-45bb-4a84-8175-f159c386f1ae,didnt-feel,dont-know,-99.20397825930034,19.43617213083217,2026-03-19T13:22:07.646Z
69bbf87f8e8ac06d49ff1d2c,64598037e7eece62284be23c,2850d217-45bb-4a84-8175-f159c386f1ae,didnt-feel,correct,-99.15443738762137,19.392273806491286,2026-03-19T13:22:07.923Z
69bbf8806e5e345879974373,66536ab918a4d618a351b1b7,2850d217-45bb-4a84-8175-f159c386f1ae,didnt-feel,dont-know,-99.2540055,19.3897569,2026-03-19T13:22:08.192Z
69bbf8813ae94e897384d49a,5a07003e24d403e624c21791,2850d217-45bb-4a84-8175-f159c386f1ae,didnt-feel,dont-know,-99.1915668,19.3895448,2026-03-19T13:22:09.055Z
69bbf88116d3535bc2563545,658d6fa9f0a6e09bc5dae33f,2850d217-45bb-4a84-8175-f159c386f1ae,didnt-feel,correct,-99.16083719999999,18.632821,2026-03-19T13:22:09.519Z
69bbf88a733b8958239f9f10,68e248a49ed4db2657ca4100,2850d217-45bb-4a84-8175-f159c386f1ae,didnt-feel,correct,-99.14581749999999,19.4296297,2026-03-19T13:22:18.876Z
69bbf88c146eacf0bb9d30a9,59fb23bfb326dead12167781,2850d217-45bb-4a84-8175-f159c386f1ae,didnt-feel,dont-know,-98.1508566,19.3556095,2026-03-19T13:22:20.263Z
69bbf89016f32f3334e59a2f,696a8ac68766b3cc6ee528d4,2850d217-45bb-4a84-8175-f159c386f1ae,weak,correct,-99.81921482596644,16.929185469661924,2026-03-19T13:22:24.649Z
69bbf89316f32f3334e59a33,5aef35cbf708c49a5b070fac,2850d217-45bb-4a84-8175-f159c386f1ae,didnt-feel,dont-know,-99.078535,19.4148063,2026-03-19T13:22:27.750Z
69bbf89a9ab22f0ea43c907c,6501da4b2782600e44713d62,2850d217-45bb-4a84-8175-f159c386f1ae,didnt-feel,dont-know,-99.709287,19.5341819,2026-03-19T13:22:34.483Z
69bbf89a6e5e3458799743c7,66f6501d71ebfa935ec0b6e2,2850d217-45bb-4a84-8175-f159c386f1ae,weak,weaker,-99.1546097,19.3756251,2026-03-19T13:22:34.751Z
69bbf89f146eacf0bb9d3105,66f6501d71ebfa935ec0b6e2,2850d217-45bb-4a84-8175-f159c386f1ae,didnt-feel,weaker,-99.1546097,19.3756251,2026-03-19T13:22:39.712Z
69bbf8a08e8ac06d49ff1d8a,69581e7a82e7214c6f13d652,2850d217-45bb-4a84-8175-f159c386f1ae,didnt-feel,dont-know,-98.16936659999999,19.4174832,2026-03-19T13:22:40.083Z
69bbf8a5146eacf0bb9d3113,5a4381007b8b9db590cbac94,2850d217-45bb-4a84-8175-f159c386f1ae,didnt-feel,dont-know,-98.28057682017231,18.955832072091887,2026-03-19T13:22:45.219Z
69bbf8a6146eacf0bb9d3115,59f87302543d32d8d526b7ce,2850d217-45bb-4a84-8175-f159c386f1ae,didnt-feel,dont-know,-98.2181416,19.0669426,2026-03-19T13:22:46.613Z
69bbf8a76e5e3458799743f8,5a667c07035e0e078db5c36d,2850d217-45bb-4a84-8175-f159c386f1ae,didnt-feel,dont-know,-99.1251318,19.4316849,2026-03-19T13:22:47.891Z
69bbf8a88deb527581518cba,66f58d6a93d20205fb2b239a,2850d217-45bb-4a84-8175-f159c386f1ae,didnt-feel,dont-know,-99.132101,19.434037,2026-03-19T13:22:48.010Z
69bbf8aa16f32f3334e59a94,68bfa71e16d340827232ac3b,2850d217-45bb-4a84-8175-f159c386f1ae,didnt-feel,dont-know,-99.1589363,19.4474529,2026-03-19T13:22:50.919Z
69bbf8bf146eacf0bb9d3159,5e7a74f878b1e7000a5237e6,2850d217-45bb-4a84-8175-f159c386f1ae,didnt-feel,correct,-99.1386972,19.4139923,2026-03-19T13:23:11.225Z
69bbf8bf6e5e34587997444e,59f7e5847c71e00aeddc4b49,2850d217-45bb-4a84-8175-f159c386f1ae,didnt-feel,dont-know,-99.1270416,19.4952031,2026-03-19T13:23:11.241Z
69bbf8ca33f58ed4c61d645b,5ac9cf637377354f2127cd3a,2850d217-45bb-4a84-8175-f159c386f1ae,didnt-feel,correct,-97.93402359999999,18.8509378,2026-03-19T13:23:22.310Z
69bbf8ca6f3ec378d96f71e9,65b247fff9e4178b984bef61,2850d217-45bb-4a84-8175-f159c386f1ae,didnt-feel,dont-know,-99.1601452,19.298754799999998,2026-03-19T13:23:22.426Z
69bbf8d116d3535bc256367f,65b247fff9e4178b984bef61,2850d217-45bb-4a84-8175-f159c386f1ae,didnt-feel,dont-know,-99.1601452,19.298754799999998,2026-03-19T13:23:29.288Z
69bbf8d216d3535bc2563682,5d29d841b8b787574076081a,2850d217-45bb-4a84-8175-f159c386f1ae,didnt-feel,correct,-99.1373136,19.4302678,2026-03-19T13:23:30.332Z
69bbf8dd8e8ac06d49ff1e5c,69645401ab025787b34ef225,2850d217-45bb-4a84-8175-f159c386f1ae,didnt-feel,correct,-99.132101,19.434037,2026-03-19T13:23:41.913Z
69bbf8dd6f3ec378d96f7222,69645401ab025787b34ef225,2850d217-45bb-4a84-8175-f159c386f1ae,didnt-feel,correct,-99.132101,19.434037,2026-03-19T13:23:41.913Z
69bbf8de733b8958239fa024,63214609366f3469a658edee,2850d217-45bb-4a84-8175-f159c386f1ae,weak,weaker,-99.03568860000001,19.253413899999998,2026-03-19T13:23:42.699Z
69bbf8e833f58ed4c61d64b8,6329ae149a27c3a34700823e,2850d217-45bb-4a84-8175-f159c386f1ae,didnt-feel,dont-know,-102.19472329999999,17.9603604,2026-03-19T13:23:52.157Z
69bbf8ec733b8958239fa052,5c4f487ae7cc363749c983ac,2850d217-45bb-4a84-8175-f159c386f1ae,didnt-feel,correct,-99.1373136,19.4302678,2026-03-19T13:23:56.539Z
69bbf8ef6f3ec378d96f724d,68c021c016d340827234fa6a,2850d217-45bb-4a84-8175-f159c386f1ae,didnt-feel,dont-know,-99.23075659999999,19.3467318,2026-03-19T13:23:59.354Z
69bbf8f0733b8958239fa05a,657226ea492801425dd1d559,2850d217-45bb-4a84-8175-f159c386f1ae,didnt-feel,correct,-99.06125540000001,19.3324283,2026-03-19T13:24:00.062Z
69bbf8f36f3ec378d96f726f,632cb5277a970b0e45294946,2850d217-45bb-4a84-8175-f159c386f1ae,didnt-feel,correct,-99.1193297,19.3354179,2026-03-19T13:24:03.185Z
69bbf8f38e8ac06d49ff1eb6,632cb5277a970b0e45294946,2850d217-45bb-4a84-8175-f159c386f1ae,didnt-feel,correct,-99.1193297,19.3354179,2026-03-19T13:24:03.493Z
69bbf8f66e5e345879974516,5a13afbb49297f5a37e78893,2850d217-45bb-4a84-8175-f159c386f1ae,didnt-feel,correct,-98.8817268,19.3153104,2026-03-19T13:24:06.943Z
69bbf8fd3ae94e897384d5e6,67d4f9377e7f1aea37ae5b7e,2850d217-45bb-4a84-8175-f159c386f1ae,didnt-feel,correct,-99.132101,19.434037,2026-03-19T13:24:13.980Z
69bbf8fe33f58ed4c61d64f9,613a45e030ac1d8bcaaa00e7,2850d217-45bb-4a84-8175-f159c386f1ae,didnt-feel,correct,-99.1698933,19.3845688,2026-03-19T13:24:14.028Z
69bbf903146eacf0bb9d3201,5e1175f320fd86000a18dd0d,2850d217-45bb-4a84-8175-f159c386f1ae,didnt-feel,correct,-99.0297050960362,19.416377319423653,2026-03-19T13:24:19.242Z
69bbf909eae4277c39006bd9,5ef22cb0e02a12000abb1f8e,2850d217-45bb-4a84-8175-f159c386f1ae,didnt-feel,correct,-98.26574199999999,18.9831404,2026-03-19T13:24:25.317Z
69bbf9098deb527581518de8,5e3976a3f0eab3001f2406c4,2850d217-45bb-4a84-8175-f159c386f1ae,didnt-feel,correct,-98.1966943,19.0444606,2026-03-19T13:24:25.749Z
69bbf90a146eacf0bb9d3212,59f893b5543d32d8d526f7be,2850d217-45bb-4a84-8175-f159c386f1ae,didnt-feel,dont-know,-99.1465719,19.2840497,2026-03-19T13:24:26.061Z
69bbf90a33f58ed4c61d651c,5a877713516763ab118f037c,2850d217-45bb-4a84-8175-f159c386f1ae,didnt-feel,dont-know,-99.1313611,19.386124,2026-03-19T13:24:26.725Z
69bbf90beae4277c39006bdd,698e461bb5903dc8e4560474,2850d217-45bb-4a84-8175-f159c386f1ae,didnt-feel,dont-know,-99.18505979999999,19.3785056,2026-03-19T13:24:27.652Z
69bbf90c146eacf0bb9d3219,59ff8466dd313346a249b27b,2850d217-45bb-4a84-8175-f159c386f1ae,didnt-feel,weaker,-99.1505353,19.3804795,2026-03-19T13:24:28.795Z
69bbf90d8e8ac06d49ff1ef7,642b8d3deadc5e219c3ad21a,2850d217-45bb-4a84-8175-f159c386f1ae,didnt-feel,dont-know,-99.1738735,19.4446248,2026-03-19T13:24:29.292Z
69bbf917733b8958239fa0b4,66f615730c91352bd1c25e57,2850d217-45bb-4a84-8175-f159c386f1ae,didnt-feel,correct,-99.19517459347844,19.36481665239144,2026-03-19T13:24:39.170Z
69bbf9179ab22f0ea43c91e7,59f761f505e024e0e343cbdc,2850d217-45bb-4a84-8175-f159c386f1ae,didnt-feel,correct,-99.1177937,19.3235456,2026-03-19T13:24:39.883Z
69bbf91deae4277c39006c28,63f8c818906b720c42698b6d,2850d217-45bb-4a84-8175-f159c386f1ae,didnt-feel,weaker,-99.10549859999999,19.383251599999998,2026-03-19T13:24:45.987Z
69bbf92716f32f3334e59c08,5a179cf97a124b6c66f2161e,2850d217-45bb-4a84-8175-f159c386f1ae,didnt-feel,correct,-99.1317074,19.4748179,2026-03-19T13:24:55.235Z
69bbf92c733b8958239fa0f7,63f8c818906b720c42698b6d,2850d217-45bb-4a84-8175-f159c386f1ae,didnt-feel,weaker,-99.10549859999999,19.383251599999998,2026-03-19T13:25:00.873Z
69bbf92d86e0f5f192bd3525,66f615730c91352bd1c25e57,2850d217-45bb-4a84-8175-f159c386f1ae,didnt-feel,correct,-99.19517459347844,19.36481665239144,2026-03-19T13:25:01.397Z
69bbf9319ab22f0ea43c923f,5a88a2824b23ae79f14d7c4a,2850d217-45bb-4a84-8175-f159c386f1ae,didnt-feel,correct,-99.1214045,19.4435932,2026-03-19T13:25:05.585Z
69bbf9388deb527581518e70,6328b77431d933e2f4bbdad3,2850d217-45bb-4a84-8175-f159c386f1ae,didnt-feel,dont-know,-99.16498910000001,19.3287038,2026-03-19T13:25:12.487Z
69bbf93d733b8958239fa129,5c6a2843010ed629fb8ee40a,2850d217-45bb-4a84-8175-f159c386f1ae,didnt-feel,correct,-99.1386972,19.310878799999998,2026-03-19T13:25:17.442Z
69bbf944146eacf0bb9d32fa,67fd475597a9f11f7acd2eb0,2850d217-45bb-4a84-8175-f159c386f1ae,didnt-feel,correct,-99.2556931,19.3189566,2026-03-19T13:25:24.646Z
69bbf945eae4277c39006c92,646bd46ec993d76121b97523,2850d217-45bb-4a84-8175-f159c386f1ae,didnt-feel,correct,-98.8445455,18.985088599999997,2026-03-19T13:25:25.199Z
69bbf9458deb527581518eb6,59f757a0ae9196d83db131e4,2850d217-45bb-4a84-8175-f159c386f1ae,didnt-feel,correct,-99.0474345,19.415624899999997,2026-03-19T13:25:25.743Z
69bbf94b8e8ac06d49ff1fcc,692664b9c14dffb53b973101,2850d217-45bb-4a84-8175-f159c386f1ae,didnt-feel,dont-know,-99.6076921,18.5664121,2026-03-19T13:25:31.313Z
69bbf94c733b8958239fa14c,5b509b2a2e8f1707a23074f8,2850d217-45bb-4a84-8175-f159c386f1ae,weak,dont-know,-99.8459774,17.0154531,2026-03-19T13:25:32.077Z
69bbf95033f58ed4c61d6610,632cbf5a2d86fbd7bfef0cb1,2850d217-45bb-4a84-8175-f159c386f1ae,didnt-feel,correct,-99.1255544,19.396239299999998,2026-03-19T13:25:36.154Z
69bbf9579ab22f0ea43c92e8,5c6a2843010ed629fb8ee40a,2850d217-45bb-4a84-8175-f159c386f1ae,didnt-feel,correct,-99.1386972,19.310878799999998,2026-03-19T13:25:43.024Z
69bbf95beae4277c39006cd5,613a4dda79b96effed5a4ab4,2850d217-45bb-4a84-8175-f159c386f1ae,didnt-feel,dont-know,-99.2120432010251,19.42991803685051,2026-03-19T13:25:47.474Z
69bbf95c6f3ec378d96f742e,59f7df4d2bb0d9f4b054a442,2850d217-45bb-4a84-8175-f159c386f1ae,didnt-feel,correct,-98.2228949,19.0044191,2026-03-19T13:25:48.504Z
69bbf95e733b8958239fa181,5d40689bbecb0de372bb4900,2850d217-45bb-4a84-8175-f159c386f1ae,didnt-feel,correct,-99.1373136,19.4302678,2026-03-19T13:25:50.108Z
69bbf95e9ab22f0ea43c930a,632c466487a0782e84289dcb,2850d217-45bb-4a84-8175-f159c386f1ae,didnt-feel,dont-know,-98.2433382,19.0406966,2026-03-19T13:25:50.639Z
69bbf95f6e5e34587997469e,67fd475597a9f11f7acd2eb0,2850d217-45bb-4a84-8175-f159c386f1ae,didnt-feel,correct,-99.2556931,19.3189566,2026-03-19T13:25:51.760Z
69bbf96686e0f5f192bd3608,65d156a9d398df2a18b87bdd,2850d217-45bb-4a84-8175-f159c386f1ae,didnt-feel,dont-know,-99.132101,19.434037,2026-03-19T13:25:58.380Z
69bbf968733b8958239fa1a7,5c9ae45d2386ac21e9e2605b,2850d217-45bb-4a84-8175-f159c386f1ae,didnt-feel,weaker,-98.2463662,19.0503518,2026-03-19T13:26:00.053Z
69bbf96916f32f3334e59d22,5ce3380166cbcf6da2e18812,2850d217-45bb-4a84-8175-f159c386f1ae,didnt-feel,correct,-99.1113055,19.6979085,2026-03-19T13:26:01.746Z
69bbf96b6f3ec378d96f745c,6957f8ef3a484025f2b5da62,2850d217-45bb-4a84-8175-f159c386f1ae,didnt-feel,dont-know,-99.1930647008121,18.881796316243488,2026-03-19T13:26:03.765Z
69bbf9763ae94e897384d748,63d6b074295a4ef3760661d9,2850d217-45bb-4a84-8175-f159c386f1ae,didnt-feel,correct,-99.0726233,19.5139036,2026-03-19T13:26:14.308Z
69bbf97616d3535bc25638f9,65cf0d4ce49c480fff9b52d7,2850d217-45bb-4a84-8175-f159c386f1ae,didnt-feel,correct,-101.78229230000001,19.817901,2026-03-19T13:26:14.390Z
69bbf976146eacf0bb9d33ab,5ba2958fc780b255a27acea6,2850d217-45bb-4a84-8175-f159c386f1ae,didnt-feel,dont-know,-99.1257385,19.335252,2026-03-19T13:26:14.605Z
69bbf97716f32f3334e59d66,5a84e6e1516763ab118e4026,2850d217-45bb-4a84-8175-f159c386f1ae,didnt-feel,correct,-99.2169398,19.3649751,2026-03-19T13:26:15.357Z
69bbf9796e5e3458799746da,67c265dec380c79c9ace294c,2850d217-45bb-4a84-8175-f159c386f1ae,didnt-feel,weaker,-98.1816628,19.0289057,2026-03-19T13:26:17.232Z
69bbf97b146eacf0bb9d33b8,5baec314ceafee8d03ffa406,2850d217-45bb-4a84-8175-f159c386f1ae,didnt-feel,correct,-98.1379283,19.0322644,2026-03-19T13:26:19.084Z
69bbf9829ab22f0ea43c9363,6397c3b55698a01a9534ca29,2850d217-45bb-4a84-8175-f159c386f1ae,didnt-feel,dont-know,-99.1555962,19.2815691,2026-03-19T13:26:26.218Z
69bbf98c86e0f5f192bd36e7,5a878c56212109ec275f7a2c,2850d217-45bb-4a84-8175-f159c386f1ae,didnt-feel,dont-know,-99.0354064,19.6273979,2026-03-19T13:26:36.463Z
69bbf98d8deb527581518ff6,6969e4466c57d0c1cba24c60,2850d217-45bb-4a84-8175-f159c386f1ae,didnt-feel,correct,-98.4492703,19.2888789,2026-03-19T13:26:37.224Z
69bbf98f8deb527581518ff8,698b30a1f0d404d5d12b8452,2850d217-45bb-4a84-8175-f159c386f1ae,didnt-feel,dont-know,-99.078535,19.351454399999998,2026-03-19T13:26:39.594Z
69bbf992733b8958239fa22b,6966ceb27bb8581af957208f,2850d217-45bb-4a84-8175-f159c386f1ae,didnt-feel,correct,-98.9935558,19.6792138,2026-03-19T13:26:42.494Z
69bbf9938deb527581519014,688e5609dcdcd5cdc9d684f2,2850d217-45bb-4a84-8175-f159c386f1ae,weak,correct,-99.5030548,17.5538841,2026-03-19T13:26:43.233Z
69bbf9969ab22f0ea43c9390,5de68ebedc5273e065082498,2850d217-45bb-4a84-8175-f159c386f1ae,didnt-feel,dont-know,-99.1684492,19.463314699999998,2026-03-19T13:26:46.404Z
69bbf9988e8ac06d49ff20d8,6966ceb27bb8581af957208f,2850d217-45bb-4a84-8175-f159c386f1ae,didnt-feel,correct,-98.9935558,19.6792138,2026-03-19T13:26:48.476Z
69bbf99b33f58ed4c61d66e3,59f74c54ae9196d83db1145d,2850d217-45bb-4a84-8175-f159c386f1ae,didnt-feel,dont-know,-98.28989734257172,18.962006782702225,2026-03-19T13:26:51.798Z
69bbf99b6e5e345879974745,697542c89b528e8f7e9de285,2850d217-45bb-4a84-8175-f159c386f1ae,didnt-feel,correct,-99.0636744,19.4726495,2026-03-19T13:26:51.857Z
69bbf99c16d3535bc256399a,5ef2211926695a000ad81c37,2850d217-45bb-4a84-8175-f159c386f1ae,didnt-feel,dont-know,-99.1373136,19.4302678,2026-03-19T13:26:52.498Z
69bbf9a233f58ed4c61d66fa,65395576cd16440107dd89dd,2850d217-45bb-4a84-8175-f159c386f1ae,weak,correct,-99.18159899999999,18.6097531,2026-03-19T13:26:58.305Z
69bbf9a2733b8958239fa262,69890629b08fac8ba4af2dbd,2850d217-45bb-4a84-8175-f159c386f1ae,didnt-feel,weaker,-102.3038455,17.9993929,2026-03-19T13:26:58.948Z
69bbf9a36e5e345879974756,5a8c4664302901557dca5b5d,2850d217-45bb-4a84-8175-f159c386f1ae,didnt-feel,weaker,-98.24590979999999,19.0540643,2026-03-19T13:26:59.036Z
69bbf9b6146eacf0bb9d3472,6146c38f77b97005b2713874,2850d217-45bb-4a84-8175-f159c386f1ae,didnt-feel,dont-know,-99.2311029,19.3625461,2026-03-19T13:27:18.861Z
69bbf9b816f32f3334e59e40,5c55367e6a59529e16699976,2850d217-45bb-4a84-8175-f159c386f1ae,weak,correct,-99.146999,19.2957335,2026-03-19T13:27:20.502Z
69bbf9bd3ae94e897384d855,5c55367e6a59529e16699976,2850d217-45bb-4a84-8175-f159c386f1ae,weak,correct,-99.146999,19.2957335,2026-03-19T13:27:25.523Z
69bbf9bd86e0f5f192bd37ba,6957d8db015ecc1e99b95017,2850d217-45bb-4a84-8175-f159c386f1ae,didnt-feel,correct,-99.18091302256128,19.46046413590314,2026-03-19T13:27:25.525Z
69bbf9be16d3535bc2563a1b,59f8d3fe879b74cfcf2baa63,2850d217-45bb-4a84-8175-f159c386f1ae,didnt-feel,dont-know,-99.1698933,19.3845688,2026-03-19T13:27:26.625Z
69bbf9c233f58ed4c61d675d,698bf81cf0d404d5d1352f76,2850d217-45bb-4a84-8175-f159c386f1ae,didnt-feel,correct,-99.48344349861145,17.289634943374562,2026-03-19T13:27:30.211Z
69bbf9c333f58ed4c61d6760,59f7552aae9196d83db12ca0,2850d217-45bb-4a84-8175-f159c386f1ae,didnt-feel,correct,-99.1441815,19.3350489,2026-03-19T13:27:31.470Z
69bbf9c716d3535bc2563a2c,6144089b2426021a7445080a,2850d217-45bb-4a84-8175-f159c386f1ae,didnt-feel,correct,-99.1380054,19.326379199999998,2026-03-19T13:27:35.468Z
69bbf9d733f58ed4c61d67b3,59f9b9e6543d32d8d52790ef,2850d217-45bb-4a84-8175-f159c386f1ae,didnt-feel,correct,-97.1029521,18.8483845,2026-03-19T13:27:51.896Z
69bbf9dc6e5e34587997485a,60d14b61a857aa928514c733,2850d217-45bb-4a84-8175-f159c386f1ae,didnt-feel,correct,-99.2207479,19.3419351,2026-03-19T13:27:56.154Z
69bbf9dd3ae94e897384d8b5,59f67c5826457201db66be1d,2850d217-45bb-4a84-8175-f159c386f1ae,didnt-feel,correct,-99.2501259,18.9732913,2026-03-19T13:27:57.661Z
69bbf9e09ab22f0ea43c9513,695803a082e7214c6f1363fe,2850d217-45bb-4a84-8175-f159c386f1ae,weak,correct,-99.8669115,16.8758213,2026-03-19T13:28:00.783Z
69bbf9f716d3535bc2563aa6,632f3774fe84d52c3613e08d,2850d217-45bb-4a84-8175-f159c386f1ae,didnt-feel,dont-know,-98.1652683,19.091576099999997,2026-03-19T13:28:23.060Z
69bbf9f733f58ed4c61d6849,632d30e8c3ae45bc39d0da04,2850d217-45bb-4a84-8175-f159c386f1ae,didnt-feel,correct,-99.1668002,19.3838043,2026-03-19T13:28:23.358Z
69bbf9fd9ab22f0ea43c958b,6234f17d7f28751da7275b33,2850d217-45bb-4a84-8175-f159c386f1ae,didnt-feel,dont-know,-99.1483827,19.417923200000004,2026-03-19T13:28:29.467Z
69bbfa0233f58ed4c61d68a5,5a199bbc5ca2e1ec18264db7,2850d217-45bb-4a84-8175-f159c386f1ae,didnt-feel,correct,-98.9485385560804,18.914527160386115,2026-03-19T13:28:34.479Z
69bbfa026e5e3458799748cd,60e07800ffa455588dc4cb78,2850d217-45bb-4a84-8175-f159c386f1ae,didnt-feel,correct,-99.1165633,19.4268936,2026-03-19T13:28:34.603Z
69bbfa058e8ac06d49ff224c,5a55487c035e0e078db52240,2850d217-45bb-4a84-8175-f159c386f1ae,didnt-feel,dont-know,-99.1251318,19.4316849,2026-03-19T13:28:37.977Z
69bbfa078deb5275815191ae,632c4010a7496ee3c41ed596,2850d217-45bb-4a84-8175-f159c386f1ae,didnt-feel,correct,-99.0930528,19.668296599999998,2026-03-19T13:28:39.751Z
69bbfa1016d3535bc2563ad7,66f6bd4a3ff1d09aca66f353,2850d217-45bb-4a84-8175-f159c386f1ae,didnt-feel,dont-know,-99.132101,19.434037,2026-03-19T13:28:48.994Z
69bbfa126e5e3458799748f8,695950a4abb32b3587c3f156,2850d217-45bb-4a84-8175-f159c386f1ae,didnt-feel,dont-know,-98.48561850000002,19.0711948,2026-03-19T13:28:50.073Z
69bbfa1216d3535bc2563ade,66cf202f4388c0f27964f1a4,2850d217-45bb-4a84-8175-f159c386f1ae,weak,dont-know,-98.82384354248643,19.068622339456912,2026-03-19T13:28:50.662Z
69bbfa1416f32f3334e59f5e,673c093ce5dac996ae76076d,2850d217-45bb-4a84-8175-f159c386f1ae,didnt-feel,dont-know,-99.25396119999999,19.456380799999998,2026-03-19T13:28:52.007Z
69bbfa179ab22f0ea43c95d1,642b8df52c899c3493b4ab96,2850d217-45bb-4a84-8175-f159c386f1ae,didnt-feel,dont-know,-99.0583756,19.4594202,2026-03-19T13:28:55.532Z
69bbfa196e5e345879974916,5c54774221fc6caa26f6123e,2850d217-45bb-4a84-8175-f159c386f1ae,didnt-feel,correct,-99.5923868,19.2536973,2026-03-19T13:28:57.687Z
69bbfa1b8deb5275815191f6,67bf7909a50ea6d9f434508d,2850d217-45bb-4a84-8175-f159c386f1ae,weak,correct,-99.502004,17.5539614,2026-03-19T13:28:59.241Z
69bbfa1c146eacf0bb9d35d4,632c57d598e0160284f4244e,2850d217-45bb-4a84-8175-f159c386f1ae,didnt-feel,correct,-98.2317887,19.0435524,2026-03-19T13:29:00.179Z
69bbfa1e9ab22f0ea43c95dd,642c327025098df0bdf6bd5f,2850d217-45bb-4a84-8175-f159c386f1ae,didnt-feel,correct,-98.2732659,19.094128299999998,2026-03-19T13:29:02.884Z
69bbfa2133f58ed4c61d68da,66cf202f4388c0f27964f1a4,2850d217-45bb-4a84-8175-f159c386f1ae,weak,dont-know,-98.82384354248643,19.068622339456912,2026-03-19T13:29:05.072Z
69bbfa256e5e345879974952,61384cf9e99cc1450e7b3a43,2850d217-45bb-4a84-8175-f159c386f1ae,didnt-feel,dont-know,-99.0251533,19.3469308,2026-03-19T13:29:09.517Z
69bbfa263ae94e897384d96f,67d4f94d10ffb03117ae5393,2850d217-45bb-4a84-8175-f159c386f1ae,didnt-feel,dont-know,-99.14769079999999,19.393651,2026-03-19T13:29:10.545Z
69bbfa2716d3535bc2563b29,65e75d1d21f9845634750eb9,2850d217-45bb-4a84-8175-f159c386f1ae,weak,correct,-101.0317488,17.3363884,2026-03-19T13:29:11.467Z
69bbfa2886e0f5f192bd38e8,59f7be19befbd485b6bf8950,2850d217-45bb-4a84-8175-f159c386f1ae,didnt-feel,correct,-99.1703884,19.4120868,2026-03-19T13:29:12.855Z
69bbfa2f33f58ed4c61d696c,69a7034dee1e994566aa58b9,2850d217-45bb-4a84-8175-f159c386f1ae,didnt-feel,dont-know,-98.25038054957986,19.207869411753276,2026-03-19T13:29:19.917Z
69bbfa3616f32f3334e59fc0,6539db5480de04375179f9b0,2850d217-45bb-4a84-8175-f159c386f1ae,didnt-feel,dont-know,-99.132101,19.434037,2026-03-19T13:29:26.996Z
69bbfa37eae4277c3900707b,6441af326063281df5fb1344,2850d217-45bb-4a84-8175-f159c386f1ae,didnt-feel,dont-know,-99.1895591,19.3653898,2026-03-19T13:29:27.967Z
69bbfa38146eacf0bb9d3645,632efbadfe84d5aa79122ffc,2850d217-45bb-4a84-8175-f159c386f1ae,didnt-feel,dont-know,-99.2215119,19.4842001,2026-03-19T13:29:28.413Z
69bbfa3816f32f3334e59fcf,5b40b5ed3456dbd03e77b716,2850d217-45bb-4a84-8175-f159c386f1ae,didnt-feel,correct,-99.11950259999999,19.3893619,2026-03-19T13:29:28.952Z
69bbfa39733b8958239fa4f9,686863fab5baecb4c294bfeb,2850d217-45bb-4a84-8175-f159c386f1ae,didnt-feel,dont-know,-99.16360510000001,19.4392516,2026-03-19T13:29:29.587Z
69bbfa3f8e8ac06d49ff2383,688e7e09f06c5ce3ae8d2372,2850d217-45bb-4a84-8175-f159c386f1ae,didnt-feel,correct,-99.1250926,19.4767378,2026-03-19T13:29:35.055Z
69bbfa41733b8958239fa51b,6395f6385cbd3804f65d1b15,2850d217-45bb-4a84-8175-f159c386f1ae,didnt-feel,correct,-98.1822419,19.0567718,2026-03-19T13:29:37.041Z
69bbfa436e5e345879974991,5ba1506d7d3948a594eaf2f9,2850d217-45bb-4a84-8175-f159c386f1ae,didnt-feel,dont-know,-98.22539929999999,19.0122167,2026-03-19T13:29:39.430Z
69bbfa478e8ac06d49ff2393,5b40b5ed3456dbd03e77b716,2850d217-45bb-4a84-8175-f159c386f1ae,didnt-feel,correct,-99.11950259999999,19.3893619,2026-03-19T13:29:43.394Z
69bbfa498deb5275815192cb,69bb9ba73ae94e8973840488,2850d217-45bb-4a84-8175-f159c386f1ae,didnt-feel,dont-know,-98.4046522,16.6794677,2026-03-19T13:29:45.704Z
69bbfa4b33f58ed4c61d6a37,68bf9a179422b676643761af,2850d217-45bb-4a84-8175-f159c386f1ae,didnt-feel,dont-know,-99.0271812,19.4943878,2026-03-19T13:29:47.920Z
69bbfa4d16f32f3334e5a023,66372e2779f891627ac73179,2850d217-45bb-4a84-8175-f159c386f1ae,didnt-feel,correct,-101.1504111,19.825062700000004,2026-03-19T13:29:49.850Z
69bbfa4e16d3535bc2563bfd,632c6c518442380f5731a774,2850d217-45bb-4a84-8175-f159c386f1ae,didnt-feel,dont-know,-99.1293991,19.2981129,2026-03-19T13:29:50.564Z
69bbfa4feae4277c390070cd,5cb822a72afe75db43a587f7,2850d217-45bb-4a84-8175-f159c386f1ae,didnt-feel,correct,-99.098584,19.402751,2026-03-19T13:29:51.800Z
69bbfa548e8ac06d49ff23b0,68ba87c919ccef75f2158fa8,2850d217-45bb-4a84-8175-f159c386f1ae,didnt-feel,correct,-99.2266013,19.2688947,2026-03-19T13:29:56.603Z
69bbfa5b16d3535bc2563c2c,632c02d65f77dff4a121f31c,2850d217-45bb-4a84-8175-f159c386f1ae,weak,correct,-99.1680155,19.4313163,2026-03-19T13:30:03.151Z
69bbfa5c86e0f5f192bd39da,59f87c24879b74cfcf2b4ee0,2850d217-45bb-4a84-8175-f159c386f1ae,didnt-feel,correct,-99.16360510000001,19.353812899999998,2026-03-19T13:30:04.889Z
69bbfa5feae4277c390070ee,5ad733c0f7625d1155491ca4,2850d217-45bb-4a84-8175-f159c386f1ae,didnt-feel,dont-know,-99.1499789,19.3625435,2026-03-19T13:30:07.121Z
69bbfa5f146eacf0bb9d36d8,5a5548fe035e0e078db52335,2850d217-45bb-4a84-8175-f159c386f1ae,didnt-feel,correct,-99.0267076,19.5537188,2026-03-19T13:30:07.690Z
69bbfa61146eacf0bb9d36df,68cd893895d3ad801b68daa1,2850d217-45bb-4a84-8175-f159c386f1ae,didnt-feel,dont-know,-98.9894128,19.3743038,2026-03-19T13:30:09.831Z
69bbfa668e8ac06d49ff23dd,60dbcda0cdbcff91b5c1eff2,2850d217-45bb-4a84-8175-f159c386f1ae,didnt-feel,correct,-99.0474345,19.5099377,2026-03-19T13:30:14.928Z
69bbfa6b8deb527581519334,632c72020f5da5a8d50d000f,2850d217-45bb-4a84-8175-f159c386f1ae,didnt-feel,correct,-101.2048437,19.7076108,2026-03-19T13:30:19.848Z
69bbfa7286e0f5f192bd3a53,632d1d1315e87e5bef686a2c,2850d217-45bb-4a84-8175-f159c386f1ae,didnt-feel,correct,-99.13219099999999,19.4396402,2026-03-19T13:30:26.032Z
69bbfa7d146eacf0bb9d372c,631183320ed17db78f392190,2850d217-45bb-4a84-8175-f159c386f1ae,didnt-feel,dont-know,-99.08683049999999,19.6251276,2026-03-19T13:30:37.246Z
69bbfa839ab22f0ea43c9745,656ce20f46b7c83f8902a227,2850d217-45bb-4a84-8175-f159c386f1ae,didnt-feel,correct,-99.2420819,19.537746,2026-03-19T13:30:43.517Z
69bbfa8d3ae94e897384dab9,59f6bd606f0e9f1ee71d8905,2850d217-45bb-4a84-8175-f159c386f1ae,didnt-feel,dont-know,-99.07023369999999,19.413691399999998,2026-03-19T13:30:53.723Z
69bbfa96eae4277c390071a5,69702700d2c254959a8a93b9,2850d217-45bb-4a84-8175-f159c386f1ae,didnt-feel,correct,-98.26574199999999,18.9831404,2026-03-19T13:31:02.830Z
69bbfa9f9ab22f0ea43c97b9,67a8046a35af82f1cea9d84a,2850d217-45bb-4a84-8175-f159c386f1ae,didnt-feel,dont-know,-98.2281337,19.003247899999998,2026-03-19T13:31:11.502Z
69bbfaa0733b8958239fa650,65223c50dad0de3e8de34878,2850d217-45bb-4a84-8175-f159c386f1ae,didnt-feel,dont-know,-99.1276295,19.3821398,2026-03-19T13:31:12.012Z
69bbfaa36e5e345879974ad1,69b4efc74529cf488d5e5709,2850d217-45bb-4a84-8175-f159c386f1ae,didnt-feel,correct,-99.2313616,19.3741166,2026-03-19T13:31:15.580Z
69bbfaa43ae94e897384daf6,59f66bf1178b28f9fbf377a9,2850d217-45bb-4a84-8175-f159c386f1ae,didnt-feel,dont-know,-99.2684107,19.4059785,2026-03-19T13:31:16.579Z
69bbfaa5733b8958239fa65f,6572294fe80ebbae1bfad46d,2850d217-45bb-4a84-8175-f159c386f1ae,didnt-feel,dont-know,-99.09535618498921,19.478479409858892,2026-03-19T13:31:17.315Z
69bbfaa5146eacf0bb9d37de,59f6bd606f0e9f1ee71d8905,2850d217-45bb-4a84-8175-f159c386f1ae,didnt-feel,dont-know,-99.07023369999999,19.413691399999998,2026-03-19T13:31:17.987Z
69bbfaaa86e0f5f192bd3b10,6550709a80de042187f4904b,2850d217-45bb-4a84-8175-f159c386f1ae,didnt-feel,correct,-99.21111999079585,19.6897581720202,2026-03-19T13:31:22.347Z
69bbfaae33f58ed4c61d6b88,61e5c5a4c60947feb5cea913,2850d217-45bb-4a84-8175-f159c386f1ae,didnt-feel,dont-know,-99.1746778,19.4445835,2026-03-19T13:31:26.960Z
69bbfab1eae4277c3900722e,59f87412d865af09198cf644,2850d217-45bb-4a84-8175-f159c386f1ae,didnt-feel,dont-know,-99.12624609999999,19.3542204,2026-03-19T13:31:29.936Z
69bbfab48e8ac06d49ff24e0,6109ffc196690441db4dbc5f,2850d217-45bb-4a84-8175-f159c386f1ae,didnt-feel,dont-know,-98.7637226,20.1085109,2026-03-19T13:31:32.014Z
69bbfabb733b8958239fa69c,5a8accabb68863f415262125,2850d217-45bb-4a84-8175-f159c386f1ae,didnt-feel,dont-know,-98.1960691,19.0063402,2026-03-19T13:31:39.743Z
69bbfabb8deb52758151943e,5a02428f1145d83efcb84a0d,2850d217-45bb-4a84-8175-f159c386f1ae,didnt-feel,dont-know,-96.08245680768671,19.074542843932136,2026-03-19T13:31:39.915Z
69bbfacd146eacf0bb9d38c0,5ab4fe108874a49c9b1b6553,2850d217-45bb-4a84-8175-f159c386f1ae,didnt-feel,correct,-99.0965097,19.4964191,2026-03-19T13:31:57.939Z
69bbface8e8ac06d49ff2511,69b4e12c11992b69f7cf7db8,2850d217-45bb-4a84-8175-f159c386f1ae,didnt-feel,correct,-99.132101,19.434037,2026-03-19T13:31:58.448Z
69bbfad016d3535bc2563d69,59f7c8a3a5c308a4139426a4,2850d217-45bb-4a84-8175-f159c386f1ae,didnt-feel,dont-know,-99.24807279999999,18.682937,2026-03-19T13:32:00.955Z
69bbfad586e0f5f192bd3b79,59f6c016178b28f9fbf3e05e,2850d217-45bb-4a84-8175-f159c386f1ae,didnt-feel,weaker,-99.1293587,19.3021418,2026-03-19T13:32:05.108Z
69bbfad5146eacf0bb9d38d0,5b624c391191bc7fb51e2b8c,2850d217-45bb-4a84-8175-f159c386f1ae,didnt-feel,correct,-99.586822,18.965714,2026-03-19T13:32:05.851Z
69bbfad79ab22f0ea43c9859,6338c8eb0b01f3e5848447d4,2850d217-45bb-4a84-8175-f159c386f1ae,didnt-feel,correct,-99.2506887,19.3136589,2026-03-19T13:32:07.388Z
69bbfad8eae4277c39007286,6440262bfdfff05452767f6d,2850d217-45bb-4a84-8175-f159c386f1ae,didnt-feel,dont-know,-98.29089234803477,18.958292036435765,2026-03-19T13:32:08.641Z
69bbfae3146eacf0bb9d3910,5abd57fb0162b16d8a90459e,2850d217-45bb-4a84-8175-f159c386f1ae,didnt-feel,correct,-99.1130431,19.3927365,2026-03-19T13:32:19.682Z
69bbfae916f32f3334e5a237,5d30c183b8b78757407ad606,2850d217-45bb-4a84-8175-f159c386f1ae,didnt-feel,dont-know,-99.199262,19.4041118,2026-03-19T13:32:25.631Z
69bbfaec6e5e345879974bc4,67af73ae65598be317575c04,2850d217-45bb-4a84-8175-f159c386f1ae,weak,correct,-99.1276295,19.279031,2026-03-19T13:32:28.703Z
69bbfaec16f32f3334e5a23f,69a06adf56c1eb676eba37a2,2850d217-45bb-4a84-8175-f159c386f1ae,didnt-feel,weaker,-99.132101,19.434037,2026-03-19T13:32:28.999Z
69bbfaf06e5e345879974bce,69a06adf56c1eb676eba37a2,2850d217-45bb-4a84-8175-f159c386f1ae,didnt-feel,weaker,-99.132101,19.434037,2026-03-19T13:32:32.483Z
69bbfaf516d3535bc2563e08,5a416881c8ba9f2af39a0bce,2850d217-45bb-4a84-8175-f159c386f1ae,didnt-feel,dont-know,-99.5423165,18.9915467,2026-03-19T13:32:37.800Z
69bbfb0016d3535bc2563e4a,64ed2f8644f62d02d5f1fe81,2850d217-45bb-4a84-8175-f159c386f1ae,didnt-feel,dont-know,-99.13400446996093,19.43057267955493,2026-03-19T13:32:48.433Z
69bbfb008deb527581519515,5eb3146787a878000abe1598,2850d217-45bb-4a84-8175-f159c386f1ae,didnt-feel,dont-know,-99.1386972,19.4522974,2026-03-19T13:32:48.442Z
69bbfb02eae4277c3900735c,67b39925af2383d75b87ca0d,2850d217-45bb-4a84-8175-f159c386f1ae,didnt-feel,dont-know,-98.9769851,19.4264968,2026-03-19T13:32:50.542Z
69bbfb03733b8958239fa812,650a5a42691e1f6852200de9,2850d217-45bb-4a84-8175-f159c386f1ae,didnt-feel,correct,-99.132101,19.434037,2026-03-19T13:32:51.122Z
69bbfb066e5e345879974c1c,5f5a401ed435ac000a919ec3,2850d217-45bb-4a84-8175-f159c386f1ae,didnt-feel,correct,-99.114471,19.4046656,2026-03-19T13:32:54.023Z
69bbfb0a33f58ed4c61d6d03,6975357acdf8534c82ae75cc,2850d217-45bb-4a84-8175-f159c386f1ae,moderate,stronger,-99.8627243,16.9504277,2026-03-19T13:32:58.304Z
69bbfb0a16d3535bc2563e62,5b448a028764655d65c18418,2850d217-45bb-4a84-8175-f159c386f1ae,didnt-feel,dont-know,-99.1248628,19.4736233,2026-03-19T13:32:58.957Z
69bbfb0b9ab22f0ea43c9928,69116d6e00dd540b59b79e28,2850d217-45bb-4a84-8175-f159c386f1ae,didnt-feel,dont-know,-99.1290346,19.4010799,2026-03-19T13:32:59.634Z
69bbfb163ae94e897384dc46,662ac4bed201798f94a18733,2850d217-45bb-4a84-8175-f159c386f1ae,weak,correct,-99.14154851809144,19.42153011581741,2026-03-19T13:33:10.630Z
69bbfb189ab22f0ea43c995b,5e25dda07e3fda3378e98a45,2850d217-45bb-4a84-8175-f159c386f1ae,didnt-feel,correct,-99.08337399999999,19.6348836,2026-03-19T13:33:12.213Z
69bbfb2b9ab22f0ea43c999d,63d2bff30b3ebcfb8980317c,2850d217-45bb-4a84-8175-f159c386f1ae,didnt-feel,dont-know,-99.1539178,19.394073400000003,2026-03-19T13:33:31.632Z
69bbfb2d146eacf0bb9d3a49,61736d4223dd66608822d69b,2850d217-45bb-4a84-8175-f159c386f1ae,didnt-feel,dont-know,-99.113889,19.416667,2026-03-19T13:33:33.778Z
69bbfb353ae94e897384dcc3,6957fe977c07f55659ee594a,2850d217-45bb-4a84-8175-f159c386f1ae,didnt-feel,correct,-98.9636298827827,18.90228753124343,2026-03-19T13:33:41.976Z
69bbfb39eae4277c39007421,632c8a5abaf1a64fc74d63ff,2850d217-45bb-4a84-8175-f159c386f1ae,didnt-feel,dont-know,-99.1653225,19.2977262,2026-03-19T13:33:45.846Z
69bbfb3b16f32f3334e5a431,69b77e34705938192a4c7c7a,2850d217-45bb-4a84-8175-f159c386f1ae,didnt-feel,correct,-99.10549859999999,19.383251599999998,2026-03-19T13:33:47.242Z
69bbfb3c86e0f5f192bd3d12,59fb434c728a60c734571806,2850d217-45bb-4a84-8175-f159c386f1ae,didnt-feel,dont-know,-99.080109,19.4055655,2026-03-19T13:33:48.031Z
69bbfb3f3ae94e897384dce8,688ea920982b261232b6ce30,2850d217-45bb-4a84-8175-f159c386f1ae,weak,correct,-98.2349701,19.143041999999998,2026-03-19T13:33:51.582Z
69bbfb4716f32f3334e5a461,696d8b7cecdc16cf46354820,2850d217-45bb-4a84-8175-f159c386f1ae,didnt-feel,correct,-99.21413659999999,19.447734399999998,2026-03-19T13:33:59.113Z
69bbfb4b16d3535bc2563f2b,6239cb7d0b8473bec613f175,2850d217-45bb-4a84-8175-f159c386f1ae,didnt-feel,dont-know,-99.0937441,19.4950848,2026-03-19T13:34:03.319Z
69bbfb4d6e5e345879974d0e,6329f3e44abe557745c7a3db,2850d217-45bb-4a84-8175-f159c386f1ae,didnt-feel,dont-know,-99.1186381,19.4127929,2026-03-19T13:34:05.080Z
69bbfb5416d3535bc2563f84,59f675d226457201db66b83e,2850d217-45bb-4a84-8175-f159c386f1ae,didnt-feel,correct,-99.2834093,19.4471389,2026-03-19T13:34:12.707Z
69bbfb558deb52758151968b,59f64782178b28f9fbf35d2f,2850d217-45bb-4a84-8175-f159c386f1ae,didnt-feel,correct,-99.16083719999999,19.4276061,2026-03-19T13:34:13.231Z
69bbfb556e5e345879974d2e,69a27fa0a1cb9629733841b1,2850d217-45bb-4a84-8175-f159c386f1ae,didnt-feel,correct,-97.6706182,17.2940695,2026-03-19T13:34:13.404Z
69bbfb5b8deb5275815196a0,59faccb0728a60c73456ccbb,2850d217-45bb-4a84-8175-f159c386f1ae,didnt-feel,dont-know,-99.04190679999999,19.5161099,2026-03-19T13:34:19.230Z
69bbfb5e3ae94e897384dd3e,6958d38d2beb6e80b3a9ffa5,2850d217-45bb-4a84-8175-f159c386f1ae,didnt-feel,correct,-98.18439550000001,19.0140378,2026-03-19T13:34:22.794Z
69bbfb6716d3535bc2563fff,5a416f2fdc03ee737754743e,2850d217-45bb-4a84-8175-f159c386f1ae,weak,correct,-99.33746136482574,18.30577344169598,2026-03-19T13:34:31.869Z
69bbfb6a8deb5275815196da,66ed860e6e1986b3169a2224,2850d217-45bb-4a84-8175-f159c386f1ae,didnt-feel,dont-know,-101.2998586,19.6901911,2026-03-19T13:34:34.278Z
69bbfb7486e0f5f192bd3e02,698d5be1f0d404d5d13d65f2,2850d217-45bb-4a84-8175-f159c386f1ae,moderate,stronger,-99.371471,17.4694224,2026-03-19T13:34:44.020Z
69bbfb786e5e345879974dd7,5ba290b36fb8ec61d001abf1,2850d217-45bb-4a84-8175-f159c386f1ae,didnt-feel,dont-know,-99.132101,19.434037,2026-03-19T13:34:48.945Z
69bbfb7aeae4277c39007573,5a15f6bd49297f5a37e7a365,2850d217-45bb-4a84-8175-f159c386f1ae,weak,correct,-99.8632317,16.8613757,2026-03-19T13:34:50.736Z
69bbfb8816d3535bc2564052,60d0bb3653f120d7f3f54a99,2850d217-45bb-4a84-8175-f159c386f1ae,didnt-feel,correct,-99.1732026,19.4557875,2026-03-19T13:35:04.426Z
69bbfb886e5e345879974e43,59f7f98d7c71e00aeddc66e1,2850d217-45bb-4a84-8175-f159c386f1ae,weak,dont-know,-99.1315439,19.4835705,2026-03-19T13:35:04.674Z
69bbfb88eae4277c390075b1,698ac7a2b8bafe0d52e6784a,2850d217-45bb-4a84-8175-f159c386f1ae,didnt-feel,dont-know,-98.2664259,19.0752648,2026-03-19T13:35:04.697Z
69bbfb8916f32f3334e5a589,59f743ea94b604ee748e4b09,2850d217-45bb-4a84-8175-f159c386f1ae,didnt-feel,correct,-99.16914129999999,19.4301322,2026-03-19T13:35:05.180Z
69bbfb8a33f58ed4c61d6f17,5f2b1520ae4855000a816a4c,2850d217-45bb-4a84-8175-f159c386f1ae,didnt-feel,correct,-99.5923868,19.2536973,2026-03-19T13:35:06.211Z
69bbfb8c16d3535bc256405e,59f7f98d7c71e00aeddc66e1,2850d217-45bb-4a84-8175-f159c386f1ae,weak,dont-know,-99.1315439,19.4835705,2026-03-19T13:35:08.323Z
69bbfb8d3ae94e897384de3a,59f7f98d7c71e00aeddc66e1,2850d217-45bb-4a84-8175-f159c386f1ae,weak,dont-know,-99.1315439,19.4835705,2026-03-19T13:35:09.027Z
69bbfb8deae4277c390075bb,59f7f98d7c71e00aeddc66e1,2850d217-45bb-4a84-8175-f159c386f1ae,weak,dont-know,-99.1315439,19.4835705,2026-03-19T13:35:09.346Z
69bbfb8d3ae94e897384de3c,59f7f98d7c71e00aeddc66e1,2850d217-45bb-4a84-8175-f159c386f1ae,weak,dont-know,-99.1315439,19.4835705,2026-03-19T13:35:09.546Z
69bbfb90733b8958239fa9f0,687d44a8257820cc46eb45c2,2850d217-45bb-4a84-8175-f159c386f1ae,didnt-feel,correct,-99.132101,19.434037,2026-03-19T13:35:12.956Z
69bbfb9516f32f3334e5a5a5,60d0bb3653f120d7f3f54a99,2850d217-45bb-4a84-8175-f159c386f1ae,didnt-feel,correct,-99.1732026,19.4557875,2026-03-19T13:35:17.208Z
69bbfb95733b8958239fa9fc,689ac52e5bc06e2d0b622c0d,2850d217-45bb-4a84-8175-f159c386f1ae,didnt-feel,correct,-99.1354814,19.4514314,2026-03-19T13:35:17.581Z
69bbfba016d3535bc2564095,6969e92457aa7534b66f5a26,2850d217-45bb-4a84-8175-f159c386f1ae,didnt-feel,dont-know,-99.132101,19.434037,2026-03-19T13:35:28.731Z
69bbfba78deb5275815197e1,632cb5df855b578a082e45ae,2850d217-45bb-4a84-8175-f159c386f1ae,didnt-feel,dont-know,-99.1430838,19.4589134,2026-03-19T13:35:35.062Z
69bbfbae33f58ed4c61d6f6b,6969e92457aa7534b66f5a26,2850d217-45bb-4a84-8175-f159c386f1ae,didnt-feel,dont-know,-99.132101,19.434037,2026-03-19T13:35:42.394Z
69bbfbbe733b8958239faa79,59f6a35492c50710c3ed06ed,2850d217-45bb-4a84-8175-f159c386f1ae,didnt-feel,correct,-99.0606144,19.4675766,2026-03-19T13:35:58.257Z
69bbfbbfeae4277c3900763a,6783859f6dc7adac218df78a,2850d217-45bb-4a84-8175-f159c386f1ae,didnt-feel,dont-know,-99.06194649999999,19.4259508,2026-03-19T13:35:59.214Z
69bbfbcb9ab22f0ea43c9c26,5f0d338a48de28000d91f257,2850d217-45bb-4a84-8175-f159c386f1ae,didnt-feel,dont-know,-99.1373136,19.4302678,2026-03-19T13:36:11.329Z
69bbfbcf6e5e345879974f80,632c97ae2ba2e0bdf803467b,2850d217-45bb-4a84-8175-f159c386f1ae,didnt-feel,dont-know,-99.0863809,19.4535128,2026-03-19T13:36:15.734Z
69bbfbdb146eacf0bb9d3cff,6821059f01d2bbcd3348ce06,2850d217-45bb-4a84-8175-f159c386f1ae,didnt-feel,correct,-99.132101,19.434037,2026-03-19T13:36:27.771Z
69bbfbdd146eacf0bb9d3d07,59f735f526457201db6754c3,2850d217-45bb-4a84-8175-f159c386f1ae,didnt-feel,dont-know,-99.2272939,19.5332442,2026-03-19T13:36:29.787Z
69bbfbe53ae94e897384df71,5b0d9c6286c6f475dca49b58,2850d217-45bb-4a84-8175-f159c386f1ae,didnt-feel,correct,-99.18505979999999,19.4860437,2026-03-19T13:36:37.657Z
69bbfbe5146eacf0bb9d3d24,5afd8bccc6ed39828bff8586,2850d217-45bb-4a84-8175-f159c386f1ae,didnt-feel,dont-know,-99.1594532,19.417363899999998,2026-03-19T13:36:37.877Z
69bbfbea86e0f5f192bd3fce,5a877dbf212109ec275ee8af,2850d217-45bb-4a84-8175-f159c386f1ae,didnt-feel,dont-know,-99.17067654014711,19.390107373055002,2026-03-19T13:36:42.687Z
69bbfbec733b8958239fab2b,59f9c9699c735c1b5b27db99,2850d217-45bb-4a84-8175-f159c386f1ae,didnt-feel,correct,-99.03776119999999,19.299713399999998,2026-03-19T13:36:44.827Z
69bbfbee33f58ed4c61d70b6,613824330a98b3aca2f7a2a4,2850d217-45bb-4a84-8175-f159c386f1ae,didnt-feel,correct,-99.1999431,19.4819715,2026-03-19T13:36:46.682Z
69bbfbf3733b8958239fab3b,5afd8bccc6ed39828bff8586,2850d217-45bb-4a84-8175-f159c386f1ae,didnt-feel,dont-know,-99.1594532,19.417363899999998,2026-03-19T13:36:51.978Z
69bbfc016e5e34587997500c,698acbffa7e518b123929a1d,2850d217-45bb-4a84-8175-f159c386f1ae,didnt-feel,weaker,-99.176062,18.898293100000004,2026-03-19T13:37:05.945Z
69bbfc0e9ab22f0ea43c9cef,5fa7fb7a45abaf000a99d688,2850d217-45bb-4a84-8175-f159c386f1ae,weak,correct,-100.4676887,17.137309,2026-03-19T13:37:18.385Z
69bbfc0e6e5e345879975027,692ca28646befff81e0c7a5f,2850d217-45bb-4a84-8175-f159c386f1ae,didnt-feel,dont-know,-99.15530160000002,19.3807458,2026-03-19T13:37:18.921Z
69bbfc103ae94e897384e017,5a6d5cd3035e0e078db5f307,2850d217-45bb-4a84-8175-f159c386f1ae,didnt-feel,dont-know,-99.13794067579411,19.35930223529487,2026-03-19T13:37:20.825Z
69bbfc189ab22f0ea43c9d18,5edd162c8a09c6000b9d1b71,2850d217-45bb-4a84-8175-f159c386f1ae,didnt-feel,correct,-101.1627035,19.6926898,2026-03-19T13:37:28.028Z
69bbfc2133f58ed4c61d7144,5a125bc1b202584a119e0d94,2850d217-45bb-4a84-8175-f159c386f1ae,didnt-feel,correct,-99.1373136,19.4302678,2026-03-19T13:37:37.191Z
69bbfc2a146eacf0bb9d3e17,60560d25aaad21000a7518fc,2850d217-45bb-4a84-8175-f159c386f1ae,didnt-feel,correct,-99.1410987,19.3343618,2026-03-19T13:37:46.688Z
69bbfc2f33f58ed4c61d7176,695a7ff9f9badbac300fc55e,2850d217-45bb-4a84-8175-f159c386f1ae,weak,correct,-99.7976832,16.8268417,2026-03-19T13:37:51.213Z
69bbfc309ab22f0ea43c9d75,5a878297212109ec275f3058,2850d217-45bb-4a84-8175-f159c386f1ae,didnt-feel,correct,-98.4305886,19.2762848,2026-03-19T13:37:52.099Z
69bbfc346e5e3458799750c9,59f6b9b326457201db670f7c,2850d217-45bb-4a84-8175-f159c386f1ae,didnt-feel,correct,-99.1223431,19.3265988,2026-03-19T13:37:56.178Z
69bbfc3f146eacf0bb9d3e54,68295115de0994f559e026d4,2850d217-45bb-4a84-8175-f159c386f1ae,didnt-feel,dont-know,-98.99757022038102,19.609581188430738,2026-03-19T13:38:07.931Z
69bbfc4186e0f5f192bd40ea,63be117dd3e8498717881943,2850d217-45bb-4a84-8175-f159c386f1ae,didnt-feel,dont-know,-98.2165132,19.1195314,2026-03-19T13:38:09.850Z
69bbfc4b33f58ed4c61d71d0,692688b55a4535b5dcde6c0e,2850d217-45bb-4a84-8175-f159c386f1ae,didnt-feel,dont-know,-99.2085974,19.3935148,2026-03-19T13:38:19.019Z
69bbfc4e9ab22f0ea43c9e0b,5a877bf0516763ab118f5620,2850d217-45bb-4a84-8175-f159c386f1ae,didnt-feel,dont-know,-99.2210017,18.85237,2026-03-19T13:38:22.627Z
69bbfc4f146eacf0bb9d3e8c,6786ffc88e384d3e712dd540,2850d217-45bb-4a84-8175-f159c386f1ae,didnt-feel,correct,-99.132101,19.434037,2026-03-19T13:38:23.611Z
69bbfc4feae4277c39007829,5a1211158e8b7fea5bb86569,2850d217-45bb-4a84-8175-f159c386f1ae,didnt-feel,dont-know,-99.1270416,19.4952031,2026-03-19T13:38:23.804Z
69bbfc50eae4277c3900782e,5a1723545ca2e1ec18261728,2850d217-45bb-4a84-8175-f159c386f1ae,weak,correct,-99.0477237,19.41095,2026-03-19T13:38:24.709Z
69bbfc5986e0f5f192bd4156,59f65f8f26457201db66a5cb,2850d217-45bb-4a84-8175-f159c386f1ae,didnt-feel,dont-know,-99.2134442,18.8626027,2026-03-19T13:38:33.747Z
69bbfc5c6e5e345879975177,68bf60deb0bdcc62a8e5f04c,2850d217-45bb-4a84-8175-f159c386f1ae,didnt-feel,correct,-99.19405859999999,18.9488991,2026-03-19T13:38:36.427Z
69bbfc5c9ab22f0ea43c9e3e,632c7620e4292c4e288275d2,2850d217-45bb-4a84-8175-f159c386f1ae,weak,correct,-96.71807816753754,17.075289736749124,2026-03-19T13:38:36.737Z
69bbfc6216d3535bc2564397,5b92b18f41f00d74b3a4ce26,2850d217-45bb-4a84-8175-f159c386f1ae,weak,correct,-101.59569327325815,17.64773042200488,2026-03-19T13:38:42.048Z
69bbfc6233f58ed4c61d7253,59fb4109728a60c73457076c,2850d217-45bb-4a84-8175-f159c386f1ae,didnt-feel,correct,-98.9631789,18.917541,2026-03-19T13:38:42.529Z
69bbfc63146eacf0bb9d3ed6,6968278f3b5864e9985d719a,2850d217-45bb-4a84-8175-f159c386f1ae,didnt-feel,correct,-99.132101,19.434037,2026-03-19T13:38:43.775Z
69bbfc67eae4277c39007889,6969e7c768b92c8f5b6b2574,2850d217-45bb-4a84-8175-f159c386f1ae,didnt-feel,dont-know,-98.27769882427128,18.993354298227032,2026-03-19T13:38:47.357Z
69bbfc688deb527581519a58,613831121735de639ae1fd61,2850d217-45bb-4a84-8175-f159c386f1ae,didnt-feel,correct,-99.2044432,18.9726619,2026-03-19T13:38:48.806Z
69bbfc6f3ae94e897384e197,59f727190a25adc0efc5b9e4,2850d217-45bb-4a84-8175-f159c386f1ae,didnt-feel,correct,-99.1809573,19.46639,2026-03-19T13:38:55.101Z
69bbfc6f6e5e3458799751b1,5af87f1b8625ff66c539b27a,2850d217-45bb-4a84-8175-f159c386f1ae,didnt-feel,dont-know,-99.1373136,19.4302678,2026-03-19T13:38:55.160Z
69bbfc716e5e3458799751b7,632f2808286c2d64172baf7c,2850d217-45bb-4a84-8175-f159c386f1ae,didnt-feel,dont-know,-98.91901519999999,19.4735797,2026-03-19T13:38:57.506Z
69bbfc75eae4277c390078cd,632f2808286c2d64172baf7c,2850d217-45bb-4a84-8175-f159c386f1ae,didnt-feel,dont-know,-98.91901519999999,19.4735797,2026-03-19T13:39:01.062Z
69bbfc7586e0f5f192bd41e0,6413e2565f06b251aa513303,2850d217-45bb-4a84-8175-f159c386f1ae,didnt-feel,dont-know,-99.5432441,19.2642396,2026-03-19T13:39:01.286Z
69bbfc7933f58ed4c61d72ae,5a877e37212109ec275ef0ba,2850d217-45bb-4a84-8175-f159c386f1ae,didnt-feel,dont-know,-99.1874825,18.617918799999998,2026-03-19T13:39:05.192Z
69bbfc793ae94e897384e1be,59fa6c75543d32d8d527db60,2850d217-45bb-4a84-8175-f159c386f1ae,didnt-feel,correct,-99.110207,19.4871777,2026-03-19T13:39:05.616Z
69bbfc7c9ab22f0ea43c9eb5,62b630df7f002e76069a5c63,2850d217-45bb-4a84-8175-f159c386f1ae,weak,correct,-99.146999,19.6198625,2026-03-19T13:39:08.251Z
69bbfc7c33f58ed4c61d72b1,5ce7811572ce256326ec402f,2850d217-45bb-4a84-8175-f159c386f1ae,didnt-feel,dont-know,-99.1746778,19.4445835,2026-03-19T13:39:08.458Z
69bbfc7f16d3535bc25643ed,5a8a3aef909e7de50d02863d,2850d217-45bb-4a84-8175-f159c386f1ae,didnt-feel,correct,-99.1594532,19.4468279,2026-03-19T13:39:11.088Z
69bbfc85733b8958239fadc6,5a1744a95ca2e1ec1826244e,2850d217-45bb-4a84-8175-f159c386f1ae,didnt-feel,correct,-99.06401989999999,19.293989399999997,2026-03-19T13:39:17.175Z
69bbfc899ab22f0ea43c9ed8,59f64db592c50710c3ecb1ee,2850d217-45bb-4a84-8175-f159c386f1ae,didnt-feel,dont-know,-99.177553793613,19.367803283212915,2026-03-19T13:39:21.414Z
69bbfc8a33f58ed4c61d72dd,68cd6292c9cc651293980048,2850d217-45bb-4a84-8175-f159c386f1ae,didnt-feel,dont-know,-99.1505835,19.4285243,2026-03-19T13:39:22.375Z
69bbfc919ab22f0ea43c9efe,698fbb37d5d9926417362aa1,2850d217-45bb-4a84-8175-f159c386f1ae,didnt-feel,dont-know,-98.93617520058636,19.315331371569158,2026-03-19T13:39:29.072Z
69bbfc9233f58ed4c61d72f2,5efc0d558c0db9000a07d2de,2850d217-45bb-4a84-8175-f159c386f1ae,didnt-feel,weaker,-98.9348837,19.3232078,2026-03-19T13:39:30.858Z
69bbfca4733b8958239fae25,695af7b7f68470c05e2713d8,2850d217-45bb-4a84-8175-f159c386f1ae,didnt-feel,correct,-99.132101,19.434037,2026-03-19T13:39:48.019Z
69bbfca4146eacf0bb9d3fba,5a0c9702b202584a119c9488,2850d217-45bb-4a84-8175-f159c386f1ae,didnt-feel,weaker,-99.2418386,19.3667865,2026-03-19T13:39:48.291Z
69bbfca49ab22f0ea43c9f3b,5d2f22f0623cee98adc773ae,2850d217-45bb-4a84-8175-f159c386f1ae,didnt-feel,correct,-101.60490280131513,17.666268519896303,2026-03-19T13:39:48.527Z
69bbfca586e0f5f192bd4277,59f627a426457201db6688d9,2850d217-45bb-4a84-8175-f159c386f1ae,didnt-feel,dont-know,-99.1695461,19.4303992,2026-03-19T13:39:49.913Z
69bbfcaf6e5e34587997527e,625a5b5a4fe05ddaf3f08e86,2850d217-45bb-4a84-8175-f159c386f1ae,didnt-feel,weaker,-99.61464989999999,19.293720099999998,2026-03-19T13:39:59.154Z
69bbfcaf16d3535bc25644c0,69327694cec4454ec3ae0609,2850d217-45bb-4a84-8175-f159c386f1ae,didnt-feel,dont-know,-99.02497729999999,19.6109847,2026-03-19T13:39:59.407Z
69bbfcaf733b8958239fae40,66adbf5a45933e38d4f8aeb1,2850d217-45bb-4a84-8175-f159c386f1ae,moderate,correct,-99.2544374,19.564579,2026-03-19T13:39:59.672Z
69bbfcb216d3535bc25644cb,63e50d5c6c563f120ccd9a32,2850d217-45bb-4a84-8175-f159c386f1ae,didnt-feel,correct,-99.1177937,19.3235456,2026-03-19T13:40:02.454Z
69bbfcb4eae4277c39007999,69327694cec4454ec3ae0609,2850d217-45bb-4a84-8175-f159c386f1ae,didnt-feel,dont-know,-99.02497729999999,19.6109847,2026-03-19T13:40:04.678Z
69bbfcb6eae4277c3900799d,59f7f9307c71e00aeddc667b,2850d217-45bb-4a84-8175-f159c386f1ae,didnt-feel,dont-know,-99.1968277,19.3757002,2026-03-19T13:40:06.998Z
69bbfcb93ae94e897384e2b1,656c98ce46b7c855b6010755,2850d217-45bb-4a84-8175-f159c386f1ae,didnt-feel,dont-know,-101.19713340000001,19.6651332,2026-03-19T13:40:09.848Z
69bbfcbc9ab22f0ea43c9fd6,64574f3c0ec235b356b3bc60,2850d217-45bb-4a84-8175-f159c386f1ae,didnt-feel,dont-know,-99.2155395,19.686268,2026-03-19T13:40:12.979Z
69bbfcc233f58ed4c61d73ac,5f3f6166d86b25000a85c298,2850d217-45bb-4a84-8175-f159c386f1ae,didnt-feel,dont-know,-99.252451,19.504314,2026-03-19T13:40:18.425Z
69bbfcc36e5e3458799752f9,608e38729623dc000bb19555,2850d217-45bb-4a84-8175-f159c386f1ae,weak,correct,-99.4020027,17.5733931,2026-03-19T13:40:19.131Z
69bbfcc433f58ed4c61d73af,5cbe255666e14df4cb3d1f99,2850d217-45bb-4a84-8175-f159c386f1ae,weak,weaker,-98.887288,19.2820662,2026-03-19T13:40:20.157Z
69bbfcc533f58ed4c61d73b4,69bbe31ba8de4d2d75f9747a,2850d217-45bb-4a84-8175-f159c386f1ae,didnt-feel,correct,-99.1922536,19.751491899999998,2026-03-19T13:40:21.538Z
69bbfcc533f58ed4c61d73b9,680d8f79e5327c84ef93d52d,2850d217-45bb-4a84-8175-f159c386f1ae,didnt-feel,correct,-99.2162139,19.2863543,2026-03-19T13:40:21.930Z
69bbfccc6e5e345879975327,65e4f42522615f807e678162,2850d217-45bb-4a84-8175-f159c386f1ae,weak,weaker,-98.57915921531657,17.538453872189088,2026-03-19T13:40:28.646Z
69bbfccc146eacf0bb9d4096,69b4ca58a3c8c9c36409bc5f,2850d217-45bb-4a84-8175-f159c386f1ae,didnt-feel,correct,-99.1220962,19.5002857,2026-03-19T13:40:28.606Z
69bbfcd78deb527581519c3e,696b09048766b3cc6eeb90ca,2850d217-45bb-4a84-8175-f159c386f1ae,weak,correct,-99.7976832,16.8268417,2026-03-19T13:40:39.575Z
69bbfce1146eacf0bb9d4151,698adb121bf97dae2851d280,2850d217-45bb-4a84-8175-f159c386f1ae,didnt-feel,correct,-99.58125749999999,18.5486681,2026-03-19T13:40:49.188Z
69bbfce4146eacf0bb9d4160,59f65f6592c50710c3ecbe02,2850d217-45bb-4a84-8175-f159c386f1ae,didnt-feel,correct,-99.08613919999999,19.4785212,2026-03-19T13:40:52.295Z
69bbfce68deb527581519c8d,6995f9cf0dcdcb4079a81f45,2850d217-45bb-4a84-8175-f159c386f1ae,didnt-feel,correct,-99.1895505,19.3060548,2026-03-19T13:40:54.222Z
69bbfcf46e5e3458799753e0,5a10d7ac81710def8249bee3,2850d217-45bb-4a84-8175-f159c386f1ae,didnt-feel,dont-know,-99.0930528,19.750852,2026-03-19T13:41:08.155Z
69bbfcf8eae4277c39007acf,5a6fe392ec53120623b69332,2850d217-45bb-4a84-8175-f159c386f1ae,didnt-feel,dont-know,-99.1509907,19.2834688,2026-03-19T13:41:12.160Z
69bbfcf86e5e3458799753f2,637ba5e32fd7bf7ea70e2ce8,2850d217-45bb-4a84-8175-f159c386f1ae,weak,correct,-99.146999,19.2957335,2026-03-19T13:41:12.897Z
69bbfcf99ab22f0ea43ca0b2,60558bc7688716000ae4dc5f,2850d217-45bb-4a84-8175-f159c386f1ae,didnt-feel,dont-know,-98.26783259232751,19.112372678819664,2026-03-19T13:41:13.022Z
69bbfcfeeae4277c39007af5,5e24bda447a2cefe614263c1,2850d217-45bb-4a84-8175-f159c386f1ae,didnt-feel,dont-know,-99.0515955,19.344349,2026-03-19T13:41:18.260Z
69bbfd053ae94e897384e43c,5accb70a73cde3e6759689af,2850d217-45bb-4a84-8175-f159c386f1ae,didnt-feel,dont-know,-99.19128970000001,19.5262433,2026-03-19T13:41:25.165Z
69bbfd068deb527581519cf7,5a0fa4458e8b7fea5bb7b5a7,2850d217-45bb-4a84-8175-f159c386f1ae,didnt-feel,dont-know,-99.18138440000001,19.532771,2026-03-19T13:41:26.210Z
69bbfd0d9ab22f0ea43ca107,68c0d0aa8e7b82939f33958e,2850d217-45bb-4a84-8175-f159c386f1ae,didnt-feel,dont-know,-99.23006409999999,18.894140999999998,2026-03-19T13:41:33.778Z
69bbfd0e33f58ed4c61d74cd,6957d11455d19ab8453ff014,2850d217-45bb-4a84-8175-f159c386f1ae,didnt-feel,dont-know,-99.1562550701201,19.272065694158712,2026-03-19T13:41:34.902Z
69bbfd1033f58ed4c61d74d5,5fa2f95c094494000a07b9ed,2850d217-45bb-4a84-8175-f159c386f1ae,didnt-feel,correct,-99.2207479,19.3419351,2026-03-19T13:41:36.634Z
69bbfd176e5e345879975473,5b1c962735cce11ac5d14ad1,2850d217-45bb-4a84-8175-f159c386f1ae,didnt-feel,correct,-99.1310486,19.4318565,2026-03-19T13:41:43.002Z
69bbfd22146eacf0bb9d42cb,67c29775c380c79c9acff8df,2850d217-45bb-4a84-8175-f159c386f1ae,didnt-feel,dont-know,-99.1193297,19.361933099999998,2026-03-19T13:41:54.574Z
69bbfd2233f58ed4c61d7540,68ca49617cb2f1e8f178e6db,2850d217-45bb-4a84-8175-f159c386f1ae,didnt-feel,dont-know,-98.2961845,19.0809312,2026-03-19T13:41:54.928Z
69bbfd258deb527581519d72,66ec5c5c2b130f38d3e2d92b,2850d217-45bb-4a84-8175-f159c386f1ae,weak,correct,-99.4687977,17.5092367,2026-03-19T13:41:57.373Z
69bbfd26146eacf0bb9d42d8,632c0a708a39a7afef69409e,2850d217-45bb-4a84-8175-f159c386f1ae,didnt-feel,dont-know,-99.1356133,19.3188517,2026-03-19T13:41:58.232Z
69bbfd2b16d3535bc25646a6,66ad3be426c0ffa916414705,2850d217-45bb-4a84-8175-f159c386f1ae,didnt-feel,dont-know,-99.2002892,19.3718426,2026-03-19T13:42:03.837Z
69bbfd2d86e0f5f192bd4518,6566202f80de043bae64e179,2850d217-45bb-4a84-8175-f159c386f1ae,didnt-feel,weaker,-99.1441815,19.3350489,2026-03-19T13:42:05.584Z
69bbfd30733b8958239fb068,698ac95edb3e0910159bc23a,2850d217-45bb-4a84-8175-f159c386f1ae,strong,stronger,-99.90791325762179,16.85417073575551,2026-03-19T13:42:08.009Z
69bbfd308deb527581519d86,69193bdf4e21d5f58f2f1fc7,2850d217-45bb-4a84-8175-f159c386f1ae,didnt-feel,correct,-99.132101,19.434037,2026-03-19T13:42:08.576Z
69bbfd309ab22f0ea43ca176,59f72bcb26457201db674adc,2850d217-45bb-4a84-8175-f159c386f1ae,didnt-feel,weaker,-98.249552,19.0034196,2026-03-19T13:42:08.798Z
69bbfd31733b8958239fb06c,5a8ba06612d6173c680e871f,2850d217-45bb-4a84-8175-f159c386f1ae,didnt-feel,correct,-99.1373136,19.4302678,2026-03-19T13:42:09.803Z
69bbfd376e5e3458799754f9,5a103ad18e8b7fea5bb7be77,2850d217-45bb-4a84-8175-f159c386f1ae,didnt-feel,correct,-99.1418321,19.511084099999998,2026-03-19T13:42:15.494Z
69bbfd3916d3535bc25646d0,59fe3e12dd313346a2497d14,2850d217-45bb-4a84-8175-f159c386f1ae,didnt-feel,correct,-99.098584,19.3615004,2026-03-19T13:42:17.674Z
69bbfd39146eacf0bb9d4325,66f841cb77ebd4919da7c226,2850d217-45bb-4a84-8175-f159c386f1ae,didnt-feel,dont-know,-102.1623766,17.9545911,2026-03-19T13:42:17.975Z
69bbfd45733b8958239fb0c2,69587a900a53f686cea51d39,2850d217-45bb-4a84-8175-f159c386f1ae,weak,correct,-99.8892469,16.8747409,2026-03-19T13:42:29.490Z
69bbfd518deb527581519e37,5a8b2ec612d6173c680d6283,2850d217-45bb-4a84-8175-f159c386f1ae,didnt-feel,dont-know,-99.196929,19.4781336,2026-03-19T13:42:41.502Z
69bbfd52733b8958239fb0f0,5f2b0745f6f249000acf01e5,2850d217-45bb-4a84-8175-f159c386f1ae,didnt-feel,correct,-103.7251474,19.2398911,2026-03-19T13:42:42.365Z
69bbfd58eae4277c39007c4f,6957db6570af7118362cfffe,2850d217-45bb-4a84-8175-f159c386f1ae,didnt-feel,weaker,-99.5934607,19.3125993,2026-03-19T13:42:48.299Z
69bbfd58733b8958239fb108,673c0faa813ebe4a297101d7,2850d217-45bb-4a84-8175-f159c386f1ae,didnt-feel,dont-know,-99.1420103,19.4879739,2026-03-19T13:42:48.590Z
69bbfd5f86e0f5f192bd463e,66f06492d6c6556131001c86,2850d217-45bb-4a84-8175-f159c386f1ae,weak,correct,-99.132101,19.434037,2026-03-19T13:42:55.342Z
69bbfd643ae94e897384e588,6959f203acb1d086694922a1,2850d217-45bb-4a84-8175-f159c386f1ae,didnt-feel,correct,-99.0584911,19.4828565,2026-03-19T13:43:00.747Z
69bbfd6d33f58ed4c61d7669,59fa172d879b74cfcf2c2d2f,2850d217-45bb-4a84-8175-f159c386f1ae,didnt-feel,correct,-99.106529,19.2965324,2026-03-19T13:43:09.175Z
69bbfd70eae4277c39007c96,5a8d7dfbcdc8cbd230c0b89a,2850d217-45bb-4a84-8175-f159c386f1ae,didnt-feel,correct,-99.1445775,19.3897569,2026-03-19T13:43:12.690Z
69bbfd72146eacf0bb9d4420,5a053e2695975e38ad361c3f,2850d217-45bb-4a84-8175-f159c386f1ae,didnt-feel,dont-know,-99.0852292,19.4164045,2026-03-19T13:43:14.171Z
69bbfd729ab22f0ea43ca292,5a053e2695975e38ad361c3f,2850d217-45bb-4a84-8175-f159c386f1ae,didnt-feel,dont-know,-99.0852292,19.4164045,2026-03-19T13:43:14.282Z
69bbfd726e5e3458799755d5,5a053e2695975e38ad361c3f,2850d217-45bb-4a84-8175-f159c386f1ae,didnt-feel,dont-know,-99.0852292,19.4164045,2026-03-19T13:43:14.284Z
69bbfd738deb527581519eb5,5ab935ae8d998f48241bed3b,2850d217-45bb-4a84-8175-f159c386f1ae,didnt-feel,dont-know,-99.0462948,19.4699841,2026-03-19T13:43:15.615Z
69bbfd75146eacf0bb9d4428,6957dc49241868ec405d0499,2850d217-45bb-4a84-8175-f159c386f1ae,didnt-feel,dont-know,-101.2708014,19.701564599999998,2026-03-19T13:43:17.707Z
69bbfd7716d3535bc25647b0,5a8a71a8909e7de50d02aa0c,2850d217-45bb-4a84-8175-f159c386f1ae,didnt-feel,correct,-101.52233079999999,19.095817999999998,2026-03-19T13:43:19.941Z
69bbfd7beae4277c39007cea,5a8b57092ed5a1736010b640,2850d217-45bb-4a84-8175-f159c386f1ae,didnt-feel,dont-know,-98.19669429999999,19.0444606,2026-03-19T13:43:23.939Z
69bbfd7d3ae94e897384e5db,6969f579e914d27f9a02c995,2850d217-45bb-4a84-8175-f159c386f1ae,didnt-feel,correct,-99.2902448,19.3937976,2026-03-19T13:43:25.070Z
69bbfd8216d3535bc25647c5,684a2b390ee162f4304c8955,2850d217-45bb-4a84-8175-f159c386f1ae,didnt-feel,dont-know,-99.068461,19.378984499999998,2026-03-19T13:43:30.183Z
69bbfd8216d3535bc25647c8,68420f476c261812b22ba32c,2850d217-45bb-4a84-8175-f159c386f1ae,didnt-feel,correct,-99.1411184,19.536529899999998,2026-03-19T13:43:30.509Z
69bbfd838deb527581519f03,61383f93d1abc734491b1aae,2850d217-45bb-4a84-8175-f159c386f1ae,didnt-feel,correct,-99.1362552,19.2746148,2026-03-19T13:43:31.640Z
69bbfd89733b8958239fb1de,683855f50737a188b9640532,2850d217-45bb-4a84-8175-f159c386f1ae,didnt-feel,dont-know,-98.2651155,19.000316,2026-03-19T13:43:37.755Z
69bbfd9433f58ed4c61d76f3,6928799f4728ee4f064d0e62,2850d217-45bb-4a84-8175-f159c386f1ae,didnt-feel,dont-know,-99.2756998,19.3568681,2026-03-19T13:43:48.012Z
69bbfd99733b8958239fb20b,59fe7a3fdd313346a2498cd3,2850d217-45bb-4a84-8175-f159c386f1ae,didnt-feel,correct,-99.635527,19.2823173,2026-03-19T13:43:53.337Z
69bbfd9b6e5e345879975646,59f77dde05e024e0e343f4c2,2850d217-45bb-4a84-8175-f159c386f1ae,didnt-feel,dont-know,-99.1915668,19.3895448,2026-03-19T13:43:55.096Z
69bbfda06e5e345879975651,5ab1ea62280e61a770ffef97,2850d217-45bb-4a84-8175-f159c386f1ae,didnt-feel,correct,-99.1214045,19.4435932,2026-03-19T13:44:00.938Z
69bbfda29ab22f0ea43ca352,64ef387363d5fd2af4b8bd7a,2850d217-45bb-4a84-8175-f159c386f1ae,didnt-feel,weaker,-99.132101,19.434037,2026-03-19T13:44:02.849Z
69bbfda916d3535bc256488d,681aef6b01d2bbcd3330d01c,2850d217-45bb-4a84-8175-f159c386f1ae,didnt-feel,correct,-99.03892887756228,19.674079447475368,2026-03-19T13:44:09.578Z
69bbfdaa6e5e345879975675,5a878fe7516763ab1190160d,2850d217-45bb-4a84-8175-f159c386f1ae,didnt-feel,dont-know,-99.0527898,19.4549588,2026-03-19T13:44:10.180Z
69bbfdb116d3535bc256489f,5ab15128c6cf0969a852b034,2850d217-45bb-4a84-8175-f159c386f1ae,didnt-feel,correct,-99.0613653,19.349281,2026-03-19T13:44:17.134Z
69bbfdb3eae4277c39007da6,66b42c2b2065b516342629d0,2850d217-45bb-4a84-8175-f159c386f1ae,didnt-feel,correct,-99.1414643,19.399120999999997,2026-03-19T13:44:19.239Z
69bbfdbd86e0f5f192bd47eb,670af0d07ce509e2827c1af6,2850d217-45bb-4a84-8175-f159c386f1ae,didnt-feel,correct,-99.5645663,19.1315815,2026-03-19T13:44:29.762Z
69bbfdc486e0f5f192bd47fc,68f31d4e46b9ea922b4e26eb,2850d217-45bb-4a84-8175-f159c386f1ae,didnt-feel,dont-know,-98.2412811,19.085365,2026-03-19T13:44:36.957Z
69bbfdc5146eacf0bb9d4521,59f867ff96400cec169411cc,2850d217-45bb-4a84-8175-f159c386f1ae,didnt-feel,dont-know,-99.1490891,19.4332249,2026-03-19T13:44:37.246Z
69bbfdcd86e0f5f192bd482d,632c06cd9122b2e995d9a936,2850d217-45bb-4a84-8175-f159c386f1ae,didnt-feel,dont-know,-99.20392389999999,19.3957773,2026-03-19T13:44:45.225Z
69bbfdcf6e5e345879975785,5d63dd1145fe6b94957869c0,2850d217-45bb-4a84-8175-f159c386f1ae,didnt-feel,dont-know,-98.0160036,18.4050499,2026-03-19T13:44:47.600Z
69bbfdd186e0f5f192bd483b,683748e20737a188b9602202,2850d217-45bb-4a84-8175-f159c386f1ae,didnt-feel,correct,-99.22798639999999,19.485329,2026-03-19T13:44:49.119Z
69bbfdd29ab22f0ea43ca413,59f744d705e024e0e3437b37,2850d217-45bb-4a84-8175-f159c386f1ae,didnt-feel,dont-know,-99.1131054,19.4602187,2026-03-19T13:44:50.689Z
69bbfdd4733b8958239fb346,69584d137853ab835bbe09ae,2850d217-45bb-4a84-8175-f159c386f1ae,didnt-feel,dont-know,-99.12624609999999,19.6607139,2026-03-19T13:44:52.749Z
69bbfddf146eacf0bb9d4597,5ef256763f4507000aafc0d3,2850d217-45bb-4a84-8175-f159c386f1ae,didnt-feel,correct,-99.0930528,19.668296599999998,2026-03-19T13:45:03.668Z
69bbfdfd146eacf0bb9d462c,655be5cabc27be36fec7c615,2850d217-45bb-4a84-8175-f159c386f1ae,didnt-feel,correct,-99.5030548,17.5538841,2026-03-19T13:45:33.889Z
69bbfe00733b8958239fb3e3,5a00600c61c0127ef034d8f3,2850d217-45bb-4a84-8175-f159c386f1ae,didnt-feel,dont-know,-98.1796133,19.0798774,2026-03-19T13:45:36.189Z
69bbfe04eae4277c39007fe0,643f7a7d23006b769a1b46d6,2850d217-45bb-4a84-8175-f159c386f1ae,moderate,correct,-99.85016379999999,16.8503746,2026-03-19T13:45:40.345Z
69bbfe05146eacf0bb9d4691,5a88a645516763ab1192b9fd,2850d217-45bb-4a84-8175-f159c386f1ae,didnt-feel,dont-know,-99.08575418458017,19.448286535196026,2026-03-19T13:45:41.930Z
69bbfe096e5e3458799758c7,5b522a055be9104868bfbc54,2850d217-45bb-4a84-8175-f159c386f1ae,didnt-feel,dont-know,-98.32800859999999,19.0444773,2026-03-19T13:45:45.024Z
69bbfe0d9ab22f0ea43ca584,632cb4eac24bc9259205ca84,2850d217-45bb-4a84-8175-f159c386f1ae,didnt-feel,dont-know,-98.2244093,19.0128239,2026-03-19T13:45:49.769Z
69bbfe12733b8958239fb427,5b094520f2621d4c4922db6d,2850d217-45bb-4a84-8175-f159c386f1ae,didnt-feel,correct,-99.0591821,19.337687799999998,2026-03-19T13:45:54.009Z
69bbfe1a3ae94e897384e899,61345b07288211d1a327cf50,2850d217-45bb-4a84-8175-f159c386f1ae,didnt-feel,dont-know,-99.17398569999999,19.4541944,2026-03-19T13:46:02.189Z
69bbfe229ab22f0ea43ca5cd,5a3f1f4e7b8b9db590ca5de6,2850d217-45bb-4a84-8175-f159c386f1ae,didnt-feel,dont-know,-99.207905,18.968810599999998,2026-03-19T13:46:10.419Z
69bbfe239ab22f0ea43ca5d5,688eb1079946cce97cfcd0c1,2850d217-45bb-4a84-8175-f159c386f1ae,violent,correct,-99.132101,19.434037,2026-03-19T13:46:11.234Z
69bbfe26eae4277c390080d1,657a4e7b64af7bc59afc3836,2850d217-45bb-4a84-8175-f159c386f1ae,didnt-feel,correct,-99.1483827,19.417923200000004,2026-03-19T13:46:14.420Z
69bbfe283ae94e897384e905,5a41686b7b8b9db590cafda3,2850d217-45bb-4a84-8175-f159c386f1ae,didnt-feel,dont-know,-99.2684107,19.4059785,2026-03-19T13:46:16.513Z
69bbfe2eeae4277c390080f2,6536d09dd21eec941a23b73b,2850d217-45bb-4a84-8175-f159c386f1ae,didnt-feel,correct,-99.22798639999999,19.485329,2026-03-19T13:46:22.321Z
69bbfe31eae4277c39008108,68102c253e526fc81a3df388,2850d217-45bb-4a84-8175-f159c386f1ae,didnt-feel,dont-know,-98.1809796,19.093090999999998,2026-03-19T13:46:25.995Z
69bbfe3333f58ed4c61d7a67,59fda22bdd313346a2492edc,2850d217-45bb-4a84-8175-f159c386f1ae,didnt-feel,dont-know,-99.146999,19.2957335,2026-03-19T13:46:27.275Z
69bbfe37146eacf0bb9d4788,59f868e996400cec16942176,2850d217-45bb-4a84-8175-f159c386f1ae,didnt-feel,dont-know,-101.7827628,19.811043,2026-03-19T13:46:31.716Z
69bbfe389ab22f0ea43ca638,63f938abb9a3c2344a63862b,2850d217-45bb-4a84-8175-f159c386f1ae,didnt-feel,correct,-99.2235655,18.9751236,2026-03-19T13:46:32.473Z
69bbfe3deae4277c39008145,5a8853134b23ae79f14cce17,2850d217-45bb-4a84-8175-f159c386f1ae,didnt-feel,dont-know,-99.1826482,19.4829627,2026-03-19T13:46:37.262Z
69bbfe3d86e0f5f192bd4a28,59f6d54c26457201db672a44,2850d217-45bb-4a84-8175-f159c386f1ae,didnt-feel,dont-know,-99.0584911,19.429807399999998,2026-03-19T13:46:37.615Z
69bbfe3e3ae94e897384e959,5ee83d266100f4000ddecdc0,2850d217-45bb-4a84-8175-f159c386f1ae,didnt-feel,dont-know,-98.22950089999999,18.9899168,2026-03-19T13:46:38.547Z
69bbfe406e5e3458799759a0,632d0be4238eb14c4efc7314,2850d217-45bb-4a84-8175-f159c386f1ae,didnt-feel,weaker,-99.1861835,19.4402619,2026-03-19T13:46:40.836Z
69bbfe439ab22f0ea43ca65e,6395ea7e447d8279acad0160,2850d217-45bb-4a84-8175-f159c386f1ae,didnt-feel,dont-know,-98.997699,19.3532646,2026-03-19T13:46:43.641Z
69bbfe5016d3535bc2564bca,5e3218cffde66d000a771205,2850d217-45bb-4a84-8175-f159c386f1ae,didnt-feel,dont-know,-99.5103077,17.5343576,2026-03-19T13:46:56.242Z
69bbfe509ab22f0ea43ca692,6969e695effccc42932c9d91,2850d217-45bb-4a84-8175-f159c386f1ae,weak,correct,-99.950699,16.8892565,2026-03-19T13:46:56.965Z
69bbfe53eae4277c390081a0,650a7815225bfe1c893978fa,2850d217-45bb-4a84-8175-f159c386f1ae,didnt-feel,correct,-99.2273961,19.4844618,2026-03-19T13:46:59.350Z
69bbfe5a16d3535bc2564bfe,66785adb24d1b8f4c8412f6e,2850d217-45bb-4a84-8175-f159c386f1ae,didnt-feel,dont-know,-98.5656584,17.5331144,2026-03-19T13:47:06.969Z
69bbfe5a733b8958239fb58c,66785adb24d1b8f4c8412f6e,2850d217-45bb-4a84-8175-f159c386f1ae,didnt-feel,dont-know,-98.5656584,17.5331144,2026-03-19T13:47:06.972Z
69bbfe5c146eacf0bb9d4843,69b6fd7c4529cf488d67bac5,2850d217-45bb-4a84-8175-f159c386f1ae,didnt-feel,dont-know,-98.1324904,19.0605764,2026-03-19T13:47:08.177Z
69bbfe69146eacf0bb9d4879,5bf0e683f6d0205984c80e3c,2850d217-45bb-4a84-8175-f159c386f1ae,didnt-feel,dont-know,-101.14687239999999,19.685151299999998,2026-03-19T13:47:21.928Z
69bbfe6c16d3535bc2564c28,59f791bdc6e26063f86b69c3,2850d217-45bb-4a84-8175-f159c386f1ae,didnt-feel,correct,-99.1373136,19.4302678,2026-03-19T13:47:24.148Z
69bbfe746e5e345879975a73,65cec743e49c4864c89a4523,2850d217-45bb-4a84-8175-f159c386f1ae,didnt-feel,correct,-99.0830924,19.3044643,2026-03-19T13:47:32.372Z
69bbfe8e3ae94e897384eab5,59f8e6c69c735c1b5b277b70,2850d217-45bb-4a84-8175-f159c386f1ae,didnt-feel,correct,-99.2292969,19.5571185,2026-03-19T13:47:58.056Z
69bbfe8e9ab22f0ea43ca7a1,59f6a834178b28f9fbf3bc64,2850d217-45bb-4a84-8175-f159c386f1ae,didnt-feel,correct,-98.9222418,19.3003899,2026-03-19T13:47:58.167Z
69bbfe8e86e0f5f192bd4b81,5a30a30414840f98fb7c565f,2850d217-45bb-4a84-8175-f159c386f1ae,didnt-feel,dont-know,-99.1414643,19.399120999999997,2026-03-19T13:47:58.826Z
69bbfe8feae4277c39008262,59fd651add313346a2492c12,2850d217-45bb-4a84-8175-f159c386f1ae,weak,correct,-99.1466404,19.345542,2026-03-19T13:47:59.869Z
69bbfe9e86e0f5f192bd4be5,59fd22f51145d83efcb75ec9,2850d217-45bb-4a84-8175-f159c386f1ae,didnt-feel,dont-know,-99.61882489999999,19.268487699999998,2026-03-19T13:48:14.162Z
69bbfea1eae4277c390082df,59f6888226457201db66ca25,2850d217-45bb-4a84-8175-f159c386f1ae,didnt-feel,dont-know,-99.1668002,19.3838043,2026-03-19T13:48:17.121Z
69bbfea33ae94e897384eb4b,66c3f9f0ddca36a232c484c0,2850d217-45bb-4a84-8175-f159c386f1ae,didnt-feel,correct,-98.7618849,19.2070756,2026-03-19T13:48:19.396Z
69bbfead16d3535bc2564d0d,6783ebf0bae2e55aac18a119,2850d217-45bb-4a84-8175-f159c386f1ae,didnt-feel,correct,-99.03776119999999,19.4116869,2026-03-19T13:48:29.278Z
69bbfeadeae4277c3900830a,65722823da743a789015571b,2850d217-45bb-4a84-8175-f159c386f1ae,didnt-feel,correct,-99.2602185,19.5240567,2026-03-19T13:48:29.530Z
69bbfeb29ab22f0ea43ca843,632cae1cdb2b937eb01825f0,2850d217-45bb-4a84-8175-f159c386f1ae,didnt-feel,dont-know,-99.19613539999999,19.4515965,2026-03-19T13:48:34.271Z
69bbfeb9733b8958239fb75c,65a9411f0e96c280fe207d60,2850d217-45bb-4a84-8175-f159c386f1ae,didnt-feel,weaker,-99.1668002,19.3838043,2026-03-19T13:48:41.376Z
69bbfeba33f58ed4c61d7cc9,66c3993fd2338c254736918e,2850d217-45bb-4a84-8175-f159c386f1ae,didnt-feel,correct,-99.132101,19.434037,2026-03-19T13:48:42.369Z
69bbfebc3ae94e897384eb96,632cb689bbed67d44934eac0,2850d217-45bb-4a84-8175-f159c386f1ae,didnt-feel,dont-know,-99.1668002,19.3838043,2026-03-19T13:48:44.358Z
69bbfec933f58ed4c61d7ce8,683b2496c9bad5a94b4f25c2,2850d217-45bb-4a84-8175-f159c386f1ae,didnt-feel,dont-know,-99.2211625,19.4180307,2026-03-19T13:48:57.426Z
69bbfeca6e5e345879975bee,6783814e6dc7adac218d710c,2850d217-45bb-4a84-8175-f159c386f1ae,didnt-feel,dont-know,-98.89418409999999,19.253733699999998,2026-03-19T13:48:58.132Z
69bbfeceeae4277c39008377,6783814e6dc7adac218d710c,2850d217-45bb-4a84-8175-f159c386f1ae,didnt-feel,dont-know,-98.89418409999999,19.253733699999998,2026-03-19T13:49:02.397Z
69bbfece16d3535bc2564dc3,5a8c607f865daf0abccd883f,2850d217-45bb-4a84-8175-f159c386f1ae,didnt-feel,correct,-99.0557268,19.491837099999998,2026-03-19T13:49:02.956Z
69bbfed186e0f5f192bd4cc3,59fd1b731145d83efcb75cb3,2850d217-45bb-4a84-8175-f159c386f1ae,didnt-feel,dont-know,-99.156683,19.4710599,2026-03-19T13:49:05.244Z
69bbfed53ae94e897384ebf0,67c22e25cb134d921179ad57,2850d217-45bb-4a84-8175-f159c386f1ae,didnt-feel,correct,-98.9341937,18.840925199999997,2026-03-19T13:49:09.214Z
69bbfed8eae4277c39008389,6138514951b693deb6bc0a94,2850d217-45bb-4a84-8175-f159c386f1ae,didnt-feel,dont-know,-99.2206364,19.4302973,2026-03-19T13:49:12.765Z
69bbfee4733b8958239fb810,696f6a31e62afb1dbd141d0c,2850d217-45bb-4a84-8175-f159c386f1ae,didnt-feel,correct,-99.0598732,19.504892599999998,2026-03-19T13:49:24.206Z
69bbfee69ab22f0ea43ca8eb,59f7d6c3fb314bdc6eff1517,2850d217-45bb-4a84-8175-f159c386f1ae,didnt-feel,dont-know,-99.1918290161604,19.437014860678648,2026-03-19T13:49:26.395Z
69bbfeef146eacf0bb9d4aaa,5ef221fc1a1c8b000a28c52b,2850d217-45bb-4a84-8175-f159c386f1ae,didnt-feel,dont-know,-99.1746778,19.4445835,2026-03-19T13:49:35.895Z
69bbfef1146eacf0bb9d4ab3,59f8feb3543d32d8d52741be,2850d217-45bb-4a84-8175-f159c386f1ae,didnt-feel,dont-know,-99.2697072,19.3601045,2026-03-19T13:49:37.297Z
69bbfef6146eacf0bb9d4ac6,66f643f5723ca79f72d06658,2850d217-45bb-4a84-8175-f159c386f1ae,didnt-feel,correct,-99.2162139,19.2863543,2026-03-19T13:49:42.831Z
69bbfef79ab22f0ea43ca959,68bf5ac79bc9bb86ecdfa117,2850d217-45bb-4a84-8175-f159c386f1ae,didnt-feel,dont-know,-99.18787209999999,19.4339168,2026-03-19T13:49:43.329Z
69bbfefb86e0f5f192bd4d5c,67d5b1be93140e6e6d5b2245,2850d217-45bb-4a84-8175-f159c386f1ae,didnt-feel,correct,-99.1738735,19.4446248,2026-03-19T13:49:47.084Z
69bbfeff146eacf0bb9d4ae6,67da62ad71bde277896a4077,2850d217-45bb-4a84-8175-f159c386f1ae,didnt-feel,correct,-99.0839185,19.4682242,2026-03-19T13:49:51.158Z
69bbff016e5e345879975d48,5c119de8b467d7cb0778aa98,2850d217-45bb-4a84-8175-f159c386f1ae,didnt-feel,correct,-99.1414643,19.322523099999998,2026-03-19T13:49:53.834Z
69bbff0c733b8958239fb8d2,5b023e1082144c2873a6e464,2850d217-45bb-4a84-8175-f159c386f1ae,didnt-feel,dont-know,-99.132101,19.434037,2026-03-19T13:50:04.152Z
69bbff0e86e0f5f192bd4da9,59f88579543d32d8d526e27c,2850d217-45bb-4a84-8175-f159c386f1ae,didnt-feel,dont-know,-99.14769079999999,19.393651,2026-03-19T13:50:06.666Z
69bbff16733b8958239fb8ec,6427ca04892e462ca7338021,2850d217-45bb-4a84-8175-f159c386f1ae,didnt-feel,correct,-99.1738735,19.4446248,2026-03-19T13:50:14.393Z
69bbff1d86e0f5f192bd4dcf,67d4f6e393140e6e6d55f6a0,2850d217-45bb-4a84-8175-f159c386f1ae,didnt-feel,correct,-99.02463519999999,19.4985515,2026-03-19T13:50:21.958Z
69bbff269ab22f0ea43caa06,68c9743d92b224ec89b51253,2850d217-45bb-4a84-8175-f159c386f1ae,didnt-feel,correct,-98.80251539999999,18.680141,2026-03-19T13:50:30.032Z
69bbff2c6e5e345879975dd7,67e73090b045115d668ed3b8,2850d217-45bb-4a84-8175-f159c386f1ae,weak,correct,-99.132101,19.434037,2026-03-19T13:50:36.444Z
69bbff3386e0f5f192bd4e15,59f7595b05e024e0e343bc12,2850d217-45bb-4a84-8175-f159c386f1ae,didnt-feel,correct,-99.05227149999999,19.345398199999998,2026-03-19T13:50:43.815Z
69bbff386e5e345879975e17,6806feb12a3bc90d45332dc3,2850d217-45bb-4a84-8175-f159c386f1ae,didnt-feel,correct,-99.132101,19.434037,2026-03-19T13:50:48.007Z
69bbff396e5e345879975e23,5f0e0d24500234000ba8ddd0,2850d217-45bb-4a84-8175-f159c386f1ae,didnt-feel,correct,-99.0163474,19.5869825,2026-03-19T13:50:49.200Z
69bbff3c733b8958239fb97c,65d3a6b7d398df72e8c6dcdf,2850d217-45bb-4a84-8175-f159c386f1ae,didnt-feel,weaker,-99.185752,19.367423499999997,2026-03-19T13:50:52.781Z
69bbff453ae94e897384ee6b,63e3e2076c563f6763c86af1,2850d217-45bb-4a84-8175-f159c386f1ae,didnt-feel,correct,-99.0230419,19.363019599999998,2026-03-19T13:51:01.171Z
69bbff456e5e345879975e44,5b19100acc585254885a15f4,2850d217-45bb-4a84-8175-f159c386f1ae,didnt-feel,correct,-98.26607589999999,19.0509578,2026-03-19T13:51:01.851Z
69bbff47eae4277c39008592,5a419a52dc03ee7377549c3b,2850d217-45bb-4a84-8175-f159c386f1ae,didnt-feel,correct,-98.1930646,19.0708161,2026-03-19T13:51:03.835Z
69bbff4b16d3535bc256504f,5b2053916605b9fe59d443f0,2850d217-45bb-4a84-8175-f159c386f1ae,didnt-feel,dont-know,-98.19669429999999,19.0444606,2026-03-19T13:51:07.061Z
69bbff4d3ae94e897384eeba,5ab1e4cf002ec7aea05911ad,2850d217-45bb-4a84-8175-f159c386f1ae,weak,dont-know,-99.253283,18.9323564,2026-03-19T13:51:09.665Z
69bbff4f3ae94e897384eebf,5a877c4e212109ec275ed01a,2850d217-45bb-4a84-8175-f159c386f1ae,didnt-feel,correct,-99.2556931,19.469180899999998,2026-03-19T13:51:11.855Z
69bbff51146eacf0bb9d4caf,632a987fe67dbd562065a89b,2850d217-45bb-4a84-8175-f159c386f1ae,didnt-feel,dont-know,-102.44379,19.7331809,2026-03-19T13:51:13.581Z
69bbff5816d3535bc2565085,632e45310642b29437c9c7ed,2850d217-45bb-4a84-8175-f159c386f1ae,didnt-feel,dont-know,-99.2201824,19.3632173,2026-03-19T13:51:20.122Z
69bbff599ab22f0ea43caad3,632c4ee405f6c725f8c73a50,2850d217-45bb-4a84-8175-f159c386f1ae,didnt-feel,dont-know,-99.1766598,19.341314,2026-03-19T13:51:21.621Z
69bbff596e5e345879975e84,632c4ee405f6c725f8c73a50,2850d217-45bb-4a84-8175-f159c386f1ae,didnt-feel,dont-know,-99.1766598,19.341314,2026-03-19T13:51:21.622Z
69bbff59eae4277c3900860c,632c4ee405f6c725f8c73a50,2850d217-45bb-4a84-8175-f159c386f1ae,didnt-feel,dont-know,-99.1766598,19.341314,2026-03-19T13:51:21.623Z
69bbff59eae4277c3900860f,632c4ee405f6c725f8c73a50,2850d217-45bb-4a84-8175-f159c386f1ae,didnt-feel,dont-know,-99.1766598,19.341314,2026-03-19T13:51:21.992Z
69bbff643ae94e897384ef0b,68d408e24f46c51fa19e6fff,2850d217-45bb-4a84-8175-f159c386f1ae,didnt-feel,correct,-99.18303679872311,19.40895841950067,2026-03-19T13:51:32.211Z
69bbff6886e0f5f192bd4ef5,66ec5bc8bde8c07914cfc675,2850d217-45bb-4a84-8175-f159c386f1ae,didnt-feel,correct,-98.8737872,19.3277651,2026-03-19T13:51:36.149Z
69bbff683ae94e897384ef25,5ba3baeed04356d20c8457d3,2850d217-45bb-4a84-8175-f159c386f1ae,didnt-feel,correct,-99.2571465,19.4993715,2026-03-19T13:51:36.250Z
69bbff6aeae4277c3900865c,68cd8e520b1c2dd604e1e90b,2850d217-45bb-4a84-8175-f159c386f1ae,didnt-feel,dont-know,-99.228679,19.9650206,2026-03-19T13:51:38.030Z
69bbff70733b8958239fba53,5e25c510ffe2a7000a3c75ff,2850d217-45bb-4a84-8175-f159c386f1ae,didnt-feel,weaker,-99.1634999,19.4251356,2026-03-19T13:51:44.842Z
69bbff739ab22f0ea43cab74,6654d5f618a4d618a356b357,2850d217-45bb-4a84-8175-f159c386f1ae,didnt-feel,correct,-99.1497664,19.4929918,2026-03-19T13:51:47.643Z
69bbff7416d3535bc2565128,689e7a1b00362b0ee14d594f,2850d217-45bb-4a84-8175-f159c386f1ae,didnt-feel,correct,-99.1555662,19.4760917,2026-03-19T13:51:48.115Z
69bbff753ae94e897384ef60,5f7ea54cb857f1000a126919,2850d217-45bb-4a84-8175-f159c386f1ae,didnt-feel,correct,-99.0230419,19.363019599999998,2026-03-19T13:51:49.163Z
69bbff76eae4277c39008694,67191878fb01f5569461e20c,2850d217-45bb-4a84-8175-f159c386f1ae,didnt-feel,dont-know,-99.2066718,19.3386185,2026-03-19T13:51:50.607Z
69bbff769ab22f0ea43cab8f,66ad2f6053d47b10fa1bc36a,2850d217-45bb-4a84-8175-f159c386f1ae,didnt-feel,correct,-99.1284491121769,19.494818352928704,2026-03-19T13:51:50.742Z
69bbff7d3ae94e897384efb2,6784b3ebbae2e55aac25b8ad,2850d217-45bb-4a84-8175-f159c386f1ae,didnt-feel,correct,-99.0972012,19.268769,2026-03-19T13:51:57.894Z
69bbff85eae4277c390086da,5b38410767653ca6b0e1fa39,2850d217-45bb-4a84-8175-f159c386f1ae,didnt-feel,correct,-99.2684107,19.4059785,2026-03-19T13:52:05.555Z
69bbff873ae94e897384eff5,66f8d54377ebd4919dac2361,2850d217-45bb-4a84-8175-f159c386f1ae,weak,correct,-99.1373136,19.4302678,2026-03-19T13:52:07.945Z
69bbff929ab22f0ea43cac2b,5a5592b63795d40632ccb1d5,2850d217-45bb-4a84-8175-f159c386f1ae,didnt-feel,dont-know,-99.2002892,19.3674239,2026-03-19T13:52:18.686Z
69bbff9d146eacf0bb9d4e56,5a03c725e6a2a0e0b6619f12,2850d217-45bb-4a84-8175-f159c386f1ae,didnt-feel,dont-know,-99.13316309999999,19.4673105,2026-03-19T13:52:29.571Z
69bbffa286e0f5f192bd505d,61384d54199fa74f00506012,2850d217-45bb-4a84-8175-f159c386f1ae,didnt-feel,dont-know,-99.2169398,19.3649751,2026-03-19T13:52:34.289Z
69bbffa29ab22f0ea43cac76,5ba2839d3637d85639fec118,2850d217-45bb-4a84-8175-f159c386f1ae,weak,correct,-98.99700849999999,19.231755,2026-03-19T13:52:34.443Z
69bbffad16d3535bc25652a4,5a04f7b4e6a2a0e0b661baf4,2850d217-45bb-4a84-8175-f159c386f1ae,didnt-feel,dont-know,-99.185752,19.367423499999997,2026-03-19T13:52:45.345Z
69bbffae3ae94e897384f0b5,657f3e6567467b785bd264ee,2850d217-45bb-4a84-8175-f159c386f1ae,didnt-feel,dont-know,-99.1386972,19.4139923,2026-03-19T13:52:46.895Z
69bbffb39ab22f0ea43cacf1,59f78ed694b604ee748edeca,2850d217-45bb-4a84-8175-f159c386f1ae,didnt-feel,correct,-99.0952184,19.4125187,2026-03-19T13:52:51.951Z
69bbffb4733b8958239fbbf1,62c70ede620fec4fe2e97e27,2850d217-45bb-4a84-8175-f159c386f1ae,didnt-feel,correct,-99.26816420000002,19.464123,2026-03-19T13:52:52.242Z
69bbffbb733b8958239fbc09,678386bc373b98d010883589,2850d217-45bb-4a84-8175-f159c386f1ae,didnt-feel,dont-know,-99.0190385,19.3879537,2026-03-19T13:52:59.393Z
69bbffc09ab22f0ea43cad18,59f7ae7bbefbd485b6bf78a8,2850d217-45bb-4a84-8175-f159c386f1ae,didnt-feel,dont-know,-99.0822482,19.3371714,2026-03-19T13:53:04.809Z
69bbffc316d3535bc2565333,61364ee1225e88cca547d673,2850d217-45bb-4a84-8175-f159c386f1ae,didnt-feel,dont-know,-98.9493751,19.3099712,2026-03-19T13:53:07.621Z
69bbffc7eae4277c390087e5,5b169fc933d6ab0f1197a3ad,2850d217-45bb-4a84-8175-f159c386f1ae,didnt-feel,dont-know,-99.1801152,19.4017844,2026-03-19T13:53:11.309Z
69bbffc99ab22f0ea43cad63,6685b62f573408e1bfafa0f6,2850d217-45bb-4a84-8175-f159c386f1ae,didnt-feel,dont-know,-99.132101,19.434037,2026-03-19T13:53:13.067Z
69bbffd49ab22f0ea43cad8d,59f694c092c50710c3ecf168,2850d217-45bb-4a84-8175-f159c386f1ae,didnt-feel,dont-know,-99.18845084979873,19.38566535363446,2026-03-19T13:53:24.365Z
69bbffd56e5e345879976101,5a67f813ec53120623b6552f,2850d217-45bb-4a84-8175-f159c386f1ae,didnt-feel,dont-know,-99.1668002,19.3838043,2026-03-19T13:53:25.165Z
69bbffdd16d3535bc25653c0,5ff140f6473fd5000a9d6112,2850d217-45bb-4a84-8175-f159c386f1ae,didnt-feel,dont-know,-99.1442316,19.3371133,2026-03-19T13:53:33.448Z
69bbffddeae4277c39008833,59f6369992c50710c3eca6b8,2850d217-45bb-4a84-8175-f159c386f1ae,didnt-feel,weaker,-99.63579610029757,19.258686748591003,2026-03-19T13:53:33.742Z
69bbffde3ae94e897384f18b,61487c742c2a6109420af197,2850d217-45bb-4a84-8175-f159c386f1ae,didnt-feel,dont-know,-99.1915668,19.3895448,2026-03-19T13:53:34.111Z
69bbffe616d3535bc25653f6,5b9f21a829837c5a2757e266,2850d217-45bb-4a84-8175-f159c386f1ae,didnt-feel,weaker,-98.8931714,19.314606,2026-03-19T13:53:42.063Z
69bbffe76e5e34587997614e,59f7f1f17c1642f6b3de0b52,2850d217-45bb-4a84-8175-f159c386f1ae,didnt-feel,correct,-99.1840215,19.26994,2026-03-19T13:53:43.858Z
69bbfff43ae94e897384f1f6,59fa84b89c735c1b5b282deb,2850d217-45bb-4a84-8175-f159c386f1ae,didnt-feel,correct,-99.1616594,19.3039248,2026-03-19T13:53:56.689Z
69bbfff9eae4277c390088bb,6974f63ecdf8534c82aca68f,2850d217-45bb-4a84-8175-f159c386f1ae,didnt-feel,dont-know,-99.132101,19.434037,2026-03-19T13:54:01.135Z
69bbfffa3ae94e897384f20d,5a108a26b202584a119d8708,2850d217-45bb-4a84-8175-f159c386f1ae,didnt-feel,dont-know,-99.18852079999999,19.4409348,2026-03-19T13:54:02.453Z
69bbfffb733b8958239fbd36,5a8788d1516763ab118fea86,2850d217-45bb-4a84-8175-f159c386f1ae,didnt-feel,dont-know,-99.09428146565955,19.410723048215058,2026-03-19T13:54:03.852Z
69bbfffc146eacf0bb9d5086,65789c703ee10a4294cd8375,2850d217-45bb-4a84-8175-f159c386f1ae,didnt-feel,correct,-100.462373,19.5669216,2026-03-19T13:54:04.954Z
69bc000b86e0f5f192bd524b,5b204372f1b6d1254e6498f6,2850d217-45bb-4a84-8175-f159c386f1ae,weak,correct,-99.0869188,19.4729657,2026-03-19T13:54:19.398Z
69bc000c86e0f5f192bd524f,5a8b3dd92ed5a173601075a6,2850d217-45bb-4a84-8175-f159c386f1ae,didnt-feel,dont-know,-99.1248628,19.2909523,2026-03-19T13:54:20.573Z
69bc000d9ab22f0ea43cae58,5b6f1a64ebf9c6457955e311,2850d217-45bb-4a84-8175-f159c386f1ae,didnt-feel,correct,-99.536755,19.297818499999998,2026-03-19T13:54:21.290Z
69bc000f16d3535bc2565478,695a7a55f0da557902930cdf,2850d217-45bb-4a84-8175-f159c386f1ae,moderate,correct,-99.88087039999999,16.866395,2026-03-19T13:54:23.339Z
69bc001a6e5e345879976240,698ac6e8dd9150ba4398937f,2850d217-45bb-4a84-8175-f159c386f1ae,didnt-feel,dont-know,-98.1707562,19.0144545,2026-03-19T13:54:34.093Z
69bc001b9ab22f0ea43caec4,59f7ed907c1642f6b3de04fb,2850d217-45bb-4a84-8175-f159c386f1ae,didnt-feel,correct,-99.09443549999999,19.3189878,2026-03-19T13:54:35.621Z
69bc001d146eacf0bb9d5103,632c093b6758bd12cab34cca,2850d217-45bb-4a84-8175-f159c386f1ae,didnt-feel,dont-know,-99.132101,19.434037,2026-03-19T13:54:37.585Z
69bc0024eae4277c39008968,6055742ec9f074000a0e4fc3,2850d217-45bb-4a84-8175-f159c386f1ae,didnt-feel,dont-know,-99.21413659999999,19.447734399999998,2026-03-19T13:54:44.996Z
69bc002b733b8958239fbe6d,6784420ebae2e55aac1ed608,2850d217-45bb-4a84-8175-f159c386f1ae,didnt-feel,dont-know,-98.9035252,19.4159232,2026-03-19T13:54:51.055Z
69bc0034eae4277c390089ad,59f7ead47c1642f6b3de0107,2850d217-45bb-4a84-8175-f159c386f1ae,weak,correct,-99.90931365911096,16.838984262908,2026-03-19T13:55:00.414Z
69bc00379ab22f0ea43caf50,59fa2f73543d32d8d527b563,2850d217-45bb-4a84-8175-f159c386f1ae,didnt-feel,dont-know,-99.2944689,19.5500978,2026-03-19T13:55:03.877Z
69bc00379ab22f0ea43caf52,59f7ead47c1642f6b3de0107,2850d217-45bb-4a84-8175-f159c386f1ae,weak,correct,-99.90931365911096,16.838984262908,2026-03-19T13:55:03.908Z
69bc00426e5e3458799763bb,59fb4141e7cc27a388086283,2850d217-45bb-4a84-8175-f159c386f1ae,didnt-feel,correct,-99.0308525,19.419399,2026-03-19T13:55:14.212Z
69bc0042733b8958239fbed6,61c9e22db9532a01a00425cb,2850d217-45bb-4a84-8175-f159c386f1ae,didnt-feel,correct,-99.0806088,19.4846935,2026-03-19T13:55:14.378Z
69bc00509ab22f0ea43cafee,69a5cf94944276f7fcdacfe6,2850d217-45bb-4a84-8175-f159c386f1ae,didnt-feel,correct,-99.1415262,19.4774778,2026-03-19T13:55:28.372Z
69bc00533ae94e897384f3ec,59fb3f16e7cc27a388083d0d,2850d217-45bb-4a84-8175-f159c386f1ae,didnt-feel,correct,-103.3915686,20.5319348,2026-03-19T13:55:31.063Z
69bc005416d3535bc256560b,5a8793ca212109ec275fa492,2850d217-45bb-4a84-8175-f159c386f1ae,didnt-feel,correct,-99.132101,19.434037,2026-03-19T13:55:32.165Z
69bc005486e0f5f192bd548f,62cbc1aa239d607ec6a8688c,2850d217-45bb-4a84-8175-f159c386f1ae,didnt-feel,dont-know,-99.0073673,19.4102526,2026-03-19T13:55:32.500Z
69bc00559ab22f0ea43cb0f6,643f756d14525084bf3011c6,2850d217-45bb-4a84-8175-f159c386f1ae,didnt-feel,correct,-99.0578,19.468891499999998,2026-03-19T13:55:33.698Z
69bc0056146eacf0bb9d5259,6784355cbae2e55aac1dfb28,2850d217-45bb-4a84-8175-f159c386f1ae,didnt-feel,dont-know,-99.1267445,19.3183806,2026-03-19T13:55:34.632Z
69bc005986e0f5f192bd549d,643f756d14525084bf3011c6,2850d217-45bb-4a84-8175-f159c386f1ae,didnt-feel,correct,-99.0578,19.468891499999998,2026-03-19T13:55:37.385Z
69bc005e86e0f5f192bd54ca,632fcdc2fe84d537f9159c7f,2850d217-45bb-4a84-8175-f159c386f1ae,didnt-feel,correct,-98.8886672,19.3188392,2026-03-19T13:55:42.249Z
69bc00636e5e34587997643c,59ff91badd313346a249b4b2,2850d217-45bb-4a84-8175-f159c386f1ae,didnt-feel,dont-know,-99.1698933,19.3845688,2026-03-19T13:55:47.954Z
69bc00673ae94e897384f4b0,6829596501d2bbcd336e14b5,2850d217-45bb-4a84-8175-f159c386f1ae,didnt-feel,dont-know,-99.1905974,19.4887086,2026-03-19T13:55:51.299Z
69bc006b16d3535bc2565652,5a415f73c8ba9f2af3998ef7,2850d217-45bb-4a84-8175-f159c386f1ae,didnt-feel,dont-know,-99.1248628,19.4205826,2026-03-19T13:55:55.072Z
69bc00709ab22f0ea43cb156,605d18a4d50a94000a8f4824,2850d217-45bb-4a84-8175-f159c386f1ae,didnt-feel,dont-know,-99.16498910000001,19.3287038,2026-03-19T13:56:00.350Z
69bc007c146eacf0bb9d531f,59f77bbf05e024e0e343f260,2850d217-45bb-4a84-8175-f159c386f1ae,didnt-feel,dont-know,-99.1483827,19.3648912,2026-03-19T13:56:12.708Z
69bc00816e5e34587997655c,59fa1b799c735c1b5b27f65f,2850d217-45bb-4a84-8175-f159c386f1ae,didnt-feel,dont-know,-98.9880319,19.3434287,2026-03-19T13:56:17.974Z
69bc00823ae94e897384f52b,60557bd92c9091000a6049fa,2850d217-45bb-4a84-8175-f159c386f1ae,weak,dont-know,-99.2326042,19.3900555,2026-03-19T13:56:18.552Z
69bc008b733b8958239fc054,63227811c590e49e1e4bb893,2850d217-45bb-4a84-8175-f159c386f1ae,didnt-feel,weaker,-99.2765104,19.3993149,2026-03-19T13:56:27.569Z
69bc008beae4277c39008b25,5ef2289e6d7b79000b800a61,2850d217-45bb-4a84-8175-f159c386f1ae,didnt-feel,dont-know,-99.10204130000001,19.478457799999997,2026-03-19T13:56:27.697Z
69bc009186e0f5f192bd558a,5a87b74c516763ab1190f70a,2850d217-45bb-4a84-8175-f159c386f1ae,didnt-feel,correct,-99.59918470000001,19.2661698,2026-03-19T13:56:33.006Z
69bc0091146eacf0bb9d5359,68bba40811367c50ad69145b,2850d217-45bb-4a84-8175-f159c386f1ae,didnt-feel,correct,-99.132101,19.434037,2026-03-19T13:56:33.182Z
69bc00966e5e3458799765b0,61fac987763aa07f1b769553,2850d217-45bb-4a84-8175-f159c386f1ae,didnt-feel,dont-know,-99.2092897,19.880516,2026-03-19T13:56:38.062Z
69bc00999ab22f0ea43cb260,61fac987763aa07f1b769553,2850d217-45bb-4a84-8175-f159c386f1ae,didnt-feel,dont-know,-99.2092897,19.880516,2026-03-19T13:56:41.537Z
69bc00a3733b8958239fc0de,67afe3a8b85ace5eb42e8ae5,2850d217-45bb-4a84-8175-f159c386f1ae,didnt-feel,dont-know,-99.132101,19.434037,2026-03-19T13:56:51.549Z
69bc00a5146eacf0bb9d53a4,5b2741b38a54dae49eba468c,2850d217-45bb-4a84-8175-f159c386f1ae,didnt-feel,dont-know,-98.208995,19.033590999999998,2026-03-19T13:56:53.112Z
69bc00a6146eacf0bb9d53a7,5ab15902721d18a4c9f8f038,2850d217-45bb-4a84-8175-f159c386f1ae,didnt-feel,weaker,-99.1477982124809,19.373810921974993,2026-03-19T13:56:54.342Z
69bc00a76e5e34587997663e,68bba40811367c50ad69145b,2850d217-45bb-4a84-8175-f159c386f1ae,didnt-feel,correct,-99.132101,19.434037,2026-03-19T13:56:55.032Z
69bc00bd733b8958239fc1b8,6145646ffe541c0d14e33aba,2850d217-45bb-4a84-8175-f159c386f1ae,didnt-feel,correct,-99.6204827,18.9110151,2026-03-19T13:57:17.032Z
69bc00bfeae4277c39008c3b,69ac6d66623f92afed2cc5fa,2850d217-45bb-4a84-8175-f159c386f1ae,didnt-feel,dont-know,-99.19613539999999,19.4515965,2026-03-19T13:57:19.346Z
69bc00c7733b8958239fc1e5,59f94bb7879b74cfcf2bf376,2850d217-45bb-4a84-8175-f159c386f1ae,didnt-feel,correct,-99.1511501,19.3657583,2026-03-19T13:57:27.299Z
69bc00c73ae94e897384f6c3,663859ec79f891627aca0b57,2850d217-45bb-4a84-8175-f159c386f1ae,didnt-feel,correct,-98.10655159999999,19.4409672,2026-03-19T13:57:27.393Z
69bc00cd86e0f5f192bd5764,5a42e1cddc03ee737754f7b3,2850d217-45bb-4a84-8175-f159c386f1ae,didnt-feel,dont-know,-101.21129599999999,19.699450499999998,2026-03-19T13:57:33.441Z
69bc00cf86e0f5f192bd5793,5c231a346febe609dfdcf642,2850d217-45bb-4a84-8175-f159c386f1ae,didnt-feel,dont-know,-99.1349499,19.293097799999998,2026-03-19T13:57:35.579Z
69bc00d06e5e345879976749,66f59d5cad132fb8ac9fc66a,2850d217-45bb-4a84-8175-f159c386f1ae,didnt-feel,dont-know,-99.17744619999999,19.4002495,2026-03-19T13:57:36.198Z
69bc00d5733b8958239fc233,684a2b6fd12587ba7322cfa9,2850d217-45bb-4a84-8175-f159c386f1ae,didnt-feel,correct,-98.997699,19.3650524,2026-03-19T13:57:41.846Z
69bc00d63ae94e897384f723,6935aa96cec4454ec3b9c8c7,2850d217-45bb-4a84-8175-f159c386f1ae,didnt-feel,correct,-99.19907519593835,18.91389340419162,2026-03-19T13:57:42.868Z
69bc00d96e5e34587997677d,5ac943fd13788f95456b401f,2850d217-45bb-4a84-8175-f159c386f1ae,didnt-feel,correct,-98.1215677,19.0699079,2026-03-19T13:57:45.012Z
69bc00d9733b8958239fc23f,5a8b0c795b7cc0cee080655a,2850d217-45bb-4a84-8175-f159c386f1ae,didnt-feel,correct,-99.185752,19.367423499999997,2026-03-19T13:57:45.201Z
69bc00dd146eacf0bb9d54d2,5a90aac95dc55dc95f1a00bf,2850d217-45bb-4a84-8175-f159c386f1ae,weak,correct,-99.1423009,19.4605103,2026-03-19T13:57:49.681Z
69bc00e6733b8958239fc26f,60cca63dd6f32f4fa1282719,2850d217-45bb-4a84-8175-f159c386f1ae,weak,correct,-99.1518224,19.3989022,2026-03-19T13:57:58.278Z
69bc00e686e0f5f192bd57dc,65d24ca9e49c48ce4bacc3e5,2850d217-45bb-4a84-8175-f159c386f1ae,didnt-feel,dont-know,-99.1668002,19.3838043,2026-03-19T13:57:58.912Z
69bc00ed6e5e3458799767c9,686b17af7b175e20ca429805,2850d217-45bb-4a84-8175-f159c386f1ae,didnt-feel,dont-know,-99.132101,19.434037,2026-03-19T13:58:05.304Z
69bc00f0eae4277c39008d33,5a5fa3f8ec53120623b61b94,2850d217-45bb-4a84-8175-f159c386f1ae,didnt-feel,dont-know,-99.1539178,19.394073400000003,2026-03-19T13:58:08.645Z
69bc00f086e0f5f192bd57fe,59f6cc0a178b28f9fbf3ec53,2850d217-45bb-4a84-8175-f159c386f1ae,didnt-feel,correct,-99.132101,19.434037,2026-03-19T13:58:08.847Z
69bc00f56e5e3458799767d9,60e51c4ea63d94170a0e8348,2850d217-45bb-4a84-8175-f159c386f1ae,didnt-feel,correct,-99.2314492,18.7955184,2026-03-19T13:58:13.444Z
69bc01126e5e345879976871,691a853d4e21d5f58f334a07,2850d217-45bb-4a84-8175-f159c386f1ae,weak,correct,-99.10549859999999,19.6514505,2026-03-19T13:58:42.251Z
69bc01153ae94e897384f90a,5a0623c995975e38ad362d08,2850d217-45bb-4a84-8175-f159c386f1ae,didnt-feel,correct,-99.2532657,18.9323555,2026-03-19T13:58:45.917Z
69bc011986e0f5f192bd58af,5a88f2ea212109ec2762ee0d,2850d217-45bb-4a84-8175-f159c386f1ae,didnt-feel,dont-know,-99.0046048,19.2895695,2026-03-19T13:58:49.478Z
69bc011c733b8958239fc375,698f49b6db948d54117476b2,2850d217-45bb-4a84-8175-f159c386f1ae,didnt-feel,correct,-99.132101,19.434037,2026-03-19T13:58:52.540Z
69bc012a9ab22f0ea43cb4d1,68110e23c2be252da37f4749,2850d217-45bb-4a84-8175-f159c386f1ae,didnt-feel,weaker,-99.21413659999999,19.447734399999998,2026-03-19T13:59:06.120Z
69bc01353ae94e897384f9b7,6957f7c104fc734648c4bfef,2850d217-45bb-4a84-8175-f159c386f1ae,didnt-feel,dont-know,-99.73578488454223,19.281410313126575,2026-03-19T13:59:17.784Z
69bc0137eae4277c39008eee,6145ff4d77b9708f2d69ac7f,2850d217-45bb-4a84-8175-f159c386f1ae,didnt-feel,dont-know,-99.0218179,19.6282185,2026-03-19T13:59:19.917Z
69bc013e86e0f5f192bd5971,65cb5eda4ccc2940dace5d12,2850d217-45bb-4a84-8175-f159c386f1ae,weak,correct,-99.89483159999999,16.8628023,2026-03-19T13:59:26.913Z
69bc01436e5e345879976a60,64a41ae5e4d91449b21bdb5c,2850d217-45bb-4a84-8175-f159c386f1ae,didnt-feel,correct,-99.1594532,19.417363899999998,2026-03-19T13:59:31.086Z
69bc014686e0f5f192bd59a6,5ee23e806100f4000ddea13f,2850d217-45bb-4a84-8175-f159c386f1ae,didnt-feel,dont-know,-99.2226278,19.4557695,2026-03-19T13:59:34.301Z
69bc014f146eacf0bb9d5720,59f72059178b28f9fbf4066d,2850d217-45bb-4a84-8175-f159c386f1ae,didnt-feel,dont-know,-99.1786145,19.4014775,2026-03-19T13:59:43.032Z
69bc015c733b8958239fc4b6,59fb5034abf765a5c2f46383,2850d217-45bb-4a84-8175-f159c386f1ae,weak,correct,-99.8097037,16.7983549,2026-03-19T13:59:56.351Z
69bc01769ab22f0ea43cb68b,59fb4349e7cc27a3880870a5,2850d217-45bb-4a84-8175-f159c386f1ae,weak,correct,-99.0308525,19.5166635,2026-03-19T14:00:22.436Z
69bc01773ae94e897384fb1a,65864f37c83e3eb053ed25bb,2850d217-45bb-4a84-8175-f159c386f1ae,didnt-feel,dont-know,-99.03898721560836,19.59779734298334,2026-03-19T14:00:23.276Z
69bc0181733b8958239fc5cb,59f8686a7c71e00aeddc9dfd,2850d217-45bb-4a84-8175-f159c386f1ae,weak,correct,-99.4888024,17.5494724,2026-03-19T14:00:33.848Z
69bc0188733b8958239fc617,6234ee31e18feb10210ec942,2850d217-45bb-4a84-8175-f159c386f1ae,didnt-feel,correct,-99.11379699999999,19.3857814,2026-03-19T14:00:40.059Z
69bc0192eae4277c390090e9,694e4ca720ec4b78afdf7331,2850d217-45bb-4a84-8175-f159c386f1ae,didnt-feel,correct,-99.132101,19.434037,2026-03-19T14:00:50.529Z
69bc019d6e5e345879976d6c,5a9dc0d2cb681967da7bce14,2850d217-45bb-4a84-8175-f159c386f1ae,didnt-feel,dont-know,-99.1539178,19.311586899999998,2026-03-19T14:01:01.882Z
69bc019e733b8958239fc66b,5aabd2a13625fd74263e861f,2850d217-45bb-4a84-8175-f159c386f1ae,didnt-feel,dont-know,-99.1264763,19.475981,2026-03-19T14:01:02.901Z
69bc01a29ab22f0ea43cb757,59f880c7543d32d8d526d9f0,2850d217-45bb-4a84-8175-f159c386f1ae,didnt-feel,dont-know,-99.1925856,19.3717033,2026-03-19T14:01:06.704Z
69bc01a39ab22f0ea43cb759,63dc379dac99a06f70bb1b60,2850d217-45bb-4a84-8175-f159c386f1ae,didnt-feel,correct,-99.13385489999999,19.4046606,2026-03-19T14:01:07.539Z
69bc01ac6e5e345879976dd3,5d6405b5db64a6b5b30b175c,2850d217-45bb-4a84-8175-f159c386f1ae,weak,correct,-99.8752866,16.8608308,2026-03-19T14:01:16.002Z
69bc01ac86e0f5f192bd5be5,609d5a728b20895205093377,2850d217-45bb-4a84-8175-f159c386f1ae,didnt-feel,dont-know,-99.0320044,19.5367997,2026-03-19T14:01:16.422Z
69bc01c36e5e345879976e50,5b0239a4e583c5252dadfcd9,2850d217-45bb-4a84-8175-f159c386f1ae,didnt-feel,dont-know,-98.2349701,19.143041999999998,2026-03-19T14:01:39.995Z
69bc01d16e5e345879976e89,643f7686fa3f93d68c1f5bc5,2850d217-45bb-4a84-8175-f159c386f1ae,didnt-feel,dont-know,-101.1866175,19.6859084,2026-03-19T14:01:53.658Z
69bc01dceae4277c39009265,695b18f08fd967b56383c7f5,2850d217-45bb-4a84-8175-f159c386f1ae,didnt-feel,dont-know,-99.1430841,19.4589133,2026-03-19T14:02:04.034Z
69bc01e33ae94e897384fde4,664ea04481a7d80b06bb02fa,2850d217-45bb-4a84-8175-f159c386f1ae,didnt-feel,correct,-99.1399279,19.3669768,2026-03-19T14:02:11.754Z
69bc01e6733b8958239fc85f,59f762b7ae9196d83db14681,2850d217-45bb-4a84-8175-f159c386f1ae,didnt-feel,dont-know,-99.146999,19.6847133,2026-03-19T14:02:14.864Z
69bc01e69ab22f0ea43cb8c8,63fa7070b9a3c2e36266f8cf,2850d217-45bb-4a84-8175-f159c386f1ae,didnt-feel,dont-know,-99.2134442,19.469129799999997,2026-03-19T14:02:14.867Z
69bc01e7733b8958239fc86a,6329460be666fd62e8b655d1,2850d217-45bb-4a84-8175-f159c386f1ae,didnt-feel,dont-know,-99.1220962,19.4649224,2026-03-19T14:02:15.876Z
69bc01e886e0f5f192bd5e1e,65394602778953a8a3a3fe1c,2850d217-45bb-4a84-8175-f159c386f1ae,didnt-feel,dont-know,-99.1720514,19.4077569,2026-03-19T14:02:16.904Z
69bc01ed3ae94e897384fe59,6957fea2feb54a570fa6baff,2850d217-45bb-4a84-8175-f159c386f1ae,didnt-feel,dont-know,-99.1274282,19.4927146,2026-03-19T14:02:21.389Z
69bc01efeae4277c390092e5,5ba9a7bc78fda76df5972410,2850d217-45bb-4a84-8175-f159c386f1ae,didnt-feel,weaker,-99.6536246,19.2681184,2026-03-19T14:02:23.625Z
69bc01f7733b8958239fc8e6,64440fe2ce479f584d6c6cd0,2850d217-45bb-4a84-8175-f159c386f1ae,didnt-feel,weaker,-99.132101,19.434037,2026-03-19T14:02:31.226Z
69bc01fb733b8958239fc8fc,5b0314ede797fe7109a2d8be,2850d217-45bb-4a84-8175-f159c386f1ae,didnt-feel,dont-know,-99.1897357,19.3668436,2026-03-19T14:02:35.485Z
69bc01fb9ab22f0ea43cb92e,59f6645b26457201db66a963,2850d217-45bb-4a84-8175-f159c386f1ae,didnt-feel,dont-know,-99.1173418,19.3974999,2026-03-19T14:02:35.711Z
69bc020186e0f5f192bd5f13,5ba29497c780b255a27acaca,2850d217-45bb-4a84-8175-f159c386f1ae,didnt-feel,dont-know,-99.0673987,19.3205947,2026-03-19T14:02:41.034Z
69bc02023ae94e897384fee1,5a8dadb4fac9d54e5d00497e,2850d217-45bb-4a84-8175-f159c386f1ae,didnt-feel,correct,-99.0355891,19.6292205,2026-03-19T14:02:42.300Z
69bc020386e0f5f192bd5f2d,6509d7b1a19d699d2cbea08d,2850d217-45bb-4a84-8175-f159c386f1ae,didnt-feel,dont-know,-99.2493721,19.4113919,2026-03-19T14:02:43.461Z
69bc02059ab22f0ea43cba1f,59f7c475a5c308a413942241,2850d217-45bb-4a84-8175-f159c386f1ae,didnt-feel,dont-know,-99.0330005,19.3593653,2026-03-19T14:02:45.655Z
69bc02079ab22f0ea43cba2b,66f5c6eaf5350a3162a404c2,2850d217-45bb-4a84-8175-f159c386f1ae,didnt-feel,weaker,-99.1165633,19.479936,2026-03-19T14:02:47.972Z
69bc020b9ab22f0ea43cba36,64402ca48481f69f59f5ebbf,2850d217-45bb-4a84-8175-f159c386f1ae,didnt-feel,correct,-99.22971779999999,19.358198299999998,2026-03-19T14:02:51.132Z
69bc020f86e0f5f192bd5fa0,5ab14a0ae3574302d17e90fa,2850d217-45bb-4a84-8175-f159c386f1ae,didnt-feel,dont-know,-99.1435398,19.479309699999998,2026-03-19T14:02:55.301Z
69bc0216eae4277c390093ff,695d6d392b6fc3c8bcacbaca,2850d217-45bb-4a84-8175-f159c386f1ae,weak,correct,-100.08632689999999,16.9744662,2026-03-19T14:03:02.609Z
69bc02219ab22f0ea43cbaca,696aceb78766b3cc6ee8d7bf,2850d217-45bb-4a84-8175-f159c386f1ae,didnt-feel,dont-know,-98.96923134103417,19.697989704587645,2026-03-19T14:03:13.000Z
69bc0221733b8958239fca1f,5bb13790181e67a2d41b4f9e,2850d217-45bb-4a84-8175-f159c386f1ae,weak,correct,-99.01130145415664,19.606667572738992,2026-03-19T14:03:13.489Z
69bc022586e0f5f192bd6047,6186f736bf9fc548d07571a3,2850d217-45bb-4a84-8175-f159c386f1ae,didnt-feel,dont-know,-101.1922501,19.7014309,2026-03-19T14:03:17.836Z
69bc0228146eacf0bb9d5da7,6969e2b31308a1b5d340d60f,2850d217-45bb-4a84-8175-f159c386f1ae,weak,correct,-98.2500125,19.0612539,2026-03-19T14:03:20.092Z
69bc02289ab22f0ea43cbaf2,661194e9bb484f09ee28e7cd,2850d217-45bb-4a84-8175-f159c386f1ae,didnt-feel,correct,-99.2134442,19.5280593,2026-03-19T14:03:20.320Z
69bc0229733b8958239fca61,5a86566e4b23ae79f1494f9b,2850d217-45bb-4a84-8175-f159c386f1ae,didnt-feel,weaker,-99.1543481,19.339029,2026-03-19T14:03:21.802Z
69bc022d9ab22f0ea43cbb05,649f0a6aff45ee7714db539c,2850d217-45bb-4a84-8175-f159c386f1ae,didnt-feel,dont-know,-99.0696653,19.7690406,2026-03-19T14:03:25.067Z
69bc0230146eacf0bb9d5dec,59fe039f61c0127ef0344a3d,2850d217-45bb-4a84-8175-f159c386f1ae,didnt-feel,correct,-99.10619009999999,19.488563400000004,2026-03-19T14:03:28.888Z
69bc023186e0f5f192bd608a,68d7fb93856dbde5e8539282,2850d217-45bb-4a84-8175-f159c386f1ae,didnt-feel,dont-know,-99.25500029999999,19.3904162,2026-03-19T14:03:29.364Z
69bc02329ab22f0ea43cbb2f,60d371b5565f9934bb4f6c64,2850d217-45bb-4a84-8175-f159c386f1ae,didnt-feel,correct,-99.1373136,19.4302678,2026-03-19T14:03:30.618Z
69bc02333ae94e8973850074,696a41384cacff361f0ad6dc,2850d217-45bb-4a84-8175-f159c386f1ae,weak,weaker,-98.953723,19.2409458,2026-03-19T14:03:31.476Z
69bc023386e0f5f192bd6093,6055691056b3ea000a25bd35,2850d217-45bb-4a84-8175-f159c386f1ae,didnt-feel,correct,-99.2466874,19.361385,2026-03-19T14:03:31.741Z
69bc02363ae94e8973850085,6783c5f9dfdc7585792492d0,2850d217-45bb-4a84-8175-f159c386f1ae,didnt-feel,dont-know,-101.1610878959959,19.690263147005307,2026-03-19T14:03:34.906Z
69bc0237eae4277c39009568,6807a2d32aafa9f3b8ceec5b,2850d217-45bb-4a84-8175-f159c386f1ae,didnt-feel,correct,-99.57291149999999,18.3582201,2026-03-19T14:03:35.755Z
69bc02393ae94e897385008c,59f7a33cbc77845687ced7ed,2850d217-45bb-4a84-8175-f159c386f1ae,didnt-feel,correct,-99.2201233,19.3282821,2026-03-19T14:03:37.152Z
69bc023ceae4277c39009590,69b81aed705938192a4d7a12,2850d217-45bb-4a84-8175-f159c386f1ae,didnt-feel,correct,-99.132101,19.434037,2026-03-19T14:03:40.461Z
69bc023feae4277c390095b2,5a878198212109ec275f2670,2850d217-45bb-4a84-8175-f159c386f1ae,didnt-feel,dont-know,-99.1618375,19.351877,2026-03-19T14:03:43.453Z
69bc0246733b8958239fcbee,5a8bc7ffbc4acda7d930c503,2850d217-45bb-4a84-8175-f159c386f1ae,didnt-feel,dont-know,-98.86526053301327,19.782156985519872,2026-03-19T14:03:50.067Z
69bc024b9ab22f0ea43cbc3c,5a17119a5ca2e1ec1825f5d5,2850d217-45bb-4a84-8175-f159c386f1ae,didnt-feel,dont-know,-99.1228789,19.3807713,2026-03-19T14:03:55.354Z
69bc024d86e0f5f192bd61c0,59fdea791145d83efcb77ce0,2850d217-45bb-4a84-8175-f159c386f1ae,weak,correct,-99.7617941,16.7515964,2026-03-19T14:03:57.294Z
69bc02553ae94e89738501fd,61d5d30782b3d0ab5930f1f9,2850d217-45bb-4a84-8175-f159c386f1ae,didnt-feel,correct,-99.1601925,19.4180436,2026-03-19T14:04:05.155Z
69bc0255733b8958239fcc83,59f74d2c94b604ee748e74bb,2850d217-45bb-4a84-8175-f159c386f1ae,weak,correct,-99.8825719,16.8635438,2026-03-19T14:04:05.904Z
69bc02599ab22f0ea43cbce1,5b0c5e40e6e2755ebc3778bc,2850d217-45bb-4a84-8175-f159c386f1ae,didnt-feel,correct,-99.05108639999999,19.4897071,2026-03-19T14:04:09.868Z
69bc025c86e0f5f192bd6223,67d73d5993140e6e6d635f65,2850d217-45bb-4a84-8175-f159c386f1ae,didnt-feel,correct,-99.0301617,19.4083819,2026-03-19T14:04:12.011Z
69bc025d86e0f5f192bd622c,59f740cf26457201db677f07,2850d217-45bb-4a84-8175-f159c386f1ae,didnt-feel,correct,-99.2395473,19.2627822,2026-03-19T14:04:13.411Z
69bc025d3ae94e897385025a,6783849899c0cbee5bc8e22d,2850d217-45bb-4a84-8175-f159c386f1ae,didnt-feel,correct,-99.16675,19.3301617,2026-03-19T14:04:13.614Z
69bc025e9ab22f0ea43cbd8e,5a06202924d403e624c207da,2850d217-45bb-4a84-8175-f159c386f1ae,didnt-feel,correct,-98.19532760000001,19.0607437,2026-03-19T14:04:14.687Z
69bc025e733b8958239fccb6,5a8b250a7bab68e8d71d28cc,2850d217-45bb-4a84-8175-f159c386f1ae,didnt-feel,weaker,-99.0644694,19.4045648,2026-03-19T14:04:14.940Z
69bc0260146eacf0bb9d5fa3,59f6638592c50710c3ecc10a,2850d217-45bb-4a84-8175-f159c386f1ae,didnt-feel,correct,-99.21136655811252,19.447087018403654,2026-03-19T14:04:16.809Z
69bc026786e0f5f192bd6276,5b7da819b6dc7f0ff6d3cbb6,2850d217-45bb-4a84-8175-f159c386f1ae,didnt-feel,dont-know,-98.2914015,19.0920923,2026-03-19T14:04:23.357Z
69bc0267146eacf0bb9d5fcd,59f6429c92c50710c3ecaab1,2850d217-45bb-4a84-8175-f159c386f1ae,didnt-feel,dont-know,-99.176062,18.898293100000004,2026-03-19T14:04:23.655Z
69bc026c3ae94e89738502c0,650f3ac5b62364363d28727c,2850d217-45bb-4a84-8175-f159c386f1ae,didnt-feel,correct,-99.008949,19.3859138,2026-03-19T14:04:28.259Z
69bc028086e0f5f192bd6372,6957d0a0b01a574f0f6babd2,2850d217-45bb-4a84-8175-f159c386f1ae,didnt-feel,correct,-97.7661188,19.2402402,2026-03-19T14:04:48.846Z
69bc0284146eacf0bb9d6097,5cc60094d7ac6ac56f5a5f45,2850d217-45bb-4a84-8175-f159c386f1ae,didnt-feel,correct,-99.24893012481125,19.385202069716396,2026-03-19T14:04:52.536Z
69bc028d9ab22f0ea43cbf07,59fb43ac728a60c734571a2a,2850d217-45bb-4a84-8175-f159c386f1ae,didnt-feel,dont-know,-99.17307204183837,19.41213071022074,2026-03-19T14:05:01.968Z
69bc0291146eacf0bb9d60f9,5a0e0245b202584a119d3611,2850d217-45bb-4a84-8175-f159c386f1ae,didnt-feel,correct,-99.0170369,19.378828,2026-03-19T14:05:05.854Z
69bc0294146eacf0bb9d6100,5afc575c632f186b08b8e1fe,2850d217-45bb-4a84-8175-f159c386f1ae,didnt-feel,dont-know,-98.2376984,19.1459704,2026-03-19T14:05:08.137Z
69bc0296733b8958239fce8b,613afab423be7053fed21442,2850d217-45bb-4a84-8175-f159c386f1ae,didnt-feel,dont-know,-99.1354814,19.4514314,2026-03-19T14:05:10.586Z
69bc02aaeae4277c390099af,65054a8dd742f40e2f5f5b3a,2850d217-45bb-4a84-8175-f159c386f1ae,didnt-feel,weaker,-99.1581936,19.3887725,2026-03-19T14:05:30.289Z
69bc02b486e0f5f192bd64e6,63308e000b01f3540c7b2dac,2850d217-45bb-4a84-8175-f159c386f1ae,didnt-feel,correct,-99.14007660996492,19.361768590757034,2026-03-19T14:05:40.077Z
69bc02c1733b8958239fcfbc,605611413ff711000b6b6912,2850d217-45bb-4a84-8175-f159c386f1ae,didnt-feel,dont-know,-99.0170369,19.378828,2026-03-19T14:05:53.814Z
69bc02cb146eacf0bb9d62c5,60d904eba63d9485620c567f,2850d217-45bb-4a84-8175-f159c386f1ae,didnt-feel,dont-know,-99.1028894,19.2622367,2026-03-19T14:06:03.748Z
69bc02d086e0f5f192bd657a,59f7d6e8974f6fef2f44c7c3,2850d217-45bb-4a84-8175-f159c386f1ae,didnt-feel,correct,-99.65501689999999,19.2901119,2026-03-19T14:06:08.661Z
69bc02d13ae94e8973850626,66b6dad42065b5163432e392,2850d217-45bb-4a84-8175-f159c386f1ae,didnt-feel,dont-know,-99.0654022,19.4103067,2026-03-19T14:06:09.191Z
69bc02d63ae94e897385063d,67dd997cdd0a5b0f11b20ce1,2850d217-45bb-4a84-8175-f159c386f1ae,didnt-feel,dont-know,-98.4314455,18.9167132,2026-03-19T14:06:14.259Z
69bc02d69ab22f0ea43cc09a,68c0a350c51f3c9adaf527ae,2850d217-45bb-4a84-8175-f159c386f1ae,didnt-feel,correct,-98.1864452,18.985192299999998,2026-03-19T14:06:14.982Z
69bc02d786e0f5f192bd65ca,59f6759e178b28f9fbf38087,2850d217-45bb-4a84-8175-f159c386f1ae,didnt-feel,dont-know,-99.18995518237352,19.425902961600862,2026-03-19T14:06:15.898Z
69bc02db3ae94e89738506a2,67dd997cdd0a5b0f11b20ce1,2850d217-45bb-4a84-8175-f159c386f1ae,didnt-feel,dont-know,-98.4314455,18.9167132,2026-03-19T14:06:19.811Z
69bc02dc146eacf0bb9d6322,5a3b5274c8ba9f2af3994131,2850d217-45bb-4a84-8175-f159c386f1ae,didnt-feel,dont-know,-99.04328869999999,19.3819423,2026-03-19T14:06:20.863Z
69bc02e2146eacf0bb9d6352,5a3b5274c8ba9f2af3994131,2850d217-45bb-4a84-8175-f159c386f1ae,didnt-feel,dont-know,-99.04328869999999,19.3819423,2026-03-19T14:06:26.195Z
69bc02e7146eacf0bb9d6365,59f87df5879b74cfcf2b52da,2850d217-45bb-4a84-8175-f159c386f1ae,didnt-feel,dont-know,-99.63473351308309,19.2612545984596,2026-03-19T14:06:31.520Z
69bc02e93ae94e8973850701,5a8779b4516763ab118f2f2e,2850d217-45bb-4a84-8175-f159c386f1ae,didnt-feel,dont-know,-101.20456850000001,19.6694341,2026-03-19T14:06:33.831Z
69bc02ed3ae94e897385071b,59f88e85879b74cfcf2b70a3,2850d217-45bb-4a84-8175-f159c386f1ae,didnt-feel,dont-know,-100.71824099999999,20.030983499999998,2026-03-19T14:06:37.058Z
69bc02ee733b8958239fd0e0,5b7db5349386d5c964d63cb7,2850d217-45bb-4a84-8175-f159c386f1ae,didnt-feel,dont-know,-99.16498910000001,19.3287038,2026-03-19T14:06:38.704Z
69bc02ef9ab22f0ea43cc146,59f7485505e024e0e3438cd4,2850d217-45bb-4a84-8175-f159c386f1ae,didnt-feel,correct,-99.13041150651529,19.23782300534813,2026-03-19T14:06:39.076Z
69bc02f33ae94e8973850745,59f88e85879b74cfcf2b70a3,2850d217-45bb-4a84-8175-f159c386f1ae,didnt-feel,dont-know,-100.71824099999999,20.030983499999998,2026-03-19T14:06:43.946Z
69bc02f89ab22f0ea43cc192,632bff0882428c5c38c67759,2850d217-45bb-4a84-8175-f159c386f1ae,didnt-feel,dont-know,-99.03914309999999,19.430774,2026-03-19T14:06:48.029Z
69bc02fa3ae94e897385076b,6958afc6874604b18f28426f,2850d217-45bb-4a84-8175-f159c386f1ae,weak,correct,-99.8186013,16.8454416,2026-03-19T14:06:50.537Z
69bc0304146eacf0bb9d6460,5a41661d7b8b9db590caef7e,2850d217-45bb-4a84-8175-f159c386f1ae,didnt-feel,correct,-98.1290181,19.057229,2026-03-19T14:07:00.417Z
69bc03079ab22f0ea43cc206,67705f1814e6bc04e8f87f79,2850d217-45bb-4a84-8175-f159c386f1ae,strong,stronger,-99.586650878191,17.59226360895652,2026-03-19T14:07:03.852Z
69bc030e3ae94e89738507df,5bbc15f15970a01b7b480e1a,2850d217-45bb-4a84-8175-f159c386f1ae,didnt-feel,correct,-99.1767541,19.5999239,2026-03-19T14:07:10.678Z
69bc030f3ae94e89738507e1,5a04c095e6a2a0e0b661b527,2850d217-45bb-4a84-8175-f159c386f1ae,didnt-feel,correct,-99.1264763,19.475981,2026-03-19T14:07:11.029Z
69bc03119ab22f0ea43cc255,5b04d2aa307b3fb8ca50e034,2850d217-45bb-4a84-8175-f159c386f1ae,didnt-feel,dont-know,-99.04328869999999,19.2817617,2026-03-19T14:07:13.279Z
69bc0312733b8958239fd1cf,6056158f77d557000aef1327,2850d217-45bb-4a84-8175-f159c386f1ae,didnt-feel,weaker,-99.0503634,19.1999804,2026-03-19T14:07:14.934Z
69bc0313eae4277c39009c11,59f75d61ae9196d83db13d84,2850d217-45bb-4a84-8175-f159c386f1ae,didnt-feel,correct,-98.9966736,19.3877283,2026-03-19T14:07:15.776Z
69bc0315eae4277c39009c19,6892f94d9946cce97c203484,2850d217-45bb-4a84-8175-f159c386f1ae,didnt-feel,dont-know,-99.2456483,19.471536399999998,2026-03-19T14:07:17.234Z
69bc031c146eacf0bb9d6511,5a8ae50f9d7756997f909459,2850d217-45bb-4a84-8175-f159c386f1ae,didnt-feel,correct,-98.21615039999999,19.060883099999998,2026-03-19T14:07:24.798Z
69bc031c733b8958239fd204,6337ae12fd52b87f9e722e3c,2850d217-45bb-4a84-8175-f159c386f1ae,didnt-feel,dont-know,-99.1373136,19.4302678,2026-03-19T14:07:24.922Z
69bc031f9ab22f0ea43cc299,5a49c14b1a234697c32f425a,2850d217-45bb-4a84-8175-f159c386f1ae,didnt-feel,dont-know,-99.19405859999999,19.3817323,2026-03-19T14:07:27.454Z
69bc0326146eacf0bb9d654a,69890c1e755002e777a7da2f,2850d217-45bb-4a84-8175-f159c386f1ae,didnt-feel,dont-know,-99.53190581873059,19.299962042790867,2026-03-19T14:07:34.194Z
69bc032886e0f5f192bd6888,5a8c3b6cdca5f1fd3f91bf5c,2850d217-45bb-4a84-8175-f159c386f1ae,didnt-feel,correct,-99.1050653,19.2996777,2026-03-19T14:07:36.732Z
69bc03289ab22f0ea43cc2b4,6939e39a57b8a9b3b5b299e2,2850d217-45bb-4a84-8175-f159c386f1ae,didnt-feel,correct,-99.18720340356231,19.55348200762502,2026-03-19T14:07:36.947Z
69bc032beae4277c39009c90,685191d0b6f7e72a405d24e5,2850d217-45bb-4a84-8175-f159c386f1ae,didnt-feel,dont-know,-98.2651155,19.000316,2026-03-19T14:07:39.645Z
69bc03433ae94e89738508dc,5a416777dc03ee7377545b2e,2850d217-45bb-4a84-8175-f159c386f1ae,didnt-feel,dont-know,-99.18505979999999,19.2871912,2026-03-19T14:08:03.386Z
69bc0343733b8958239fd2df,5a416777dc03ee7377545b2e,2850d217-45bb-4a84-8175-f159c386f1ae,didnt-feel,dont-know,-99.18505979999999,19.2871912,2026-03-19T14:08:03.390Z
69bc0345eae4277c39009d30,67e5e0f3205cba19e2a4d9d1,2850d217-45bb-4a84-8175-f159c386f1ae,didnt-feel,correct,-99.16802390000001,19.3813647,2026-03-19T14:08:05.687Z
69bc034aeae4277c39009d49,6975423440b61c932db7a6ec,2850d217-45bb-4a84-8175-f159c386f1ae,didnt-feel,dont-know,-99.1670429,19.3659863,2026-03-19T14:08:10.244Z
69bc034ceae4277c39009d50,5a89e943516763ab11941b06,2850d217-45bb-4a84-8175-f159c386f1ae,didnt-feel,correct,-99.1029968,19.4905837,2026-03-19T14:08:12.051Z
69bc034c86e0f5f192bd698b,65275ac000e361640f33f06c,2850d217-45bb-4a84-8175-f159c386f1ae,didnt-feel,dont-know,-98.17861435934901,19.108989906587773,2026-03-19T14:08:12.265Z
69bc034d733b8958239fd33b,61d5d57012ef0143f9e94961,2850d217-45bb-4a84-8175-f159c386f1ae,didnt-feel,dont-know,-99.1251318,19.4316849,2026-03-19T14:08:13.828Z
69bc0350733b8958239fd345,5a9375a9ff886e64a754344f,2850d217-45bb-4a84-8175-f159c386f1ae,didnt-feel,dont-know,-99.1539178,19.394073400000003,2026-03-19T14:08:16.445Z
69bc0351eae4277c39009d6c,632a66512379b63cb3990ad5,2850d217-45bb-4a84-8175-f159c386f1ae,didnt-feel,dont-know,-99.24322389999999,19.378498000000004,2026-03-19T14:08:17.387Z
69bc0352eae4277c39009d72,632c78aec681120969ff8d8f,2850d217-45bb-4a84-8175-f159c386f1ae,didnt-feel,weaker,-99.96533451441077,20.428060246440893,2026-03-19T14:08:18.752Z
69bc035486e0f5f192bd69b7,632a66512379b63cb3990ad5,2850d217-45bb-4a84-8175-f159c386f1ae,didnt-feel,dont-know,-99.24322389999999,19.378498000000004,2026-03-19T14:08:20.822Z
69bc03559ab22f0ea43cc3c4,5ef28cf15a6997000a1ea35e,2850d217-45bb-4a84-8175-f159c386f1ae,didnt-feel,dont-know,-99.1947622,18.8878975,2026-03-19T14:08:21.576Z
69bc0358733b8958239fd373,632ce87bb8e99c64077bb902,2850d217-45bb-4a84-8175-f159c386f1ae,didnt-feel,dont-know,-99.08337399999999,19.3048096,2026-03-19T14:08:24.767Z
69bc035f86e0f5f192bd69fb,66d7b1f13c3b61c63d13d702,2850d217-45bb-4a84-8175-f159c386f1ae,didnt-feel,correct,-99.1701793,19.4518093,2026-03-19T14:08:31.956Z
69bc03609ab22f0ea43cc424,66a58cfb90177542b6c7e55e,2850d217-45bb-4a84-8175-f159c386f1ae,didnt-feel,weaker,-99.50956402346492,19.38718738293177,2026-03-19T14:08:32.002Z
69bc0362733b8958239fd3c1,63201fc555aaf8798a8424a4,2850d217-45bb-4a84-8175-f159c386f1ae,didnt-feel,correct,-98.9811275,19.3717667,2026-03-19T14:08:34.595Z
69bc036486e0f5f192bd6a1a,59fb925d95344bef0b30c293,2850d217-45bb-4a84-8175-f159c386f1ae,didnt-feel,weaker,-99.2203687,19.420166,2026-03-19T14:08:36.926Z
69bc03689ab22f0ea43cc471,613eb0fabeeefe526959ae30,2850d217-45bb-4a84-8175-f159c386f1ae,weak,correct,-99.138495,19.416487,2026-03-19T14:08:40.069Z
69bc0368733b8958239fd3df,6807f66be7222d821770deef,2850d217-45bb-4a84-8175-f159c386f1ae,didnt-feel,correct,-99.122682,19.2634077,2026-03-19T14:08:40.250Z
69bc0369eae4277c39009e17,605569acc9a35f000abd56b7,2850d217-45bb-4a84-8175-f159c386f1ae,didnt-feel,correct,-99.1581936,19.3887725,2026-03-19T14:08:41.055Z
69bc036f9ab22f0ea43cc4af,66a58cfb90177542b6c7e55e,2850d217-45bb-4a84-8175-f159c386f1ae,didnt-feel,weaker,-99.50956402346492,19.38718738293177,2026-03-19T14:08:47.978Z
69bc03899ab22f0ea43cc5fb,6349f1f654c6f26a418c851e,2850d217-45bb-4a84-8175-f159c386f1ae,didnt-feel,dont-know,-99.1680155,19.4313163,2026-03-19T14:09:13.910Z
69bc038d86e0f5f192bd6b32,6591e8b2f0a6e05a99eccbe8,2850d217-45bb-4a84-8175-f159c386f1ae,didnt-feel,dont-know,-99.15680659934878,19.220452510362758,2026-03-19T14:09:17.015Z
69bc0393733b8958239fd5be,632888686e5c99f13b49fd2d,2850d217-45bb-4a84-8175-f159c386f1ae,didnt-feel,dont-know,-99.098584,19.432217899999998,2026-03-19T14:09:23.125Z
69bc03979ab22f0ea43cc67e,5af7cf3addaf694059a444dd,2850d217-45bb-4a84-8175-f159c386f1ae,didnt-feel,weaker,-99.16083719999999,19.4276061,2026-03-19T14:09:27.526Z
69bc039d86e0f5f192bd6ba3,5a8841624b23ae79f14cae9a,2850d217-45bb-4a84-8175-f159c386f1ae,didnt-feel,dont-know,-98.2158297,19.341596499999998,2026-03-19T14:09:33.068Z
69bc039f86e0f5f192bd6bb7,6974dcd152ad37f39ea769a1,2850d217-45bb-4a84-8175-f159c386f1ae,didnt-feel,dont-know,-98.19927618017755,19.306335548978936,2026-03-19T14:09:35.410Z
69bc03a63ae94e8973850bb7,5a0c988c81710def8248c461,2850d217-45bb-4a84-8175-f159c386f1ae,didnt-feel,correct,-99.1802147,19.4649276,2026-03-19T14:09:42.409Z
69bc03a886e0f5f192bd6be6,6969dfa0520232669a2c66bf,2850d217-45bb-4a84-8175-f159c386f1ae,didnt-feel,dont-know,-98.20355789735913,19.047384098921512,2026-03-19T14:09:44.831Z
69bc03a9733b8958239fd6b1,5a0c988c81710def8248c461,2850d217-45bb-4a84-8175-f159c386f1ae,didnt-feel,correct,-99.1802147,19.4649276,2026-03-19T14:09:45.677Z
69bc03a9eae4277c3900a035,5fb4a8300037bd000b0a34f2,2850d217-45bb-4a84-8175-f159c386f1ae,didnt-feel,dont-know,-99.1913439,19.4412906,2026-03-19T14:09:45.821Z
69bc03adeae4277c3900a046,643f78d8f223c10eb722dd30,2850d217-45bb-4a84-8175-f159c386f1ae,didnt-feel,correct,-99.108715,19.4666904,2026-03-19T14:09:49.364Z
69bc03c186e0f5f192bd6cdc,5a086c78e6a2a0e0b661fd5e,2850d217-45bb-4a84-8175-f159c386f1ae,didnt-feel,dont-know,-99.19128970000001,18.8872399,2026-03-19T14:10:09.405Z
69bc03ca9ab22f0ea43cc810,5ac4c32898274128e264527b,2850d217-45bb-4a84-8175-f159c386f1ae,weak,correct,-99.11379699999999,19.347479800000002,2026-03-19T14:10:18.416Z
69bc03cf86e0f5f192bd6d2d,5a8a32101fd73013887f39e6,2850d217-45bb-4a84-8175-f159c386f1ae,didnt-feel,dont-know,-101.1794329,19.722725399999998,2026-03-19T14:10:23.231Z
69bc03db86e0f5f192bd6d7e,6487479c72f710f21bc4226b,2850d217-45bb-4a84-8175-f159c386f1ae,didnt-feel,correct,-99.1276295,19.3821398,2026-03-19T14:10:35.973Z
69bc03e6733b8958239fd956,5a8b7fe712d6173c680e2d36,2850d217-45bb-4a84-8175-f159c386f1ae,didnt-feel,dont-know,-99.2023662,18.939657399999998,2026-03-19T14:10:46.174Z
69bc03ed3ae94e8973850de5,67d5007e7e7f1aea37aef86f,2850d217-45bb-4a84-8175-f159c386f1ae,didnt-feel,dont-know,-99.16083719999999,19.4276061,2026-03-19T14:10:53.474Z
69bc03ee3ae94e8973850df4,59f73f6f26457201db676135,2850d217-45bb-4a84-8175-f159c386f1ae,didnt-feel,dont-know,-99.1342791,19.4621921,2026-03-19T14:10:54.727Z
69bc03f13ae94e8973850df7,693df6c357b8a9b3b5c2e061,2850d217-45bb-4a84-8175-f159c386f1ae,didnt-feel,dont-know,-99.132101,19.434037,2026-03-19T14:10:57.126Z
69bc03f13ae94e8973850df9,67d5007e7e7f1aea37aef86f,2850d217-45bb-4a84-8175-f159c386f1ae,didnt-feel,dont-know,-99.16083719999999,19.4276061,2026-03-19T14:10:57.142Z
69bc03f4eae4277c3900a266,6676598789e06af693ad88cb,2850d217-45bb-4a84-8175-f159c386f1ae,didnt-feel,dont-know,-99.2521729626605,19.340360868604602,2026-03-19T14:11:00.134Z
69bc03f6733b8958239fd9af,632a5982dc9a505762613ab4,2850d217-45bb-4a84-8175-f159c386f1ae,didnt-feel,correct,-99.18159899999999,18.6097531,2026-03-19T14:11:02.238Z
69bc03f99ab22f0ea43cc98e,59f773caae9196d83db16146,2850d217-45bb-4a84-8175-f159c386f1ae,didnt-feel,correct,-99.250151,19.3089306,2026-03-19T14:11:05.925Z
69bc03fe86e0f5f192bd6ef8,698ebbd33ecf6882e0587121,2850d217-45bb-4a84-8175-f159c386f1ae,didnt-feel,dont-know,-99.9772486,20.3808637,2026-03-19T14:11:10.638Z
69bc03ff86e0f5f192bd6efd,59f883e7879b74cfcf2b5ed5,2850d217-45bb-4a84-8175-f159c386f1ae,didnt-feel,dont-know,-97.1009488,18.8476233,2026-03-19T14:11:11.587Z
69bc040686e0f5f192bd6f1f,5a8b06919d7756997f914aa7,2850d217-45bb-4a84-8175-f159c386f1ae,didnt-feel,correct,-99.08337399999999,19.6496241,2026-03-19T14:11:18.518Z
69bc040beae4277c3900a308,629850fc98dd15b05cea041e,2850d217-45bb-4a84-8175-f159c386f1ae,didnt-feel,correct,-99.13385489999999,19.4046606,2026-03-19T14:11:23.126Z
69bc04109ab22f0ea43cca16,632c633f8a39a744946d3032,2850d217-45bb-4a84-8175-f159c386f1ae,didnt-feel,dont-know,-99.2245814,19.6677221,2026-03-19T14:11:28.095Z
69bc0411733b8958239fda6c,5a8b7fe712d6173c680e2d36,2850d217-45bb-4a84-8175-f159c386f1ae,didnt-feel,dont-know,-99.2023662,18.939657399999998,2026-03-19T14:11:29.812Z
69bc04179ab22f0ea43cca65,65caf075e49c481a43804ed9,2850d217-45bb-4a84-8175-f159c386f1ae,didnt-feel,correct,-99.132101,19.434037,2026-03-19T14:11:35.734Z
69bc041c9ab22f0ea43cca8a,5c0ad5d3150a973483936aed,2850d217-45bb-4a84-8175-f159c386f1ae,didnt-feel,correct,-98.7585316,19.6915947,2026-03-19T14:11:40.131Z
69bc041c9ab22f0ea43cca8c,6310db1def7e4a60844d597c,2850d217-45bb-4a84-8175-f159c386f1ae,didnt-feel,dont-know,-102.2494669,19.9833904,2026-03-19T14:11:40.595Z
69bc042986e0f5f192bd702f,5f280f89908e96000abd1a94,2850d217-45bb-4a84-8175-f159c386f1ae,didnt-feel,dont-know,-99.252451,19.504314,2026-03-19T14:11:53.992Z
69bc0431733b8958239fdb40,60557cb8fcf79c000a2af32e,2850d217-45bb-4a84-8175-f159c386f1ae,didnt-feel,correct,-99.1830639,19.4144386,2026-03-19T14:12:01.516Z
69bc0433eae4277c3900a45d,5c9089181b97b418cedd99c0,2850d217-45bb-4a84-8175-f159c386f1ae,didnt-feel,correct,-99.0474345,19.415624899999997,2026-03-19T14:12:03.094Z
69bc04359ab22f0ea43ccb0e,59fa57579c735c1b5b2812d6,2850d217-45bb-4a84-8175-f159c386f1ae,didnt-feel,correct,-99.08337399999999,19.334271299999997,2026-03-19T14:12:05.667Z
69bc04409ab22f0ea43ccb59,68bf709f13b6fe56afacc18c,2850d217-45bb-4a84-8175-f159c386f1ae,didnt-feel,correct,-99.0806088,19.5082718,2026-03-19T14:12:16.361Z
69bc044c733b8958239fdc6b,65e66c8921f984563470c58c,2850d217-45bb-4a84-8175-f159c386f1ae,weak,correct,-99.1435136,19.4918061,2026-03-19T14:12:28.590Z
69bc0455eae4277c3900a561,5a7ce94d4b23ae79f148f7fe,2850d217-45bb-4a84-8175-f159c386f1ae,didnt-feel,correct,-99.132101,19.434037,2026-03-19T14:12:37.679Z
69bc045c86e0f5f192bd7218,5f498fe103b149000aa329b6,2850d217-45bb-4a84-8175-f159c386f1ae,didnt-feel,correct,-99.1366219,19.3809507,2026-03-19T14:12:44.364Z
69bc045f3ae94e8973851156,59fb581d9d5e8d8ae7eb970c,2850d217-45bb-4a84-8175-f159c386f1ae,didnt-feel,correct,-99.1241711,19.3064523,2026-03-19T14:12:47.527Z
69bc04633ae94e897385119d,5f498fe103b149000aa329b6,2850d217-45bb-4a84-8175-f159c386f1ae,didnt-feel,correct,-99.1366219,19.3809507,2026-03-19T14:12:51.937Z
69bc04679ab22f0ea43ccc69,5a878e5a212109ec275f85da,2850d217-45bb-4a84-8175-f159c386f1ae,didnt-feel,correct,-98.5686679,19.7745635,2026-03-19T14:12:55.208Z
69bc046a733b8958239fddb7,65df32c919d3940614553526,2850d217-45bb-4a84-8175-f159c386f1ae,didnt-feel,dont-know,-99.2737211,19.3788664,2026-03-19T14:12:58.252Z
69bc046beae4277c3900a69b,632935372db594640a898d28,2850d217-45bb-4a84-8175-f159c386f1ae,didnt-feel,weaker,-101.1636604,19.6921746,2026-03-19T14:12:59.131Z
69bc046e3ae94e89738511f4,6908d6a61552060f76cd2e02,2850d217-45bb-4a84-8175-f159c386f1ae,didnt-feel,correct,-99.1698333,19.472084199999998,2026-03-19T14:13:02.707Z
69bc04729ab22f0ea43cccb9,5a14f4117a124b6c66f1c160,2850d217-45bb-4a84-8175-f159c386f1ae,didnt-feel,correct,-99.1746778,19.4445835,2026-03-19T14:13:06.707Z
69bc047a9ab22f0ea43ccd04,5b0c9db7b0287faa07567411,2850d217-45bb-4a84-8175-f159c386f1ae,didnt-feel,correct,-99.1562969,19.4286926,2026-03-19T14:13:14.402Z
69bc0480733b8958239fde67,652f71287973b7118a007813,2850d217-45bb-4a84-8175-f159c386f1ae,weak,correct,-99.19752,19.489829399999998,2026-03-19T14:13:20.013Z
69bc048586e0f5f192bd735f,650bfef78aef5062889bcdf4,2850d217-45bb-4a84-8175-f159c386f1ae,didnt-feel,correct,-99.10549859999999,19.383251599999998,2026-03-19T14:13:25.682Z
69bc048c3ae94e897385131c,59f74032178b28f9fbf4381e,2850d217-45bb-4a84-8175-f159c386f1ae,didnt-feel,dont-know,-98.19669429999999,19.0444606,2026-03-19T14:13:32.967Z
69bc0496733b8958239fdf1a,5af49412dcd3bec34791a204,2850d217-45bb-4a84-8175-f159c386f1ae,didnt-feel,correct,-98.2281337,18.9560669,2026-03-19T14:13:42.127Z
69bc049686e0f5f192bd73b2,632cdae0e66b98ffcfa64f86,2850d217-45bb-4a84-8175-f159c386f1ae,didnt-feel,dont-know,-99.1293587,19.3021418,2026-03-19T14:13:42.351Z
69bc049f86e0f5f192bd73fc,5dd58d2c42af005bb59fd758,2850d217-45bb-4a84-8175-f159c386f1ae,didnt-feel,correct,-99.0930528,19.668296599999998,2026-03-19T14:13:51.732Z
69bc04ac3ae94e897385141f,59f740b6cf2d1de81acd8c2c,2850d217-45bb-4a84-8175-f159c386f1ae,didnt-feel,correct,-99.0785219,19.3575537,2026-03-19T14:14:04.825Z
69bc04ae9ab22f0ea43cce78,68436b136b4b614781fd042e,2850d217-45bb-4a84-8175-f159c386f1ae,didnt-feel,correct,-99.1594532,19.4468279,2026-03-19T14:14:06.134Z
69bc04b09ab22f0ea43cce99,63facdc38ce71e39d4069937,2850d217-45bb-4a84-8175-f159c386f1ae,didnt-feel,dont-know,-101.178017,19.733084599999998,2026-03-19T14:14:08.297Z
69bc04b03ae94e897385146c,5dd58d2c42af005bb59fd758,2850d217-45bb-4a84-8175-f159c386f1ae,didnt-feel,correct,-99.0930528,19.668296599999998,2026-03-19T14:14:08.336Z
69bc04b23ae94e8973851481,5bf30b7401cce2ad6e01688e,2850d217-45bb-4a84-8175-f159c386f1ae,didnt-feel,correct,-99.2217537,18.8916122,2026-03-19T14:14:10.364Z
69bc04b29ab22f0ea43ccecf,59f740b6cf2d1de81acd8c2c,2850d217-45bb-4a84-8175-f159c386f1ae,didnt-feel,correct,-99.0785219,19.3575537,2026-03-19T14:14:10.837Z
69bc04b8733b8958239fe05c,5ae068a0dd063ccf79d28d89,2850d217-45bb-4a84-8175-f159c386f1ae,didnt-feel,correct,-99.1982123,19.2916819,2026-03-19T14:14:16.216Z
69bc04ba733b8958239fe07f,63df7641838e29e44b9bd8bd,2850d217-45bb-4a84-8175-f159c386f1ae,didnt-feel,correct,-99.6313761,19.2048397,2026-03-19T14:14:18.282Z
69bc04ba9ab22f0ea43ccf1d,5a24dc9349297f5a37e88c41,2850d217-45bb-4a84-8175-f159c386f1ae,didnt-feel,correct,-99.0667454,19.3612349,2026-03-19T14:14:18.945Z
69bc04bc86e0f5f192bd7523,5b08476d404e59396f9c1fef,2850d217-45bb-4a84-8175-f159c386f1ae,didnt-feel,correct,-99.1500463,19.4779257,2026-03-19T14:14:20.546Z
69bc04bd86e0f5f192bd752e,5b0caaefb3b431a0dd01654f,2850d217-45bb-4a84-8175-f159c386f1ae,didnt-feel,correct,-99.536755,18.3453603,2026-03-19T14:14:21.860Z
69bc04d43ae94e89738515c0,65cb6b604ccc29b23dcea57e,2850d217-45bb-4a84-8175-f159c386f1ae,weak,weaker,-99.1184078,19.4334674,2026-03-19T14:14:44.943Z
69bc04dc733b8958239fe1d1,67c2128499ffbe46f27a2663,2850d217-45bb-4a84-8175-f159c386f1ae,didnt-feel,correct,-99.69261739999999,19.295468800000002,2026-03-19T14:14:52.758Z
69bc04dc3ae94e897385161b,5ef222a4914b25000b1dd2cb,2850d217-45bb-4a84-8175-f159c386f1ae,weak,weaker,-101.714658,21.1020638,2026-03-19T14:14:52.827Z
69bc04dd86e0f5f192bd763f,6957ddd8615638b7c4564abf,2850d217-45bb-4a84-8175-f159c386f1ae,didnt-feel,dont-know,-99.1525778,19.5282607,2026-03-19T14:14:53.217Z
69bc04e3733b8958239fe1f9,66f5b2efad132fb8aca08de8,2850d217-45bb-4a84-8175-f159c386f1ae,didnt-feel,dont-know,-99.1376571,19.5200958,2026-03-19T14:14:59.194Z
69bc04fa86e0f5f192bd7758,59f8b03c879b74cfcf2b92d5,2850d217-45bb-4a84-8175-f159c386f1ae,didnt-feel,correct,-99.2134442,18.915565,2026-03-19T14:15:22.999Z
69bc04fd3ae94e8973851716,692011317b5c3ea65360593b,2850d217-45bb-4a84-8175-f159c386f1ae,didnt-feel,correct,-99.2321418,19.3716982,2026-03-19T14:15:25.091Z
69bc050786e0f5f192bd77e3,67d4f743f42874417c5ecf11,2850d217-45bb-4a84-8175-f159c386f1ae,didnt-feel,dont-know,-99.1048072,19.3958089,2026-03-19T14:15:35.487Z
69bc050b3ae94e89738517a4,679e5305c6f9d94046a61f41,2850d217-45bb-4a84-8175-f159c386f1ae,weak,correct,-99.2744005,19.4895803,2026-03-19T14:15:39.841Z
69bc051086e0f5f192bd784e,6425afd0379106ac41008518,2850d217-45bb-4a84-8175-f159c386f1ae,didnt-feel,correct,-99.22446154998543,18.967514038085938,2026-03-19T14:15:44.567Z
69bc051a733b8958239fe405,67b278b0e9bf90a9c4945ecf,2850d217-45bb-4a84-8175-f159c386f1ae,didnt-feel,dont-know,-99.0336159,19.484101700000004,2026-03-19T14:15:54.166Z
69bc05259ab22f0ea43cd2e3,59f74e3905e024e0e343a092,2850d217-45bb-4a84-8175-f159c386f1ae,didnt-feel,dont-know,-99.2048154,19.3867026,2026-03-19T14:16:05.119Z
69bc05269ab22f0ea43cd2e9,5db0029e39d9f56d80310235,2850d217-45bb-4a84-8175-f159c386f1ae,didnt-feel,dont-know,-98.1888029,19.0705204,2026-03-19T14:16:06.723Z
69bc0527733b8958239fe47a,6969e747b6d753e066dc773e,2850d217-45bb-4a84-8175-f159c386f1ae,didnt-feel,correct,-99.132101,19.434037,2026-03-19T14:16:07.460Z
69bc053386e0f5f192bd7960,679e5305c6f9d94046a61f41,2850d217-45bb-4a84-8175-f159c386f1ae,weak,correct,-99.2744005,19.4895803,2026-03-19T14:16:19.163Z
69bc053e86e0f5f192bd79c3,5a8b06839f886943c52cf5af,2850d217-45bb-4a84-8175-f159c386f1ae,didnt-feel,correct,-99.586822,18.965714,2026-03-19T14:16:30.024Z
69bc05409ab22f0ea43cd3c1,5a109ca7b202584a119d9e43,2850d217-45bb-4a84-8175-f159c386f1ae,didnt-feel,dont-know,-98.9935558,19.6792138,2026-03-19T14:16:32.217Z
69bc05413ae94e89738519c2,5a88243e516763ab11917f0e,2850d217-45bb-4a84-8175-f159c386f1ae,didnt-feel,correct,-99.1311868296769,19.4896418289169,2026-03-19T14:16:33.168Z
69bc054d3ae94e8973851a4a,59f8122f7c71e00aeddc8110,2850d217-45bb-4a84-8175-f159c386f1ae,didnt-feel,dont-know,-99.0510099,19.4170546,2026-03-19T14:16:45.846Z
69bc054d3ae94e8973851a4c,59f8122f7c71e00aeddc8110,2850d217-45bb-4a84-8175-f159c386f1ae,didnt-feel,dont-know,-99.0510099,19.4170546,2026-03-19T14:16:45.849Z
69bc055386e0f5f192bd7a59,650c6384d39328b2ee7aef5b,2850d217-45bb-4a84-8175-f159c386f1ae,didnt-feel,dont-know,-99.17293681048359,19.360468956268353,2026-03-19T14:16:51.233Z
69bc05569ab22f0ea43cd49e,642b8fe5892e46800d39a8a3,2850d217-45bb-4a84-8175-f159c386f1ae,didnt-feel,correct,-101.954773,19.6849742,2026-03-19T14:16:54.452Z
69bc055d3ae94e8973851b01,63e3c65bcbf88e79df7f64b8,2850d217-45bb-4a84-8175-f159c386f1ae,didnt-feel,dont-know,-98.9645594,18.7923707,2026-03-19T14:17:01.736Z
69bc0566733b8958239fe698,681309363d31f94ac5c147a0,2850d217-45bb-4a84-8175-f159c386f1ae,didnt-feel,dont-know,-98.04379089999999,19.0393896,2026-03-19T14:17:10.557Z
69bc05709ab22f0ea43cd541,5a877ae14b23ae79f14a4774,2850d217-45bb-4a84-8175-f159c386f1ae,didnt-feel,correct,-98.9769851,19.4264968,2026-03-19T14:17:20.331Z
69bc0570733b8958239fe6d2,5a1cb5ff7a124b6c66f2628c,2850d217-45bb-4a84-8175-f159c386f1ae,didnt-feel,correct,-98.9840536,19.3985382,2026-03-19T14:17:20.563Z
69bc05789ab22f0ea43cd58e,5ab95e711b2aeeab7148afb9,2850d217-45bb-4a84-8175-f159c386f1ae,didnt-feel,dont-know,-98.2513183,18.9492743,2026-03-19T14:17:28.034Z
69bc057b9ab22f0ea43cd5b7,6810f68b3e526fc81a41eb5a,2850d217-45bb-4a84-8175-f159c386f1ae,didnt-feel,weaker,-99.21232728156326,18.96575794926328,2026-03-19T14:17:31.607Z
69bc0582733b8958239fe7ad,6056299c054d13000becd3a0,2850d217-45bb-4a84-8175-f159c386f1ae,didnt-feel,correct,-99.16083719999999,19.4276061,2026-03-19T14:17:38.842Z
69bc05833ae94e8973851c3d,61ded995a84fb50a6425435b,2850d217-45bb-4a84-8175-f159c386f1ae,didnt-feel,correct,-99.22937150000001,18.9007957,2026-03-19T14:17:39.074Z
69bc05849ab22f0ea43cd602,61e59b7df0084f5dfd51c906,2850d217-45bb-4a84-8175-f159c386f1ae,didnt-feel,dont-know,-96.3587673,18.4564372,2026-03-19T14:17:40.952Z
69bc0590733b8958239fe7ef,63dee2b9838e296f129b225a,2850d217-45bb-4a84-8175-f159c386f1ae,didnt-feel,correct,-99.1668002,19.3838043,2026-03-19T14:17:52.525Z
69bc059c86e0f5f192bd7cb0,69b4c00f1320dde7c26b762b,2850d217-45bb-4a84-8175-f159c386f1ae,didnt-feel,dont-know,-99.132101,19.434037,2026-03-19T14:18:04.098Z
69bc05a23ae94e8973851d36,6138366edc94e22dda2df395,2850d217-45bb-4a84-8175-f159c386f1ae,weak,correct,-99.91817770000002,16.8569086,2026-03-19T14:18:10.587Z
69bc05a59ab22f0ea43cd728,5a8a34ba909e7de50d02824b,2850d217-45bb-4a84-8175-f159c386f1ae,weak,correct,-99.2072003,19.4437197,2026-03-19T14:18:13.926Z
69bc05ab86e0f5f192bd7d2a,59fe242061c0127ef0347d42,2850d217-45bb-4a84-8175-f159c386f1ae,didnt-feel,correct,-99.1251318,19.4316849,2026-03-19T14:18:19.316Z
69bc05b086e0f5f192bd7d4b,6960b753faf43476f5a1c750,2850d217-45bb-4a84-8175-f159c386f1ae,didnt-feel,dont-know,-99.1255544,19.2990185,2026-03-19T14:18:24.785Z
69bc05bf3ae94e8973851e1d,69285722c14dffb53b9d5b85,2850d217-45bb-4a84-8175-f159c386f1ae,weak,correct,-99.16083719999999,19.4276061,2026-03-19T14:18:39.160Z
69bc05c086e0f5f192bd7de6,6544fb94d2850f6313a20f7f,2850d217-45bb-4a84-8175-f159c386f1ae,didnt-feel,correct,-99.132101,19.434037,2026-03-19T14:18:40.240Z
69bc05c49ab22f0ea43cd81c,5b509d6bc0eb9c79ad28e19d,2850d217-45bb-4a84-8175-f159c386f1ae,didnt-feel,correct,-99.1220962,19.400096400000002,2026-03-19T14:18:44.974Z
69bc05c59ab22f0ea43cd81e,5a09b3eb95975e38ad36b0c7,2850d217-45bb-4a84-8175-f159c386f1ae,didnt-feel,correct,-99.0936554,19.3204793,2026-03-19T14:18:45.066Z
69bc05ce86e0f5f192bd7e77,5c83d1cc78cf91835ff6f9f8,2850d217-45bb-4a84-8175-f159c386f1ae,didnt-feel,dont-know,-99.2536148,19.3713411,2026-03-19T14:18:54.647Z
69bc05d13ae94e8973851ea0,67e6e6ee4a6a5a05b6862e10,2850d217-45bb-4a84-8175-f159c386f1ae,didnt-feel,correct,-99.214829,19.6856579,2026-03-19T14:18:57.918Z
69bc05d2733b8958239fea92,59f6614092c50710c3ecbf6c,2850d217-45bb-4a84-8175-f159c386f1ae,didnt-feel,dont-know,-99.0930528,18.9848015,2026-03-19T14:18:58.630Z
69bc05da86e0f5f192bd7ed9,5f1f1b5465d9e9000a5456b2,2850d217-45bb-4a84-8175-f159c386f1ae,didnt-feel,dont-know,-99.1712358,19.3329073,2026-03-19T14:19:06.715Z
69bc05e286e0f5f192bd7f2b,695abe5845706ed00ee088c7,2850d217-45bb-4a84-8175-f159c386f1ae,moderate,correct,-99.8840496,16.8706709,2026-03-19T14:19:14.275Z
69bc05e586e0f5f192bd7f35,682036db01d2bbcd334687d4,2850d217-45bb-4a84-8175-f159c386f1ae,didnt-feel,correct,-99.132101,19.434037,2026-03-19T14:19:17.356Z
69bc05e886e0f5f192bd7f42,67c3c9c8cb134d921182cb3d,2850d217-45bb-4a84-8175-f159c386f1ae,didnt-feel,correct,-99.118299,19.3376368,2026-03-19T14:19:20.559Z
69bc05e99ab22f0ea43cd91f,682036db01d2bbcd334687d4,2850d217-45bb-4a84-8175-f159c386f1ae,didnt-feel,correct,-99.132101,19.434037,2026-03-19T14:19:21.623Z
69bc05ea3ae94e8973851f94,59f75c7894b604ee748e9862,2850d217-45bb-4a84-8175-f159c386f1ae,didnt-feel,dont-know,-98.4087834,19.701171,2026-03-19T14:19:22.027Z
69bc05ec86e0f5f192bd7f51,632dc8192db5940823ae4492,2850d217-45bb-4a84-8175-f159c386f1ae,didnt-feel,correct,-99.1248628,19.4736233,2026-03-19T14:19:24.913Z
69bc05ef3ae94e8973851fa9,6524a8504711a7dd819bc1d7,2850d217-45bb-4a84-8175-f159c386f1ae,didnt-feel,dont-know,-99.1359301,19.3434226,2026-03-19T14:19:27.328Z
69bc05ef86e0f5f192bd7f6a,5a318f59665c8f1fffc24e23,2850d217-45bb-4a84-8175-f159c386f1ae,weak,weaker,-98.4351058,18.9078606,2026-03-19T14:19:27.403Z
69bc05fb86e0f5f192bd7fb6,69bb1f9c3d8f0a6fe7056c63,2850d217-45bb-4a84-8175-f159c386f1ae,weak,correct,-99.132101,19.434037,2026-03-19T14:19:39.381Z
69bc05fd733b8958239febc4,66d14b2313e802c6cabb18d2,2850d217-45bb-4a84-8175-f159c386f1ae,didnt-feel,dont-know,-99.11872844508056,19.452025419380895,2026-03-19T14:19:41.435Z
69bc0605733b8958239febed,5d2ea1c653c336899ad5fa2b,2850d217-45bb-4a84-8175-f159c386f1ae,didnt-feel,dont-know,-99.16966000188567,19.381458097716408,2026-03-19T14:19:49.032Z
69bc06089ab22f0ea43cd9f1,5d2e9efbf2010a19d7a2e4e0,2850d217-45bb-4a84-8175-f159c386f1ae,didnt-feel,correct,-99.1373136,19.4302678,2026-03-19T14:19:52.756Z
69bc060f9ab22f0ea43cda32,67847e6f3b0bbfb01c4c484c,2850d217-45bb-4a84-8175-f159c386f1ae,didnt-feel,correct,-99.1594532,19.4468279,2026-03-19T14:19:59.659Z
69bc060f733b8958239fec49,5d2eb2e2c68de4776c33edf2,2850d217-45bb-4a84-8175-f159c386f1ae,didnt-feel,dont-know,-99.138495,19.416487,2026-03-19T14:19:59.738Z
69bc06113ae94e8973852078,59f69c6b26457201db66e306,2850d217-45bb-4a84-8175-f159c386f1ae,didnt-feel,dont-know,-99.0709315,19.392349499999998,2026-03-19T14:20:01.343Z
69bc0614733b8958239fec5a,5ac6650898274128e2645c18,2850d217-45bb-4a84-8175-f159c386f1ae,didnt-feel,correct,-99.2266013,19.554643,2026-03-19T14:20:04.307Z
69bc06153ae94e8973852080,59f69c6b26457201db66e306,2850d217-45bb-4a84-8175-f159c386f1ae,didnt-feel,dont-know,-99.0709315,19.392349499999998,2026-03-19T14:20:05.807Z
69bc062a86e0f5f192bd8168,66f5fa8c6463c9952d85d8c9,2850d217-45bb-4a84-8175-f159c386f1ae,didnt-feel,correct,-98.9493751,19.3099712,2026-03-19T14:20:26.663Z
69bc062c733b8958239fed6a,6575383aec21526efaab483a,2850d217-45bb-4a84-8175-f159c386f1ae,didnt-feel,dont-know,-99.0267076,19.5419272,2026-03-19T14:20:28.719Z
69bc062c86e0f5f192bd8176,5ac87a977377354f2127c502,2850d217-45bb-4a84-8175-f159c386f1ae,didnt-feel,dont-know,-98.5638609,17.8038349,2026-03-19T14:20:28.891Z
69bc06313ae94e8973852299,67d4f56393140e6e6d55c9ae,2850d217-45bb-4a84-8175-f159c386f1ae,didnt-feel,correct,-98.91347425058484,19.30887349668436,2026-03-19T14:20:33.961Z
69bc063586e0f5f192bd8215,5a25e5dd7a124b6c66f2b8bc,2850d217-45bb-4a84-8175-f159c386f1ae,didnt-feel,dont-know,-99.0723139,19.485110199999998,2026-03-19T14:20:37.338Z
69bc063b3ae94e897385233c,62c5c76b8bd8df50d360ff7e,2850d217-45bb-4a84-8175-f159c386f1ae,didnt-feel,dont-know,-99.2390892,19.3986566,2026-03-19T14:20:43.170Z
69bc0643733b8958239feef1,5b25942bb2b6beb8026100b0,2850d217-45bb-4a84-8175-f159c386f1ae,didnt-feel,correct,-99.2051046,19.4897609,2026-03-19T14:20:51.541Z
69bc0645733b8958239fef4b,59fa5d849c735c1b5b28172a,2850d217-45bb-4a84-8175-f159c386f1ae,didnt-feel,dont-know,-99.2219915,19.2834184,2026-03-19T14:20:53.904Z
69bc06543ae94e89738524a0,5a8865b8212109ec27616c7e,2850d217-45bb-4a84-8175-f159c386f1ae,didnt-feel,correct,-99.1581936,19.3887725,2026-03-19T14:21:08.122Z
69bc06543ae94e89738524a6,66b22431cd9de8abef1b8545,2850d217-45bb-4a84-8175-f159c386f1ae,didnt-feel,correct,-99.0923614,19.468630299999997,2026-03-19T14:21:08.613Z
69bc0658733b8958239ff006,65e80a8f83b3ad383309ae24,2850d217-45bb-4a84-8175-f159c386f1ae,didnt-feel,dont-know,-99.132101,19.434037,2026-03-19T14:21:12.974Z
69bc0665733b8958239ff0a9,632cb87f1b99574e4c66931a,2850d217-45bb-4a84-8175-f159c386f1ae,didnt-feel,dont-know,-99.1929894,19.4486128,2026-03-19T14:21:25.380Z
69bc066886e0f5f192bd8420,5e82a8b067e68c000a28e70f,2850d217-45bb-4a84-8175-f159c386f1ae,didnt-feel,correct,-99.0750788,19.3258466,2026-03-19T14:21:28.091Z
69bc0669733b8958239ff0f5,59f73c5e26457201db675b5b,2850d217-45bb-4a84-8175-f159c386f1ae,didnt-feel,dont-know,-99.50471802019955,17.559106554349057,2026-03-19T14:21:29.715Z
69bc066c3ae94e8973852630,5a02969861c0127ef0351c0d,2850d217-45bb-4a84-8175-f159c386f1ae,didnt-feel,stronger,-98.2554833,19.3058663,2026-03-19T14:21:32.784Z
69bc0677733b8958239ff1a4,64970ec6cc1361bafbad44d8,2850d217-45bb-4a84-8175-f159c386f1ae,didnt-feel,correct,-99.1399279,19.3669768,2026-03-19T14:21:43.558Z
69bc067786e0f5f192bd84ad,64970ec6cc1361bafbad44d8,2850d217-45bb-4a84-8175-f159c386f1ae,didnt-feel,correct,-99.1399279,19.3669768,2026-03-19T14:21:43.670Z
69bc067786e0f5f192bd84af,64970ec6cc1361bafbad44d8,2850d217-45bb-4a84-8175-f159c386f1ae,didnt-feel,correct,-99.1399279,19.3669768,2026-03-19T14:21:43.675Z
69bc0681733b8958239ff204,5b3d861700f37a189529ca9f,2850d217-45bb-4a84-8175-f159c386f1ae,didnt-feel,correct,-99.1373136,19.4302678,2026-03-19T14:21:53.298Z
69bc068286e0f5f192bd8524,66d26652ab9a5981331fac3f,2850d217-45bb-4a84-8175-f159c386f1ae,didnt-feel,dont-know,-99.1664688,19.3948289,2026-03-19T14:21:54.031Z
69bc06933ae94e89738527fd,666e4bc24911502c6dbdff17,2850d217-45bb-4a84-8175-f159c386f1ae,didnt-feel,correct,-99.1348886,19.3350948,2026-03-19T14:22:11.011Z
69bc069786e0f5f192bd865b,5bd7b0dd6d7caa87dd8d5b1e,2850d217-45bb-4a84-8175-f159c386f1ae,didnt-feel,dont-know,-99.1539178,19.311586899999998,2026-03-19T14:22:15.949Z
69bc069e3ae94e8973852889,6147515b15a3e3e4c0d28267,2850d217-45bb-4a84-8175-f159c386f1ae,didnt-feel,correct,-98.8912031,19.2503338,2026-03-19T14:22:22.757Z
69bc06b186e0f5f192bd8735,638748c7de5290681f17d24f,2850d217-45bb-4a84-8175-f159c386f1ae,didnt-feel,correct,-99.1664688,19.3948289,2026-03-19T14:22:41.195Z
69bc06b586e0f5f192bd8758,68bf5baf2c868ddcef91b043,2850d217-45bb-4a84-8175-f159c386f1ae,didnt-feel,weaker,-99.10305110737681,19.21818993048207,2026-03-19T14:22:45.516Z
69bc06b9733b8958239ff4d2,6459ab14e7eece15324cae64,2850d217-45bb-4a84-8175-f159c386f1ae,didnt-feel,dont-know,-98.22952111178297,18.98902620454874,2026-03-19T14:22:49.393Z
69bc06bf733b8958239ff537,59f93d53543d32d8d5276905,2850d217-45bb-4a84-8175-f159c386f1ae,didnt-feel,dont-know,-99.2343352,19.3460317,2026-03-19T14:22:55.095Z
69bc06c286e0f5f192bd87b4,65789c812fa0984fc4ef1394,2850d217-45bb-4a84-8175-f159c386f1ae,didnt-feel,correct,-99.1382591,19.284439,2026-03-19T14:22:58.854Z
69bc06c286e0f5f192bd87b6,59f74a9a05e024e0e343958a,2850d217-45bb-4a84-8175-f159c386f1ae,didnt-feel,correct,-101.20492259999999,19.7093869,2026-03-19T14:22:58.977Z
69bc06cd3ae94e8973852a08,5bb29c8b19c15524a3283249,2850d217-45bb-4a84-8175-f159c386f1ae,didnt-feel,dont-know,-99.2756151,19.5175339,2026-03-19T14:23:09.176Z
69bc06d3733b8958239ff5d6,670b1d272f0724ccca3d4297,2850d217-45bb-4a84-8175-f159c386f1ae,didnt-feel,correct,-99.1248628,19.3439785,2026-03-19T14:23:15.444Z
69bc06de3ae94e8973852ae1,5a7fc57e516763ab118e2075,2850d217-45bb-4a84-8175-f159c386f1ae,didnt-feel,dont-know,-99.1786145,19.4014775,2026-03-19T14:23:26.879Z
69bc06df3ae94e8973852ae4,632d19f3c837a3d8851bd668,2850d217-45bb-4a84-8175-f159c386f1ae,didnt-feel,dont-know,-98.9590375,19.3699106,2026-03-19T14:23:27.609Z
69bc06e13ae94e8973852ae6,632c01e65f77dfc096219284,2850d217-45bb-4a84-8175-f159c386f1ae,didnt-feel,dont-know,-99.0723139,19.3466089,2026-03-19T14:23:29.142Z
69bc06ee733b8958239ff6cc,632c01e65f77dfc096219284,2850d217-45bb-4a84-8175-f159c386f1ae,didnt-feel,dont-know,-99.0723139,19.3466089,2026-03-19T14:23:42.306Z
69bc070686e0f5f192bd8a97,64068ea3f9d0cd9e41322053,2850d217-45bb-4a84-8175-f159c386f1ae,didnt-feel,dont-know,-99.1689276,19.4486952,2026-03-19T14:24:06.104Z
69bc070a86e0f5f192bd8ab8,5f6ff1601d58be000a1aa153,2850d217-45bb-4a84-8175-f159c386f1ae,didnt-feel,correct,-101.1761941,20.1395589,2026-03-19T14:24:10.941Z
69bc070c3ae94e8973852c8d,650a8e670005f40e4567e435,2850d217-45bb-4a84-8175-f159c386f1ae,didnt-feel,dont-know,-99.23006409999999,19.365176299999998,2026-03-19T14:24:12.210Z
69bc0710733b8958239ff815,59fb63b20023597fa78ec90a,2850d217-45bb-4a84-8175-f159c386f1ae,didnt-feel,weaker,-99.098584,19.432217899999998,2026-03-19T14:24:16.643Z
69bc07193ae94e8973852d0b,643d8265007004e7cac276c6,2850d217-45bb-4a84-8175-f159c386f1ae,didnt-feel,dont-know,-99.04674349999999,19.5401858,2026-03-19T14:24:25.535Z
69bc071986e0f5f192bd8b4d,66ac73081a573df4b9b0a30d,2850d217-45bb-4a84-8175-f159c386f1ae,didnt-feel,correct,-98.80182649999999,19.127067399999998,2026-03-19T14:24:25.987Z
69bc071a733b8958239ff927,673f62a915cc90afb93e8696,2850d217-45bb-4a84-8175-f159c386f1ae,didnt-feel,dont-know,-101.1886368,19.686204,2026-03-19T14:24:26.226Z
69bc071b733b8958239ff939,6790fafc025e0bf085a2289e,2850d217-45bb-4a84-8175-f159c386f1ae,weak,correct,-99.15594862774014,19.446882579851284,2026-03-19T14:24:27.482Z
69bc072586e0f5f192bd8bc5,66aa4e9b90177542b6e0019d,2850d217-45bb-4a84-8175-f159c386f1ae,didnt-feel,dont-know,-99.19405859999999,18.9488991,2026-03-19T14:24:37.904Z
69bc073986e0f5f192bd8cbd,63e47b3b6c563ff8d1cbedeb,2850d217-45bb-4a84-8175-f159c386f1ae,didnt-feel,weaker,-99.1805466,18.615909,2026-03-19T14:24:57.324Z
69bc073a733b8958239ffa9b,5be75f013e74669d779f0ddb,2850d217-45bb-4a84-8175-f159c386f1ae,weak,weaker,-99.1719095,19.4093682,2026-03-19T14:24:58.558Z
69bc073a86e0f5f192bd8cd0,5a87707e4b23ae79f1499a68,2850d217-45bb-4a84-8175-f159c386f1ae,didnt-feel,dont-know,-99.214829,19.550088799999997,2026-03-19T14:24:58.713Z
69bc0748733b8958239ffb45,643f7bca94619c181e568106,2850d217-45bb-4a84-8175-f159c386f1ae,didnt-feel,dont-know,-99.03776119999999,19.299713399999998,2026-03-19T14:25:12.217Z
69bc074a86e0f5f192bd8d74,59f74607ae9196d83db0fa48,2850d217-45bb-4a84-8175-f159c386f1ae,didnt-feel,dont-know,-99.2626273531406,19.349151611328125,2026-03-19T14:25:14.879Z
69bc074f3ae94e8973852ecc,65d3b1f917adfdc864f20bbc,2850d217-45bb-4a84-8175-f159c386f1ae,didnt-feel,weaker,-99.2472142,19.5519064,2026-03-19T14:25:19.388Z
69bc07513ae94e8973852ee1,68fea01417412f6901e44bfa,2850d217-45bb-4a84-8175-f159c386f1ae,didnt-feel,dont-know,-101.12793551757932,19.738210775679523,2026-03-19T14:25:21.701Z
69bc07553ae94e8973852ef6,59f7ad6aa5c308a413940aa8,2850d217-45bb-4a84-8175-f159c386f1ae,moderate,correct,-99.89483159999999,16.8628023,2026-03-19T14:25:25.713Z
69bc0757733b8958239ffbaf,5b844c4f222e00f0c3339bf0,2850d217-45bb-4a84-8175-f159c386f1ae,didnt-feel,correct,-98.9383338,18.8215929,2026-03-19T14:25:27.901Z
69bc07613ae94e8973852fa2,6234ed8f5c7b20543ba29684,2850d217-45bb-4a84-8175-f159c386f1ae,didnt-feel,weaker,-99.1634927,19.4182759,2026-03-19T14:25:37.278Z
69bc076286e0f5f192bd8e4b,646a54178e4e31222e07433a,2850d217-45bb-4a84-8175-f159c386f1ae,didnt-feel,dont-know,-98.2335711,19.0887361,2026-03-19T14:25:38.664Z
69bc07643ae94e8973852fc4,59fb3d9f728a60c73456dc5c,2850d217-45bb-4a84-8175-f159c386f1ae,didnt-feel,weaker,-99.536755,18.3453603,2026-03-19T14:25:40.396Z
69bc077086e0f5f192bd8eb5,5a3980dfdc03ee7377533028,2850d217-45bb-4a84-8175-f159c386f1ae,didnt-feel,correct,-99.1698933,19.3845688,2026-03-19T14:25:52.302Z
69bc07763ae94e8973853047,59f7bb7e993bc192df1aeb48,2850d217-45bb-4a84-8175-f159c386f1ae,didnt-feel,dont-know,-99.1252841,19.415942,2026-03-19T14:25:58.940Z
69bc07793ae94e8973853063,63f00ed79e2599e129b867f5,2850d217-45bb-4a84-8175-f159c386f1ae,didnt-feel,dont-know,-99.1505835,19.4285242,2026-03-19T14:26:01.751Z
69bc0783733b8958239ffd67,68cd9c33907396aeaa7466d1,2850d217-45bb-4a84-8175-f159c386f1ae,didnt-feel,correct,-99.0673934,19.3206321,2026-03-19T14:26:11.111Z
69bc078486e0f5f192bd8f8c,642b887d66f8d3fefb987415,2850d217-45bb-4a84-8175-f159c386f1ae,didnt-feel,correct,-99.87249480000001,19.7904306,2026-03-19T14:26:12.185Z
69bc078c86e0f5f192bd8fdc,59f93343879b74cfcf2bdf8f,2850d217-45bb-4a84-8175-f159c386f1ae,didnt-feel,dont-know,-100.13111630000002,19.162850799999998,2026-03-19T14:26:20.665Z
69bc079886e0f5f192bd9099,69767c7d6ee4349e0f86949e,2850d217-45bb-4a84-8175-f159c386f1ae,didnt-feel,dont-know,-99.8135834,16.7994488,2026-03-19T14:26:32.231Z
69bc07a686e0f5f192bd91c0,66ec5acf84d03e51441dd6f8,2850d217-45bb-4a84-8175-f159c386f1ae,didnt-feel,correct,-99.34510437771678,19.356316282892426,2026-03-19T14:26:46.094Z
69bc07ac733b8958239fffca,632ced0bb33fbfd5b993086a,2850d217-45bb-4a84-8175-f159c386f1ae,didnt-feel,correct,-99.5851931,19.3050029,2026-03-19T14:26:52.785Z
69bc07ad86e0f5f192bd920d,5b37038527e115bc7a166193,2850d217-45bb-4a84-8175-f159c386f1ae,didnt-feel,correct,-99.1429979,19.4715398,2026-03-19T14:26:53.063Z
69bc07af86e0f5f192bd922a,695833dc45eae41d0c1c81e3,2850d217-45bb-4a84-8175-f159c386f1ae,didnt-feel,correct,-99.1193297,19.644852099999998,2026-03-19T14:26:55.160Z
69bc07b686e0f5f192bd92b0,641cac7f351017ceccd80aa7,2850d217-45bb-4a84-8175-f159c386f1ae,didnt-feel,dont-know,-99.1668002,19.3838043,2026-03-19T14:27:02.507Z
69bc07b7733b895823a000ef,59f64386178b28f9fbf35a9f,2850d217-45bb-4a84-8175-f159c386f1ae,didnt-feel,correct,-98.22057156832723,19.013022040034656,2026-03-19T14:27:03.579Z
69bc07b886e0f5f192bd9303,698a1343dc7c06288dfa03ce,2850d217-45bb-4a84-8175-f159c386f1ae,didnt-feel,correct,-98.2364653,19.0607201,2026-03-19T14:27:04.096Z
69bc07b8733b895823a00103,59f82d617c1642f6b3de392e,2850d217-45bb-4a84-8175-f159c386f1ae,didnt-feel,dont-know,-99.2209985,19.3373256,2026-03-19T14:27:04.676Z
69bc07b9733b895823a0010a,628ea9fe7e72ecb8febd8169,2850d217-45bb-4a84-8175-f159c386f1ae,didnt-feel,dont-know,-99.1248628,19.3439785,2026-03-19T14:27:05.299Z
69bc07c0733b895823a0014d,5a8b06405b7cc0cee0804b2e,2850d217-45bb-4a84-8175-f159c386f1ae,weak,correct,-99.230108,19.5524483,2026-03-19T14:27:12.450Z
69bc07c4733b895823a00193,641b1f4e52579418ac78bcb4,2850d217-45bb-4a84-8175-f159c386f1ae,didnt-feel,correct,-99.0280892,19.3930133,2026-03-19T14:27:16.348Z
69bc07c786e0f5f192bd93d4,59fa7086879b74cfcf2c5db0,2850d217-45bb-4a84-8175-f159c386f1ae,didnt-feel,correct,-99.1442316,19.457911,2026-03-19T14:27:19.223Z
69bc07cc86e0f5f192bd9402,67c213efebc87307604c9a10,2850d217-45bb-4a84-8175-f159c386f1ae,didnt-feel,correct,-99.2134442,18.8626027,2026-03-19T14:27:24.799Z
69bc07cd733b895823a00230,5ef26ae3f47c20000a7f621f,2850d217-45bb-4a84-8175-f159c386f1ae,didnt-feel,correct,-99.0933232,19.4119843,2026-03-19T14:27:25.482Z
69bc07ce733b895823a0023f,697543a3d3be02ef2c301ce1,2850d217-45bb-4a84-8175-f159c386f1ae,didnt-feel,dont-know,-98.89418409999999,19.253733699999998,2026-03-19T14:27:26.946Z
69bc07d086e0f5f192bd942e,69703746d2c254959a8b1af7,2850d217-45bb-4a84-8175-f159c386f1ae,didnt-feel,dont-know,-99.15010124444962,19.36338077624509,2026-03-19T14:27:28.241Z
69bc07d486e0f5f192bd9483,62d7debb0483ea1124768617,2850d217-45bb-4a84-8175-f159c386f1ae,didnt-feel,correct,-99.1668002,19.3838043,2026-03-19T14:27:32.257Z
69bc07d486e0f5f192bd9486,65213d451bd6aa39c2ee4816,2850d217-45bb-4a84-8175-f159c386f1ae,didnt-feel,dont-know,-98.95035210996866,19.27568257438847,2026-03-19T14:27:32.446Z
69bc07e3733b895823a003ef,695b36702b6fc3c8bca08bf4,2850d217-45bb-4a84-8175-f159c386f1ae,didnt-feel,correct,-99.1705253,19.2871869,2026-03-19T14:27:47.752Z
69bc07e686e0f5f192bd95bb,5a8a7e659f71719058b25b39,2850d217-45bb-4a84-8175-f159c386f1ae,didnt-feel,correct,-99.2203687,19.420166,2026-03-19T14:27:50.211Z
69bc07ef733b895823a0047b,59f616ad178b28f9fbf349ed,2850d217-45bb-4a84-8175-f159c386f1ae,didnt-feel,correct,-99.11884269645905,19.461518335015707,2026-03-19T14:27:59.679Z
69bc07f786e0f5f192bd9703,67f225234a6a5a05b6b152fc,2850d217-45bb-4a84-8175-f159c386f1ae,didnt-feel,correct,-99.04328869999999,19.3819423,2026-03-19T14:28:07.853Z
69bc07fa733b895823a0051f,68937ded982b261232deb4d0,2850d217-45bb-4a84-8175-f159c386f1ae,weak,correct,-99.2030585,19.4041067,2026-03-19T14:28:10.588Z
69bc080586e0f5f192bd98c0,646b1718c993d796c1b49700,2850d217-45bb-4a84-8175-f159c386f1ae,didnt-feel,correct,-98.28042,19.5504181,2026-03-19T14:28:21.820Z
69bc080c733b895823a0065d,66c7745f77b002cfd29fa2e5,2850d217-45bb-4a84-8175-f159c386f1ae,didnt-feel,dont-know,-99.1943458,19.4287353,2026-03-19T14:28:28.747Z
69bc080c86e0f5f192bd98fb,5bb38ae25970a01b7b42d623,2850d217-45bb-4a84-8175-f159c386f1ae,didnt-feel,dont-know,-99.435323,18.7456106,2026-03-19T14:28:28.949Z
69bc080d733b895823a00660,681114422e1e59b06c884363,2850d217-45bb-4a84-8175-f159c386f1ae,didnt-feel,correct,-99.15253399999999,19.672639099999998,2026-03-19T14:28:29.107Z
69bc080e86e0f5f192bd990c,5cea9e7f97668a338d2f22a3,2850d217-45bb-4a84-8175-f159c386f1ae,didnt-feel,dont-know,-98.9673205,19.431396799999998,2026-03-19T14:28:30.065Z
69bc081186e0f5f192bd9923,5a882f714b23ae79f14c8ccd,2850d217-45bb-4a84-8175-f159c386f1ae,moderate,correct,-99.8492784,16.8506859,2026-03-19T14:28:33.473Z
69bc0814733b895823a006ba,696e4b00b79bd450f6d04b8b,2850d217-45bb-4a84-8175-f159c386f1ae,didnt-feel,dont-know,-99.1601765,19.4180336,2026-03-19T14:28:36.882Z
69bc081786e0f5f192bd9972,697a0c47c63fc5e0c3be670c,2850d217-45bb-4a84-8175-f159c386f1ae,didnt-feel,dont-know,-98.23633749999999,19.318536299999998,2026-03-19T14:28:39.576Z
69bc081786e0f5f192bd9974,5a89d2294b23ae79f14f0a65,2850d217-45bb-4a84-8175-f159c386f1ae,didnt-feel,dont-know,-98.4170516,18.9210511,2026-03-19T14:28:39.668Z
69bc081c86e0f5f192bd99d5,635dfab947773658ad32610f,2850d217-45bb-4a84-8175-f159c386f1ae,didnt-feel,dont-know,-99.16360510000001,19.368542599999998,2026-03-19T14:28:44.863Z
69bc081e86e0f5f192bd99da,68272f320764d39872e961e0,2850d217-45bb-4a84-8175-f159c386f1ae,didnt-feel,dont-know,-98.1748313,19.1162267,2026-03-19T14:28:46.202Z
69bc0822733b895823a0077f,617626d95461af42df9b1c50,2850d217-45bb-4a84-8175-f159c386f1ae,didnt-feel,dont-know,-99.1660684,19.4492457,2026-03-19T14:28:50.393Z
69bc0825733b895823a007ef,59fe040b1145d83efcb78c11,2850d217-45bb-4a84-8175-f159c386f1ae,didnt-feel,correct,-99.1360353,19.3434191,2026-03-19T14:28:53.986Z
69bc083e86e0f5f192bd9b7e,64345366bf9ab24392492b1f,2850d217-45bb-4a84-8175-f159c386f1ae,didnt-feel,dont-know,-99.20242916356193,19.30352279571162,2026-03-19T14:29:18.423Z
69bc0844733b895823a009a5,59f8c8ac543d32d8d5272480,2850d217-45bb-4a84-8175-f159c386f1ae,didnt-feel,correct,-99.2106745,19.4574859,2026-03-19T14:29:24.740Z
69bc0845733b895823a009ac,67c0764de0ccd9330789e9ba,2850d217-45bb-4a84-8175-f159c386f1ae,didnt-feel,dont-know,-99.0267076,19.5419272,2026-03-19T14:29:25.479Z
69bc084c733b895823a00a35,685b804224f884ad148af567,2850d217-45bb-4a84-8175-f159c386f1ae,didnt-feel,correct,-99.58612640000001,19.2106255,2026-03-19T14:29:32.165Z
69bc0854733b895823a00b29,632a14be0b367310ae0980f0,2850d217-45bb-4a84-8175-f159c386f1ae,didnt-feel,correct,-99.0073673,19.4102526,2026-03-19T14:29:40.320Z
69bc085c733b895823a00b77,59f625e9178b28f9fbf350b1,2850d217-45bb-4a84-8175-f159c386f1ae,didnt-feel,correct,-99.16498910000001,19.3287038,2026-03-19T14:29:48.267Z
69bc086a733b895823a00cac,59f79dd0bc77845687ced1e6,2850d217-45bb-4a84-8175-f159c386f1ae,didnt-feel,dont-know,-100.6663554,18.3621056,2026-03-19T14:30:02.798Z
69bc086e86e0f5f192bd9e34,64f037b81f32022d163e76b4,2850d217-45bb-4a84-8175-f159c386f1ae,didnt-feel,correct,-99.1746778,19.4445835,2026-03-19T14:30:06.554Z
69bc0871733b895823a00d46,695806af2269b131b24d2e1b,2850d217-45bb-4a84-8175-f159c386f1ae,didnt-feel,correct,-99.6536246,19.326967099999997,2026-03-19T14:30:09.810Z
69bc087286e0f5f192bd9e77,6999e086fad3caffbfe71e62,2850d217-45bb-4a84-8175-f159c386f1ae,didnt-feel,dont-know,-98.3218687,19.0286663,2026-03-19T14:30:10.827Z
69bc087f733b895823a00df6,59f7bbafa5c308a4139418c4,2850d217-45bb-4a84-8175-f159c386f1ae,didnt-feel,dont-know,-99.0520752,19.3758653,2026-03-19T14:30:23.474Z
69bc088486e0f5f192bd9f78,5d447db47a126152d9d0aa26,2850d217-45bb-4a84-8175-f159c386f1ae,didnt-feel,correct,-99.16498910000001,19.3287038,2026-03-19T14:30:28.277Z
69bc0888733b895823a00e83,59f6a2db92c50710c3ed0607,2850d217-45bb-4a84-8175-f159c386f1ae,didnt-feel,dont-know,-98.2445422,18.9553372,2026-03-19T14:30:32.390Z
69bc0888733b895823a00e85,620c763b0b8473699ccd8779,2850d217-45bb-4a84-8175-f159c386f1ae,didnt-feel,correct,-99.1818028,19.3611635,2026-03-19T14:30:32.578Z
69bc088986e0f5f192bd9fc3,6957eb7bd1e6b8740e74b83f,2850d217-45bb-4a84-8175-f159c386f1ae,didnt-feel,correct,-99.8974125,16.877965,2026-03-19T14:30:33.617Z
69bc0899733b895823a01004,5a1087e2b202584a119d6d2f,2850d217-45bb-4a84-8175-f159c386f1ae,didnt-feel,dont-know,-99.06609329999999,19.301988100000003,2026-03-19T14:30:49.215Z
69bc08a786e0f5f192bda315,68ce55c54f46c51fa181cb57,2850d217-45bb-4a84-8175-f159c386f1ae,didnt-feel,dont-know,-99.23560479999999,18.9203462,2026-03-19T14:31:03.611Z
69bc08a986e0f5f192bda33f,6329bd8ff5ed35d985207e35,2850d217-45bb-4a84-8175-f159c386f1ae,didnt-feel,dont-know,-99.283801,19.3418488,2026-03-19T14:31:05.413Z
69bc08b886e0f5f192bda3f4,5a2c37b3665c8f1fffc2114c,2850d217-45bb-4a84-8175-f159c386f1ae,didnt-feel,correct,-98.972843,19.6139042,2026-03-19T14:31:20.215Z
69bc08be733b895823a01258,66f6b437bf4905cdf53ef3ab,2850d217-45bb-4a84-8175-f159c386f1ae,didnt-feel,dont-know,-99.23698999999999,19.2838297,2026-03-19T14:31:26.730Z
69bc08bf86e0f5f192bda44f,6953cb2157b8a9b3b50a5171,2850d217-45bb-4a84-8175-f159c386f1ae,didnt-feel,correct,-99.0750788,19.4967605,2026-03-19T14:31:27.857Z
69bc08c5733b895823a01300,67bf4e6aa73e31deffc8787d,2850d217-45bb-4a84-8175-f159c386f1ae,didnt-feel,dont-know,-100.08632689999999,16.9744662,2026-03-19T14:31:33.808Z
69bc08c7733b895823a01322,5b024ca2be8f3e2ee0e5da11,2850d217-45bb-4a84-8175-f159c386f1ae,didnt-feel,weaker,-99.1312456,19.7203985,2026-03-19T14:31:35.601Z
69bc08ca86e0f5f192bda4cd,66eb0a648cc292d7f1357f42,2850d217-45bb-4a84-8175-f159c386f1ae,didnt-feel,dont-know,-99.3746043,18.6571584,2026-03-19T14:31:38.267Z
69bc08ca86e0f5f192bda4cf,5aaa87a1bb8a24d519947b3f,2850d217-45bb-4a84-8175-f159c386f1ae,didnt-feel,correct,-99.10342419999999,19.4386048,2026-03-19T14:31:38.958Z
69bc08d786e0f5f192bda547,6957fd3131b97ff0b46e97ff,2850d217-45bb-4a84-8175-f159c386f1ae,didnt-feel,correct,-99.0177276,19.509213499999998,2026-03-19T14:31:51.296Z
69bc08df733b895823a01403,59fa74979c735c1b5b28256f,2850d217-45bb-4a84-8175-f159c386f1ae,didnt-feel,dont-know,-99.1337982,19.3943501,2026-03-19T14:31:59.559Z
69bc08e186e0f5f192bda5f0,5a8a77d91fd73013887f8ea9,2850d217-45bb-4a84-8175-f159c386f1ae,didnt-feel,dont-know,-99.1746778,19.4445835,2026-03-19T14:32:01.453Z
69bc08e4733b895823a01442,59f7b07ebefbd485b6bf7af1,2850d217-45bb-4a84-8175-f159c386f1ae,didnt-feel,correct,-99.1242901,19.3186262,2026-03-19T14:32:04.150Z
69bc08e486e0f5f192bda62c,64c524aeb3a12d5cc5a16f1c,2850d217-45bb-4a84-8175-f159c386f1ae,didnt-feel,dont-know,-99.1719095,19.5861715,2026-03-19T14:32:04.388Z
69bc08e5733b895823a01460,65e5467f9898120a70126eed,2850d217-45bb-4a84-8175-f159c386f1ae,didnt-feel,dont-know,-99.1589812,19.4473086,2026-03-19T14:32:05.093Z
69bc08e886e0f5f192bda661,643f772a6ebb9fc404cfafc5,2850d217-45bb-4a84-8175-f159c386f1ae,moderate,stronger,-99.1297045,19.3650946,2026-03-19T14:32:08.987Z
69bc08ed733b895823a01576,5a10adb9b202584a119da3ee,2850d217-45bb-4a84-8175-f159c386f1ae,didnt-feel,dont-know,-99.03914309999999,19.324689100000004,2026-03-19T14:32:13.057Z
69bc08f6733b895823a015ee,59fb905495344bef0b30c16e,2850d217-45bb-4a84-8175-f159c386f1ae,didnt-feel,correct,-99.1251318,19.4316849,2026-03-19T14:32:22.546Z
69bc08fa86e0f5f192bda7b3,59f77af405e024e0e343f16a,2850d217-45bb-4a84-8175-f159c386f1ae,didnt-feel,correct,-99.1858674,19.3575621,2026-03-19T14:32:26.935Z
69bc090386e0f5f192bda81c,5b024ca2be8f3e2ee0e5da11,2850d217-45bb-4a84-8175-f159c386f1ae,didnt-feel,weaker,-99.1312456,19.7203985,2026-03-19T14:32:35.127Z
69bc091486e0f5f192bda955,661da61a7479857d776bfe47,2850d217-45bb-4a84-8175-f159c386f1ae,moderate,weaker,-99.65501689999999,19.2901119,2026-03-19T14:32:52.359Z
69bc091a86e0f5f192bda99f,5c6813ef010ed629fb8e3603,2850d217-45bb-4a84-8175-f159c386f1ae,didnt-feel,correct,-99.1303962,19.3731619,2026-03-19T14:32:58.861Z
69bc091a733b895823a01862,68c37f0b98c847399b205f6a,2850d217-45bb-4a84-8175-f159c386f1ae,didnt-feel,dont-know,-99.0930528,19.538592599999998,2026-03-19T14:32:58.892Z
69bc091b86e0f5f192bda9aa,696dbc7eecdc16cf46365b1b,2850d217-45bb-4a84-8175-f159c386f1ae,didnt-feel,weaker,-99.2201253,19.3282814,2026-03-19T14:32:59.769Z
69bc091c86e0f5f192bda9c8,6578ac332631db692e446194,2850d217-45bb-4a84-8175-f159c386f1ae,didnt-feel,correct,-99.1303962,19.4468231,2026-03-19T14:33:00.988Z
69bc0920733b895823a018c7,5b022a835fd498342694f21b,2850d217-45bb-4a84-8175-f159c386f1ae,didnt-feel,dont-know,-99.1804608,19.4075895,2026-03-19T14:33:04.909Z
69bc0926733b895823a0195a,59f7c405a5c308a4139421cd,2850d217-45bb-4a84-8175-f159c386f1ae,didnt-feel,correct,-99.1499335,19.3614751,2026-03-19T14:33:10.094Z
69bc0931733b895823a019f7,59f6934c26457201db66d6c2,2850d217-45bb-4a84-8175-f159c386f1ae,didnt-feel,correct,-99.0218721,19.513427999999998,2026-03-19T14:33:21.390Z
69bc093286e0f5f192bdaae3,5b6fbec54ad1dbd849e176c8,2850d217-45bb-4a84-8175-f159c386f1ae,didnt-feel,correct,-98.93350369999999,19.317381299999997,2026-03-19T14:33:22.396Z
69bc0932733b895823a01a06,68d05c286f966822bb252ad8,2850d217-45bb-4a84-8175-f159c386f1ae,didnt-feel,correct,-99.132101,19.434037,2026-03-19T14:33:22.724Z
69bc093786e0f5f192bdab0f,650a09e58cadb52891479ce9,2850d217-45bb-4a84-8175-f159c386f1ae,didnt-feel,dont-know,-99.1594532,19.417363899999998,2026-03-19T14:33:27.168Z
69bc093a733b895823a01a72,59f6ca15178b28f9fbf3eab6,2850d217-45bb-4a84-8175-f159c386f1ae,didnt-feel,dont-know,-99.2182849,19.4309492,2026-03-19T14:33:30.263Z
69bc0944733b895823a01b1f,696a91992c7eb4d361ebcd3f,2850d217-45bb-4a84-8175-f159c386f1ae,didnt-feel,dont-know,-98.8914056,19.4099699,2026-03-19T14:33:40.135Z
69bc094b86e0f5f192bdac8c,6598a30af0a6e061b4106062,2850d217-45bb-4a84-8175-f159c386f1ae,didnt-feel,weaker,-99.1220962,19.400096400000002,2026-03-19T14:33:47.961Z
69bc094c733b895823a01b80,6626e9c6d201798f94958cd7,2850d217-45bb-4a84-8175-f159c386f1ae,didnt-feel,dont-know,-98.2663875,18.9984339,2026-03-19T14:33:48.546Z
69bc095086e0f5f192bdacc0,692222125a4535b5dccedb77,2850d217-45bb-4a84-8175-f159c386f1ae,didnt-feel,dont-know,-99.1248628,19.3439785,2026-03-19T14:33:52.336Z
69bc095386e0f5f192bdad2f,66418b37d7b95778c5183a1d,2850d217-45bb-4a84-8175-f159c386f1ae,didnt-feel,correct,-99.11379699999999,19.2620491,2026-03-19T14:33:55.877Z
69bc0955733b895823a01c35,698bf458f0d404d5d1351471,2850d217-45bb-4a84-8175-f159c386f1ae,didnt-feel,correct,-99.1303962,19.4468231,2026-03-19T14:33:57.095Z
69bc095786e0f5f192bdad58,5c83c8876ea5c4f46bd7822f,2850d217-45bb-4a84-8175-f159c386f1ae,didnt-feel,dont-know,-99.1601925,19.4180436,2026-03-19T14:33:59.152Z
69bc095f733b895823a01d7a,632c02d6ce4ce7aff98cc903,2850d217-45bb-4a84-8175-f159c386f1ae,didnt-feel,dont-know,-99.0557268,19.491837099999998,2026-03-19T14:34:07.519Z
69bc096f733b895823a01f0a,59fa975a9c735c1b5b28382f,2850d217-45bb-4a84-8175-f159c386f1ae,weak,correct,-99.9066621,16.8346138,2026-03-19T14:34:23.236Z
69bc097186e0f5f192bdaeeb,6328e91636806d86a54ad53e,2850d217-45bb-4a84-8175-f159c386f1ae,didnt-feel,dont-know,-98.887288,19.2820662,2026-03-19T14:34:25.498Z
69bc097486e0f5f192bdaf2d,6338ffaf503140b3a5f9282b,2850d217-45bb-4a84-8175-f159c386f1ae,didnt-feel,correct,-99.1589812,19.4473086,2026-03-19T14:34:28.695Z
69bc097986e0f5f192bdaf59,59f6a959178b28f9fbf3be71,2850d217-45bb-4a84-8175-f159c386f1ae,didnt-feel,correct,-99.181395,19.3829834,2026-03-19T14:34:33.319Z
69bc097c86e0f5f192bdaf7e,65907c63f0a6e05b43e7dec6,2850d217-45bb-4a84-8175-f159c386f1ae,didnt-feel,dont-know,-99.1576268,19.2710645,2026-03-19T14:34:36.481Z
69bc097f733b895823a01fd1,65722ea12ab40109acda085a,2850d217-45bb-4a84-8175-f159c386f1ae,didnt-feel,dont-know,-99.12879629060626,19.434627972807895,2026-03-19T14:34:39.390Z
69bc097f733b895823a01fd4,59f6bd21178b28f9fbf3dc2f,2850d217-45bb-4a84-8175-f159c386f1ae,didnt-feel,dont-know,-99.1581936,19.3887725,2026-03-19T14:34:39.599Z
69bc098386e0f5f192bdafe0,59fb4293728a60c7345712c3,2850d217-45bb-4a84-8175-f159c386f1ae,didnt-feel,correct,-99.2054645,19.3436777,2026-03-19T14:34:43.558Z
69bc098886e0f5f192bdb05c,67a93278a9f4686743db800a,2850d217-45bb-4a84-8175-f159c386f1ae,didnt-feel,correct,-98.8914056,19.4099699,2026-03-19T14:34:48.488Z
69bc098b733b895823a02198,5a0c97d98e8b7fea5bb7062e,2850d217-45bb-4a84-8175-f159c386f1ae,didnt-feel,dont-know,-99.133208,19.4326077,2026-03-19T14:34:51.374Z
69bc0991733b895823a021e2,5a8c3b6cdca5f1fd3f91bf5c,2850d217-45bb-4a84-8175-f159c386f1ae,didnt-feel,correct,-99.1050653,19.2996777,2026-03-19T14:34:57.102Z
69bc0991733b895823a021e4,67e6e6f1b045115d668c6419,2850d217-45bb-4a84-8175-f159c386f1ae,didnt-feel,dont-know,-99.1668002,19.3838043,2026-03-19T14:34:57.454Z
69bc099a86e0f5f192bdb182,59f9fdd89c735c1b5b27ed63,2850d217-45bb-4a84-8175-f159c386f1ae,didnt-feel,correct,-99.146999,19.3458119,2026-03-19T14:35:06.346Z
69bc099d86e0f5f192bdb191,685331a7d025281656751312,2850d217-45bb-4a84-8175-f159c386f1ae,didnt-feel,dont-know,-99.098584,19.432217899999998,2026-03-19T14:35:09.087Z
69bc09a486e0f5f192bdb1eb,632c8e0d81a30b271e4eed73,2850d217-45bb-4a84-8175-f159c386f1ae,didnt-feel,correct,-99.1310486,19.4318565,2026-03-19T14:35:16.970Z
69bc09a786e0f5f192bdb215,643f7b3e10273afe92e3eaaa,2850d217-45bb-4a84-8175-f159c386f1ae,didnt-feel,dont-know,-99.098584,19.402751,2026-03-19T14:35:19.573Z
69bc09a886e0f5f192bdb21c,66a58c1e90177542b6c7da95,2850d217-45bb-4a84-8175-f159c386f1ae,didnt-feel,dont-know,-99.068461,19.378984499999998,2026-03-19T14:35:20.270Z
69bc09ad86e0f5f192bdb266,632cbe799cf5ef54292a03e2,2850d217-45bb-4a84-8175-f159c386f1ae,didnt-feel,dont-know,-98.997699,19.3886288,2026-03-19T14:35:25.634Z
69bc09ba733b895823a02441,59f868c07c1642f6b3de5254,2850d217-45bb-4a84-8175-f159c386f1ae,weak,correct,-99.1303962,19.493972199999998,2026-03-19T14:35:38.105Z
69bc09bb733b895823a02468,632dfccdc562795302906c73,2850d217-45bb-4a84-8175-f159c386f1ae,didnt-feel,correct,-102.24906969999999,20.0394143,2026-03-19T14:35:39.481Z
69bc09c4733b895823a02555,643f82e0123e1013a26cc90d,2850d217-45bb-4a84-8175-f159c386f1ae,didnt-feel,correct,-99.0384522,19.3092547,2026-03-19T14:35:48.678Z
69bc09d3733b895823a02603,692267865a4535b5dcd037f6,2850d217-45bb-4a84-8175-f159c386f1ae,didnt-feel,dont-know,-99.132101,19.434037,2026-03-19T14:36:03.181Z
69bc09d5733b895823a02629,6852decfb23f054c93e26290,2850d217-45bb-4a84-8175-f159c386f1ae,didnt-feel,dont-know,-99.1779005,19.380929,2026-03-19T14:36:05.711Z
69bc09db733b895823a026e1,60c93da4a63d9422cf0a05d6,2850d217-45bb-4a84-8175-f159c386f1ae,didnt-feel,dont-know,-99.1373136,19.4302678,2026-03-19T14:36:11.841Z
69bc09dd733b895823a02705,6805bc74f7d6a2098047dd36,2850d217-45bb-4a84-8175-f159c386f1ae,didnt-feel,dont-know,-99.17744619999999,18.579083699999998,2026-03-19T14:36:13.775Z
69bc09e5733b895823a02788,698fb904db948d541177fd73,2850d217-45bb-4a84-8175-f159c386f1ae,violent,stronger,-99.14625411853194,19.43996243567141,2026-03-19T14:36:21.236Z
69bc09ea86e0f5f192bdb655,5b148e08a2997dbe0523ca2e,2850d217-45bb-4a84-8175-f159c386f1ae,didnt-feel,correct,-99.1270416,19.4952031,2026-03-19T14:36:26.261Z
69bc09f8733b895823a0281f,643f82e0123e1013a26cc90d,2850d217-45bb-4a84-8175-f159c386f1ae,didnt-feel,correct,-99.0384522,19.3092547,2026-03-19T14:36:40.275Z
69bc09fa86e0f5f192bdb71f,688e69c519430bf93d8b0e2d,2850d217-45bb-4a84-8175-f159c386f1ae,didnt-feel,correct,-99.1860513,19.473984,2026-03-19T14:36:42.333Z
69bc0a0586e0f5f192bdb870,6521eac8ca95eac579e60a0f,2850d217-45bb-4a84-8175-f159c386f1ae,didnt-feel,correct,-98.9316745,18.8386931,2026-03-19T14:36:53.700Z
69bc0a08733b895823a02948,5b74f326947c631b6ee6a75d,2850d217-45bb-4a84-8175-f159c386f1ae,didnt-feel,dont-know,-99.1593263,19.449222,2026-03-19T14:36:56.248Z
69bc0a14733b895823a02a1c,5ab14153ba33db34d78f0ce4,2850d217-45bb-4a84-8175-f159c386f1ae,didnt-feel,correct,-99.1767541,19.3877638,2026-03-19T14:37:08.813Z
69bc0a1b86e0f5f192bdb9fc,67e99b2d4a6a5a05b692ec71,2850d217-45bb-4a84-8175-f159c386f1ae,didnt-feel,correct,-99.2508024,19.3374609,2026-03-19T14:37:15.120Z
69bc0a2086e0f5f192bdba6d,59f87cda9c735c1b5b271687,2850d217-45bb-4a84-8175-f159c386f1ae,didnt-feel,correct,-99.2051355,19.0336998,2026-03-19T14:37:20.526Z
69bc0a2386e0f5f192bdba82,615ae45258fdf33f5269eba7,2850d217-45bb-4a84-8175-f159c386f1ae,didnt-feel,dont-know,-99.2048154,19.3867026,2026-03-19T14:37:23.457Z
69bc0a28733b895823a02bb2,6430543bbf9ab2bf973f6354,2850d217-45bb-4a84-8175-f159c386f1ae,didnt-feel,dont-know,-99.2246268,19.2851483,2026-03-19T14:37:28.832Z
69bc0a2e86e0f5f192bdbb4d,59f649fa178b28f9fbf35eb7,2850d217-45bb-4a84-8175-f159c386f1ae,didnt-feel,correct,-98.2385992,19.0553165,2026-03-19T14:37:34.109Z
69bc0a2f733b895823a02c1c,5bb29b6dceafee8d0302b3c8,2850d217-45bb-4a84-8175-f159c386f1ae,didnt-feel,correct,-98.3876298861768,18.957500356286335,2026-03-19T14:37:35.713Z
69bc0a31733b895823a02c2b,63e40dbccbf88e154e80e8f0,2850d217-45bb-4a84-8175-f159c386f1ae,weak,correct,-99.1594532,19.4468279,2026-03-19T14:37:37.226Z
69bc0a3286e0f5f192bdbb61,693e29c220ec4b78afa968c2,2850d217-45bb-4a84-8175-f159c386f1ae,didnt-feel,weaker,-99.1664762,19.3948909,2026-03-19T14:37:38.326Z
69bc0a3386e0f5f192bdbb78,632e1a7fc831410c3fe4fea2,2850d217-45bb-4a84-8175-f159c386f1ae,didnt-feel,dont-know,-99.1911895,19.4059255,2026-03-19T14:37:39.958Z
69bc0a39733b895823a02c88,68cdb0ed5533bacac3dbc909,2850d217-45bb-4a84-8175-f159c386f1ae,didnt-feel,dont-know,-99.132101,19.434037,2026-03-19T14:37:45.771Z
69bc0a3f86e0f5f192bdbbf5,59f760d8ae9196d83db14378,2850d217-45bb-4a84-8175-f159c386f1ae,didnt-feel,dont-know,-99.1276295,19.329109600000002,2026-03-19T14:37:51.945Z
69bc0a4486e0f5f192bdbc30,5aeca568b18fd7a06c98aabf,2850d217-45bb-4a84-8175-f159c386f1ae,didnt-feel,correct,-99.1251318,19.4316849,2026-03-19T14:37:56.809Z
69bc0a4686e0f5f192bdbc83,5a0c979781710def8248b29c,2850d217-45bb-4a84-8175-f159c386f1ae,weak,correct,-99.5903713,18.9619941,2026-03-19T14:37:58.740Z
69bc0a57733b895823a02e86,67afc586ebb6953b8c17123c,2850d217-45bb-4a84-8175-f159c386f1ae,didnt-feel,dont-know,-99.1538098,19.3473713,2026-03-19T14:38:15.421Z
69bc0a6286e0f5f192bdbe92,697cd7a8695740a0cc3a8914,2850d217-45bb-4a84-8175-f159c386f1ae,didnt-feel,stronger,-99.132101,19.434037,2026-03-19T14:38:26.898Z
69bc0a6586e0f5f192bdbea4,59f6210a178b28f9fbf34e89,2850d217-45bb-4a84-8175-f159c386f1ae,didnt-feel,correct,-99.1051863,19.4669694,2026-03-19T14:38:29.937Z
69bc0a67733b895823a02f56,6572292f3691866d6b0f36a8,2850d217-45bb-4a84-8175-f159c386f1ae,didnt-feel,dont-know,-99.0557268,19.491837099999998,2026-03-19T14:38:31.133Z
69bc0a6b86e0f5f192bdbf05,68cd9c035b82b6bceb164ec1,2850d217-45bb-4a84-8175-f159c386f1ae,didnt-feel,dont-know,-99.03223419999999,19.376599,2026-03-19T14:38:35.425Z
69bc0a6c86e0f5f192bdbf15,68ee96fc8ae2aa99cb6f44d1,2850d217-45bb-4a84-8175-f159c386f1ae,didnt-feel,correct,-99.1465238,19.4290947,2026-03-19T14:38:36.231Z
69bc0a6e86e0f5f192bdbf4b,6442d822b8df1285c3552188,2850d217-45bb-4a84-8175-f159c386f1ae,didnt-feel,dont-know,-99.1269378,19.5538269,2026-03-19T14:38:38.477Z
69bc0a7886e0f5f192bdbff0,5afc4402f4de1aa5020c649b,2850d217-45bb-4a84-8175-f159c386f1ae,didnt-feel,correct,-99.16360510000001,19.4392516,2026-03-19T14:38:48.139Z
69bc0a7e733b895823a03113,646a8538824236058f3865da,2850d217-45bb-4a84-8175-f159c386f1ae,didnt-feel,dont-know,-98.2513802,19.1954059,2026-03-19T14:38:54.070Z
69bc0a7e733b895823a03115,59fe236add313346a2497310,2850d217-45bb-4a84-8175-f159c386f1ae,didnt-feel,correct,-99.14373839999999,19.3656596,2026-03-19T14:38:54.117Z
69bc0a8486e0f5f192bdc0b5,59f7a868bc77845687cedd6f,2850d217-45bb-4a84-8175-f159c386f1ae,didnt-feel,dont-know,-99.1092042,19.4433041,2026-03-19T14:39:00.220Z
69bc0a9c86e0f5f192bdc260,6225aebce3d317ac150fd65e,2850d217-45bb-4a84-8175-f159c386f1ae,didnt-feel,dont-know,-98.2458054,19.0263592,2026-03-19T14:39:24.252Z
69bc0aa486e0f5f192bdc2c0,5ab1b8a0ff306403045eb319,2850d217-45bb-4a84-8175-f159c386f1ae,didnt-feel,weaker,-98.2124123,19.314451299999998,2026-03-19T14:39:32.347Z
69bc0aab733b895823a0339f,5b9de1a54518c8f58b1ffc51,2850d217-45bb-4a84-8175-f159c386f1ae,didnt-feel,dont-know,-99.435726,19.7031127,2026-03-19T14:39:39.692Z
69bc0aac733b895823a033a5,68bf67fbc1447c6f7677433a,2850d217-45bb-4a84-8175-f159c386f1ae,didnt-feel,dont-know,-98.55609403923154,17.52491417512647,2026-03-19T14:39:40.426Z
69bc0abb733b895823a0348b,6509cf09a2fe934160b2a7cf,2850d217-45bb-4a84-8175-f159c386f1ae,didnt-feel,correct,-99.1386972,19.4522974,2026-03-19T14:39:55.705Z
69bc0abb86e0f5f192bdc3d7,5b874aa23ee0c2d60e3e882b,2850d217-45bb-4a84-8175-f159c386f1ae,didnt-feel,dont-know,-99.18367549999999,19.4610688,2026-03-19T14:39:55.844Z
69bc0abb86e0f5f192bdc3da,6509cf09a2fe934160b2a7cf,2850d217-45bb-4a84-8175-f159c386f1ae,didnt-feel,correct,-99.1386972,19.4522974,2026-03-19T14:39:55.916Z
69bc0ad586e0f5f192bdc52b,6440861a6063280575f3b163,2850d217-45bb-4a84-8175-f159c386f1ae,weak,correct,-99.0654022,19.4103067,2026-03-19T14:40:21.989Z
69bc0ad886e0f5f192bdc556,5b874aa23ee0c2d60e3e882b,2850d217-45bb-4a84-8175-f159c386f1ae,didnt-feel,dont-know,-99.18367549999999,19.4610688,2026-03-19T14:40:24.347Z
69bc0ad886e0f5f192bdc560,64cde38d32550c093b619522,2850d217-45bb-4a84-8175-f159c386f1ae,didnt-feel,correct,-99.1463071,19.465909399999997,2026-03-19T14:40:24.916Z
69bc0adb733b895823a03697,68caf9877cb2f1e8f17bb89c,2850d217-45bb-4a84-8175-f159c386f1ae,didnt-feel,dont-know,-99.1968277,19.3757002,2026-03-19T14:40:27.596Z
69bc0adb86e0f5f192bdc576,5c45b51a2d92effd1c88c2ee,2850d217-45bb-4a84-8175-f159c386f1ae,didnt-feel,dont-know,-99.1581936,19.3887725,2026-03-19T14:40:27.611Z
69bc0ae386e0f5f192bdc66b,5b023003a0f910f554ed83c5,2850d217-45bb-4a84-8175-f159c386f1ae,didnt-feel,dont-know,-99.1817672,19.478935,2026-03-19T14:40:35.392Z
69bc0ae486e0f5f192bdc6a6,678ec45fae1a98dceaa497ab,2850d217-45bb-4a84-8175-f159c386f1ae,didnt-feel,correct,-99.6043211,18.5547763,2026-03-19T14:40:36.698Z
69bc0ae9733b895823a037c4,61002d53b842df85c75c33af,2850d217-45bb-4a84-8175-f159c386f1ae,didnt-feel,correct,-99.1411184,19.536529899999998,2026-03-19T14:40:41.843Z
69bc0aeb86e0f5f192bdc6f3,69507e9757b8a9b3b500c749,2850d217-45bb-4a84-8175-f159c386f1ae,didnt-feel,dont-know,-99.2002892,19.3718426,2026-03-19T14:40:43.393Z
69bc0b0586e0f5f192bdc861,66f6449c5b5acff01d8c79eb,2850d217-45bb-4a84-8175-f159c386f1ae,didnt-feel,correct,-99.122612,19.4836538,2026-03-19T14:41:09.223Z
69bc0b08733b895823a0396e,65215ee5dad0de78aae225e6,2850d217-45bb-4a84-8175-f159c386f1ae,didnt-feel,correct,-98.91901519999999,19.4735797,2026-03-19T14:41:12.809Z
69bc0b1c733b895823a03a94,694762e857b8a9b3b5e500df,2850d217-45bb-4a84-8175-f159c386f1ae,didnt-feel,correct,-99.185752,19.367423499999997,2026-03-19T14:41:32.126Z
69bc0b1d86e0f5f192bdca3a,6783823a373b98d01087d649,2850d217-45bb-4a84-8175-f159c386f1ae,didnt-feel,weaker,-101.1597229,19.654604,2026-03-19T14:41:33.149Z
69bc0b2786e0f5f192bdcb0e,5ab19f3c002ec7aea058f36a,2850d217-45bb-4a84-8175-f159c386f1ae,didnt-feel,correct,-99.1386972,19.4139923,2026-03-19T14:41:43.136Z
69bc0b31733b895823a03c06,6739144de5dac996ae6caa4a,2850d217-45bb-4a84-8175-f159c386f1ae,didnt-feel,correct,-99.146999,19.3458119,2026-03-19T14:41:53.219Z
69bc0b3286e0f5f192bdcb8b,59f74171178b28f9fbf45110,2850d217-45bb-4a84-8175-f159c386f1ae,didnt-feel,dont-know,-99.7055132,19.2554458,2026-03-19T14:41:54.994Z
69bc0b36733b895823a03c2f,5a89afe4516763ab1193f200,2850d217-45bb-4a84-8175-f159c386f1ae,didnt-feel,correct,-98.2575349,19.0690276,2026-03-19T14:41:58.640Z
69bc0b3f733b895823a03ca4,632d2d42f744f340653f14d1,2850d217-45bb-4a84-8175-f159c386f1ae,didnt-feel,dont-know,-99.03395019471645,19.341681235641573,2026-03-19T14:42:07.214Z
69bc0b42733b895823a03cbc,63bcde2fd3e8492d1186ffa1,2850d217-45bb-4a84-8175-f159c386f1ae,didnt-feel,dont-know,-99.1293386,19.3932935,2026-03-19T14:42:10.171Z
69bc0b43733b895823a03cef,6525b43dfc3e06dce2cd5449,2850d217-45bb-4a84-8175-f159c386f1ae,didnt-feel,correct,-99.132101,19.434037,2026-03-19T14:42:11.163Z
69bc0b4386e0f5f192bdcc48,695a2f9f6e2e9d06955a9f1d,2850d217-45bb-4a84-8175-f159c386f1ae,didnt-feel,dont-know,-99.132101,19.434037,2026-03-19T14:42:11.689Z
69bc0b5086e0f5f192bdccfe,59f68f7492c50710c3eceb7a,2850d217-45bb-4a84-8175-f159c386f1ae,didnt-feel,correct,-99.6080146,19.4061401,2026-03-19T14:42:24.224Z
69bc0b52733b895823a03def,69a405f3ee1e9945669e239c,2850d217-45bb-4a84-8175-f159c386f1ae,didnt-feel,correct,-99.7976832,16.8268417,2026-03-19T14:42:26.014Z
69bc0b6a733b895823a03f45,67df8f1696b60ad5de791b54,2850d217-45bb-4a84-8175-f159c386f1ae,didnt-feel,correct,-98.2281337,18.9560669,2026-03-19T14:42:50.318Z
69bc0b6b86e0f5f192bdcf6a,66ad6dd2c4438d3fef19ee39,2850d217-45bb-4a84-8175-f159c386f1ae,didnt-feel,dont-know,-99.2549273,19.3383382,2026-03-19T14:42:51.064Z
69bc0b6f86e0f5f192bdcf9f,632ca8f5c68112bb2a003c13,2850d217-45bb-4a84-8175-f159c386f1ae,didnt-feel,dont-know,-99.16105780643164,19.376443344528212,2026-03-19T14:42:55.183Z
69bc0b6f733b895823a03f81,6810fb00ac3fe6090c598110,2850d217-45bb-4a84-8175-f159c386f1ae,didnt-feel,dont-know,-98.20744542405009,19.041242497479157,2026-03-19T14:42:55.489Z
69bc0b8286e0f5f192bdd076,61b8978b5a882b3816191929,2850d217-45bb-4a84-8175-f159c386f1ae,didnt-feel,correct,-99.1118683,19.2418216,2026-03-19T14:43:14.429Z
69bc0b8d733b895823a040d5,67d633e071bde277895b0759,2850d217-45bb-4a84-8175-f159c386f1ae,didnt-feel,correct,-99.30410547181964,19.613049839300245,2026-03-19T14:43:25.463Z
69bc0b92733b895823a0412a,59fd6eac61c0127ef03436c5,2850d217-45bb-4a84-8175-f159c386f1ae,didnt-feel,dont-know,-99.13740059999999,19.430338799999998,2026-03-19T14:43:30.012Z
69bc0b93733b895823a04144,5a8b03429d7756997f913c11,2850d217-45bb-4a84-8175-f159c386f1ae,didnt-feel,weaker,-99.65680975466967,19.27998290155511,2026-03-19T14:43:31.585Z
69bc0b9c86e0f5f192bdd1c4,66ad2b13c4438d3fef17f104,2850d217-45bb-4a84-8175-f159c386f1ae,didnt-feel,correct,-99.12850191816688,19.502329650878348,2026-03-19T14:43:40.998Z
69bc0bac86e0f5f192bdd2cb,5a14ca9e7a124b6c66f1be7a,2850d217-45bb-4a84-8175-f159c386f1ae,didnt-feel,dont-know,-99.172424,19.2762938,2026-03-19T14:43:56.883Z
69bc0bb3733b895823a043d4,65d150737010da325b1133c2,2850d217-45bb-4a84-8175-f159c386f1ae,didnt-feel,dont-know,-99.5826486,19.2527381,2026-03-19T14:44:03.622Z
69bc0bb7733b895823a043e4,59f761ef05e024e0e343cbcd,2850d217-45bb-4a84-8175-f159c386f1ae,didnt-feel,dont-know,-99.214316,18.935371,2026-03-19T14:44:07.329Z
69bc0bba86e0f5f192bdd365,69b4dbaf9c144a5d7b742b76,2850d217-45bb-4a84-8175-f159c386f1ae,didnt-feel,correct,-99.132101,19.434037,2026-03-19T14:44:10.156Z
69bc0bc4733b895823a04465,6975483391effdf3bdaaf54d,2850d217-45bb-4a84-8175-f159c386f1ae,didnt-feel,dont-know,-99.2151753,18.9099617,2026-03-19T14:44:20.939Z
69bc0bc7733b895823a04490,6138a716948ee162b2f9200c,2850d217-45bb-4a84-8175-f159c386f1ae,didnt-feel,dont-know,-101.7170479,21.1666989,2026-03-19T14:44:23.707Z
69bc0bc886e0f5f192bdd484,69b4dbaf9c144a5d7b742b76,2850d217-45bb-4a84-8175-f159c386f1ae,didnt-feel,correct,-99.132101,19.434037,2026-03-19T14:44:24.507Z
69bc0bd486e0f5f192bdd52a,6138218c92164065c70f333a,2850d217-45bb-4a84-8175-f159c386f1ae,didnt-feel,weaker,-99.03914309999999,19.586996799999998,2026-03-19T14:44:36.375Z
69bc0bdf733b895823a045fd,6041408b80216c000a4e2ac0,2850d217-45bb-4a84-8175-f159c386f1ae,didnt-feel,correct,-101.157015,19.6514073,2026-03-19T14:44:47.914Z
69bc0be086e0f5f192bdd5b9,632cb499148ae31c06977add,2850d217-45bb-4a84-8175-f159c386f1ae,didnt-feel,correct,-99.0305786,19.6000966,2026-03-19T14:44:48.627Z
69bc0be186e0f5f192bdd5ca,681e6405152cdcd9b063aa5e,2850d217-45bb-4a84-8175-f159c386f1ae,didnt-feel,correct,-99.1603539,19.3607685,2026-03-19T14:44:49.533Z
69bc0bf0733b895823a04704,5a35229a14840f98fb7c9f38,2850d217-45bb-4a84-8175-f159c386f1ae,didnt-feel,dont-know,-99.16553449999999,19.3968781,2026-03-19T14:45:04.258Z
69bc0bfa86e0f5f192bdd70a,6984159353347ec5d8c42af8,2850d217-45bb-4a84-8175-f159c386f1ae,didnt-feel,dont-know,-98.2364759,19.1113891,2026-03-19T14:45:14.482Z
69bc0c0c86e0f5f192bdd7f7,59f6d85426457201db672b43,2850d217-45bb-4a84-8175-f159c386f1ae,didnt-feel,dont-know,-101.2029329,19.6836852,2026-03-19T14:45:32.552Z
69bc0c1586e0f5f192bdd8c9,6802a6a874bc88071e894160,2850d217-45bb-4a84-8175-f159c386f1ae,didnt-feel,correct,-99.17887665331364,19.56060823948129,2026-03-19T14:45:41.264Z
69bc0c1686e0f5f192bdd8e6,6985f5bdcc40031131dd127b,2850d217-45bb-4a84-8175-f159c386f1ae,didnt-feel,dont-know,-98.0408843,19.0437929,2026-03-19T14:45:42.870Z
69bc0c2486e0f5f192bdd9bd,5a4926a7ed1cbd3926941263,2850d217-45bb-4a84-8175-f159c386f1ae,weak,correct,-99.0750788,19.4967605,2026-03-19T14:45:56.016Z
69bc0c24733b895823a04a81,681664f52cb625e0d71fc4a7,2850d217-45bb-4a84-8175-f159c386f1ae,didnt-feel,dont-know,-99.1463071,19.3082873,2026-03-19T14:45:56.562Z
69bc0c29733b895823a04ab8,632c9568de8546da829ec214,2850d217-45bb-4a84-8175-f159c386f1ae,didnt-feel,dont-know,-99.1851814,19.3887542,2026-03-19T14:46:01.366Z
69bc0c32733b895823a04bb3,5ef2246a45c3ef000af775ee,2850d217-45bb-4a84-8175-f159c386f1ae,didnt-feel,dont-know,-101.2191019,19.6841495,2026-03-19T14:46:10.994Z
69bc0c37733b895823a04c05,59f646ee26457201db669415,2850d217-45bb-4a84-8175-f159c386f1ae,didnt-feel,correct,-98.2281337,18.9560669,2026-03-19T14:46:15.105Z
69bc0c37733b895823a04c08,646fc0b20a5ded8b26553462,2850d217-45bb-4a84-8175-f159c386f1ae,didnt-feel,dont-know,-99.2187428,19.6518252,2026-03-19T14:46:15.327Z
69bc0c4586e0f5f192bddb4a,634f4acc473c880105ff7158,2850d217-45bb-4a84-8175-f159c386f1ae,didnt-feel,correct,-99.1310486,19.4318565,2026-03-19T14:46:29.902Z
69bc0c5086e0f5f192bddc1b,699ca9ea87c446366534fe48,2850d217-45bb-4a84-8175-f159c386f1ae,weak,correct,-99.06446058437157,19.45377774543143,2026-03-19T14:46:40.987Z
69bc0c53733b895823a04de8,695c15648fd967b563898d6c,2850d217-45bb-4a84-8175-f159c386f1ae,didnt-feel,dont-know,-99.59592964500189,19.26003850419744,2026-03-19T14:46:43.714Z
69bc0c6686e0f5f192bddd87,646178f2cbaa0657a279ff7d,2850d217-45bb-4a84-8175-f159c386f1ae,didnt-feel,dont-know,-99.1543481,19.339029,2026-03-19T14:47:02.408Z
69bc0c66733b895823a04f38,5b88b9b3be51f9f59486b319,2850d217-45bb-4a84-8175-f159c386f1ae,didnt-feel,correct,-99.2207479,19.3419351,2026-03-19T14:47:02.641Z
69bc0c6a733b895823a04f9c,59f6900a178b28f9fbf39af7,2850d217-45bb-4a84-8175-f159c386f1ae,didnt-feel,dont-know,-99.1423009,19.4605103,2026-03-19T14:47:06.799Z
69bc0c6d733b895823a04fcd,690b5af61552060f76d71459,2850d217-45bb-4a84-8175-f159c386f1ae,weak,correct,-99.0605643,19.3420386,2026-03-19T14:47:09.409Z
69bc0c6f733b895823a04fef,688fac219946cce97c04feb3,2850d217-45bb-4a84-8175-f159c386f1ae,didnt-feel,correct,-99.132101,19.434037,2026-03-19T14:47:11.429Z
69bc0c77733b895823a05067,5a415fb07b8b9db590ca815a,2850d217-45bb-4a84-8175-f159c386f1ae,didnt-feel,correct,-99.16083719999999,19.4276061,2026-03-19T14:47:19.923Z
69bc0c79733b895823a0507f,61d5d962c64bb3dd91026c85,2850d217-45bb-4a84-8175-f159c386f1ae,didnt-feel,dont-know,-99.1759805,19.4135111,2026-03-19T14:47:21.135Z
69bc0c7f86e0f5f192bddecd,59f7b282993bc192df1ae21f,2850d217-45bb-4a84-8175-f159c386f1ae,didnt-feel,dont-know,-99.132101,19.434037,2026-03-19T14:47:27.067Z
69bc0c7f733b895823a050ff,5ef361c0279e31000accfc38,2850d217-45bb-4a84-8175-f159c386f1ae,didnt-feel,correct,-99.1165633,19.3237725,2026-03-19T14:47:27.954Z
69bc0c9286e0f5f192bddfda,67d5131090e21b398ca3199d,2850d217-45bb-4a84-8175-f159c386f1ae,didnt-feel,correct,-99.1403687,19.3902871,2026-03-19T14:47:46.187Z
69bc0c9786e0f5f192bde01d,6913ef1172e54cc7e5681441,2850d217-45bb-4a84-8175-f159c386f1ae,didnt-feel,correct,-99.19560257345438,19.527838582554516,2026-03-19T14:47:51.737Z
69bc0c9b86e0f5f192bde03d,59ffcd3ddd313346a249bf13,2850d217-45bb-4a84-8175-f159c386f1ae,didnt-feel,dont-know,-99.0346356,19.4815838,2026-03-19T14:47:55.281Z
69bc0ca1733b895823a052ef,6079e30dfcf79c000a2baaa6,2850d217-45bb-4a84-8175-f159c386f1ae,didnt-feel,dont-know,-99.13316309999999,19.396592899999998,2026-03-19T14:48:01.455Z
69bc0ca786e0f5f192bde0b2,68c8c28592b224ec89b3275e,2850d217-45bb-4a84-8175-f159c386f1ae,didnt-feel,correct,-99.19267409999999,19.5983736,2026-03-19T14:48:07.469Z
69bc0caa86e0f5f192bde0e0,59f743d794b604ee748e4a7d,2850d217-45bb-4a84-8175-f159c386f1ae,didnt-feel,correct,-99.0787732,19.4866307,2026-03-19T14:48:10.233Z
69bc0caf733b895823a053bd,5a8c3ebc883f3086a0d5df24,2850d217-45bb-4a84-8175-f159c386f1ae,didnt-feel,correct,-98.75403167679906,18.502280168443182,2026-03-19T14:48:15.625Z
69bc0caf86e0f5f192bde16c,6079e30dfcf79c000a2baaa6,2850d217-45bb-4a84-8175-f159c386f1ae,didnt-feel,dont-know,-99.13316309999999,19.396592899999998,2026-03-19T14:48:15.995Z
69bc0cb0733b895823a053c3,69591134874604b18f299a16,2850d217-45bb-4a84-8175-f159c386f1ae,didnt-feel,correct,-99.2051355,19.0336998,2026-03-19T14:48:16.041Z
69bc0cbc86e0f5f192bde2af,6234f0ac920b82e93abad94c,2850d217-45bb-4a84-8175-f159c386f1ae,didnt-feel,correct,-99.290272,19.3926103,2026-03-19T14:48:28.460Z
69bc0cbe86e0f5f192bde2dc,5a0d185e8e8b7fea5bb77781,2850d217-45bb-4a84-8175-f159c386f1ae,didnt-feel,correct,-99.183972,19.391639,2026-03-19T14:48:30.969Z
69bc0cbf86e0f5f192bde2e2,5a0d185e8e8b7fea5bb77781,2850d217-45bb-4a84-8175-f159c386f1ae,didnt-feel,correct,-99.183972,19.391639,2026-03-19T14:48:31.265Z
69bc0cc4733b895823a0551b,5d5f05c371fecb43a659fd14,2850d217-45bb-4a84-8175-f159c386f1ae,strong,correct,-98.2377049,19.175369699999997,2026-03-19T14:48:36.696Z
69bc0cc6733b895823a05542,682101329ae7dbff22b5582c,2850d217-45bb-4a84-8175-f159c386f1ae,didnt-feel,dont-know,-99.1089562,19.311633099999998,2026-03-19T14:48:38.418Z
69bc0cd1733b895823a05614,59f87f24879b74cfcf2b5545,2850d217-45bb-4a84-8175-f159c386f1ae,didnt-feel,correct,-98.61331880000002,18.5071656,2026-03-19T14:48:49.941Z
69bc0cd586e0f5f192bde446,59fa8153879b74cfcf2c65cc,2850d217-45bb-4a84-8175-f159c386f1ae,didnt-feel,dont-know,-99.1912388,18.8815496,2026-03-19T14:48:53.925Z
69bc0ce0733b895823a05704,650bb378d39328d58e78c822,2850d217-45bb-4a84-8175-f159c386f1ae,didnt-feel,correct,-99.1483827,19.417923200000004,2026-03-19T14:49:04.236Z
69bc0cf986e0f5f192bde69d,6969e830366988e3e7cd8157,2850d217-45bb-4a84-8175-f159c386f1ae,didnt-feel,correct,-99.013756,19.3872793,2026-03-19T14:49:29.966Z
69bc0d06733b895823a058f1,59fb492eabf765a5c2f456b6,2850d217-45bb-4a84-8175-f159c386f1ae,didnt-feel,dont-know,-99.1048072,19.378130100000003,2026-03-19T14:49:42.621Z
69bc0d0c733b895823a059a4,65ca9076be53a5505b9757f1,2850d217-45bb-4a84-8175-f159c386f1ae,didnt-feel,dont-know,-99.1539178,19.394073400000003,2026-03-19T14:49:48.099Z
69bc0d18733b895823a05aba,6957d14eb01a574f0f6bd52e,2850d217-45bb-4a84-8175-f159c386f1ae,didnt-feel,weaker,-99.132101,19.434037,2026-03-19T14:50:00.419Z
69bc0d1c733b895823a05afb,61e4e11ef0084fef734fc10e,2850d217-45bb-4a84-8175-f159c386f1ae,didnt-feel,dont-know,-99.08112129999999,19.831753199999998,2026-03-19T14:50:04.580Z
69bc0d1e86e0f5f192bde8f9,59f9fda4879b74cfcf2c2552,2850d217-45bb-4a84-8175-f159c386f1ae,didnt-feel,correct,-99.2508024,19.3374609,2026-03-19T14:50:06.944Z
69bc0d2786e0f5f192bde9f6,6670e9cc3fb0d328ee0d1464,2850d217-45bb-4a84-8175-f159c386f1ae,didnt-feel,correct,-99.1041157,19.4142597,2026-03-19T14:50:15.101Z
69bc0d2e86e0f5f192bdeaa6,611b3ae3a014eda5d6726a7f,2850d217-45bb-4a84-8175-f159c386f1ae,didnt-feel,dont-know,-99.7357271,19.2844456,2026-03-19T14:50:22.994Z
69bc0d3d86e0f5f192bdebf0,67144b4fd8f4bb783ddffb85,2850d217-45bb-4a84-8175-f159c386f1ae,didnt-feel,dont-know,-101.3176816,19.6792941,2026-03-19T14:50:37.117Z
69bc0d3d86e0f5f192bdebf2,59f8cc33543d32d8d5272676,2850d217-45bb-4a84-8175-f159c386f1ae,didnt-feel,correct,-99.1678836,19.289265,2026-03-19T14:50:37.229Z
69bc0d3f733b895823a05d84,643f77e29f02f152f78d362a,2850d217-45bb-4a84-8175-f159c386f1ae,didnt-feel,correct,-99.0778438,19.299193199999998,2026-03-19T14:50:39.567Z
69bc0d4b86e0f5f192bdecd0,66d1c31c13e802c6cabcbec9,2850d217-45bb-4a84-8175-f159c386f1ae,didnt-feel,correct,-99.132101,19.434037,2026-03-19T14:50:51.198Z
69bc0d50733b895823a05e7e,61439306bf5dcd791bf51328,2850d217-45bb-4a84-8175-f159c386f1ae,didnt-feel,dont-know,-99.00283759999999,19.3912758,2026-03-19T14:50:56.013Z
69bc0d5986e0f5f192bded5c,59f69075178b28f9fbf39b7f,2850d217-45bb-4a84-8175-f159c386f1ae,didnt-feel,weaker,-99.0855517,19.5558013,2026-03-19T14:51:05.444Z
69bc0d5a86e0f5f192bded67,5d560b1b079747597fcbb3f6,2850d217-45bb-4a84-8175-f159c386f1ae,didnt-feel,dont-know,-99.1851814,19.3887542,2026-03-19T14:51:06.312Z
69bc0d5d733b895823a05f04,68d3a6264f46c51fa19d0527,2850d217-45bb-4a84-8175-f159c386f1ae,didnt-feel,dont-know,-99.2321418,19.3569705,2026-03-19T14:51:09.886Z
69bc0d64733b895823a05f3b,68c4de30e369fdf3076791ea,2850d217-45bb-4a84-8175-f159c386f1ae,didnt-feel,dont-know,-99.2196762,19.348767,2026-03-19T14:51:16.633Z
69bc0d69733b895823a05f7e,60563b0c753ade000afdc03f,2850d217-45bb-4a84-8175-f159c386f1ae,didnt-feel,dont-know,-99.291726,19.4393478,2026-03-19T14:51:21.824Z
69bc0d6a86e0f5f192bdede7,63a12d9f85d30a4865a21f90,2850d217-45bb-4a84-8175-f159c386f1ae,weak,correct,-99.04259770000002,19.403341599999997,2026-03-19T14:51:22.076Z
69bc0d6b733b895823a05f85,657b665fd4dc5fad566d0b5f,2850d217-45bb-4a84-8175-f159c386f1ae,didnt-feel,dont-know,-98.9548963,19.297912399999998,2026-03-19T14:51:23.714Z
69bc0d8b733b895823a061d6,5db3b8eba4d2ab78f48d575b,2850d217-45bb-4a84-8175-f159c386f1ae,didnt-feel,correct,-99.2321418,19.4232487,2026-03-19T14:51:55.989Z
69bc0d9b733b895823a062c4,5d8432a1aedf60ed357a8860,2850d217-45bb-4a84-8175-f159c386f1ae,didnt-feel,dont-know,-99.0230419,19.363019599999998,2026-03-19T14:52:11.525Z
69bc0da1733b895823a062ed,67d5901f71bde27789556848,2850d217-45bb-4a84-8175-f159c386f1ae,didnt-feel,correct,-99.2272939,19.3741539,2026-03-19T14:52:17.060Z
69bc0db686e0f5f192bdf35f,5a15ad7549297f5a37e7a077,2850d217-45bb-4a84-8175-f159c386f1ae,didnt-feel,correct,-99.14754316178305,19.328896049166797,2026-03-19T14:52:38.381Z
69bc0db7733b895823a0643c,5afc47d5e59d5f0d5fedb3b7,2850d217-45bb-4a84-8175-f159c386f1ae,didnt-feel,dont-know,-99.2217537,19.5865698,2026-03-19T14:52:39.495Z
69bc0dc086e0f5f192bdf404,69724a598b580fb4a072889a,2850d217-45bb-4a84-8175-f159c386f1ae,weak,correct,-99.132101,19.434037,2026-03-19T14:52:48.826Z
69bc0dc2733b895823a064e9,60561dbabf8dc1000bad204a,2850d217-45bb-4a84-8175-f159c386f1ae,didnt-feel,dont-know,-99.1786145,19.4014775,2026-03-19T14:52:50.886Z
69bc0dc586e0f5f192bdf42c,5a89f01b516763ab11941fb6,2850d217-45bb-4a84-8175-f159c386f1ae,didnt-feel,correct,-99.2349122,19.3082319,2026-03-19T14:52:53.018Z
69bc0dc5733b895823a06509,5a09155d24d403e624c24a3c,2850d217-45bb-4a84-8175-f159c386f1ae,didnt-feel,dont-know,-98.997699,19.2766515,2026-03-19T14:52:53.479Z
69bc0dca733b895823a0652a,67af7f6c1969622c0c9e024f,2850d217-45bb-4a84-8175-f159c386f1ae,didnt-feel,dont-know,-99.3700679,19.300002,2026-03-19T14:52:58.309Z
69bc0ddc733b895823a06608,5cf7baf172ce256326f011f1,2850d217-45bb-4a84-8175-f159c386f1ae,didnt-feel,dont-know,-99.2016738,18.9257138,2026-03-19T14:53:16.178Z
69bc0dde733b895823a06622,6138bd59918acdb11191ee43,2850d217-45bb-4a84-8175-f159c386f1ae,didnt-feel,weaker,-99.3298552,19.6310827,2026-03-19T14:53:18.348Z
69bc0deb733b895823a066f7,686f0963395b4399be56462c,2850d217-45bb-4a84-8175-f159c386f1ae,didnt-feel,dont-know,-99.098584,19.6444313,2026-03-19T14:53:31.421Z
69bc0df1733b895823a06754,689b22fcb09389a20306fae7,2850d217-45bb-4a84-8175-f159c386f1ae,didnt-feel,dont-know,-99.1753697,19.5106892,2026-03-19T14:53:37.498Z
69bc0dfa86e0f5f192bdf6f8,68cf676c4f46c51fa18850fe,2850d217-45bb-4a84-8175-f159c386f1ae,didnt-feel,dont-know,-99.7146828,16.7348338,2026-03-19T14:53:46.698Z
69bc0dfc86e0f5f192bdf71c,5af8478128427c072b7ee70f,2850d217-45bb-4a84-8175-f159c386f1ae,didnt-feel,dont-know,-98.84856099999999,19.3483777,2026-03-19T14:53:48.458Z
69bc0dfc733b895823a0681e,64fbf8f227826064045410f9,2850d217-45bb-4a84-8175-f159c386f1ae,didnt-feel,correct,-99.1939605,19.5010942,2026-03-19T14:53:48.808Z
69bc0e0086e0f5f192bdf760,5ad56c6d4141e21a0bbf2a42,2850d217-45bb-4a84-8175-f159c386f1ae,didnt-feel,dont-know,-99.1431939,19.290401499999998,2026-03-19T14:53:52.732Z
69bc0e0186e0f5f192bdf764,59f6526a26457201db669bf7,2850d217-45bb-4a84-8175-f159c386f1ae,didnt-feel,correct,-99.132101,19.434037,2026-03-19T14:53:53.115Z
69bc0e0386e0f5f192bdf786,59f802c47c1642f6b3de21d9,2850d217-45bb-4a84-8175-f159c386f1ae,didnt-feel,dont-know,-99.1837258,19.4738323,2026-03-19T14:53:55.920Z
69bc0e0d733b895823a06974,5f0dd8be500234000ba8d96d,2850d217-45bb-4a84-8175-f159c386f1ae,didnt-feel,dont-know,-99.1273418,19.3548128,2026-03-19T14:54:05.058Z
69bc0e1d733b895823a06a3b,5a3b256cdc03ee73775339a4,2850d217-45bb-4a84-8175-f159c386f1ae,didnt-feel,correct,-99.1186381,19.4614133,2026-03-19T14:54:21.962Z
69bc0e25733b895823a06a9e,66a54122b67d9d4486caf7ad,2850d217-45bb-4a84-8175-f159c386f1ae,didnt-feel,correct,-99.132101,19.434037,2026-03-19T14:54:29.794Z
69bc0e34733b895823a06bec,67f06ab14a6a5a05b6ab1ce0,2850d217-45bb-4a84-8175-f159c386f1ae,didnt-feel,correct,-99.1483827,19.3648912,2026-03-19T14:54:44.026Z
69bc0e3d733b895823a06c4f,5e8c14f77b0211000c29d782,2850d217-45bb-4a84-8175-f159c386f1ae,didnt-feel,dont-know,-99.1474289,19.4817145,2026-03-19T14:54:53.262Z
69bc0e4986e0f5f192bdfb77,5d005610155641d0dfb60552,2850d217-45bb-4a84-8175-f159c386f1ae,didnt-feel,correct,-99.973056,20.3943607,2026-03-19T14:55:05.242Z
69bc0e5d733b895823a06d93,68c1b13d8e7b82939f37bf2f,2850d217-45bb-4a84-8175-f159c386f1ae,didnt-feel,correct,-99.1028668,19.4431386,2026-03-19T14:55:25.671Z
69bc0e5e86e0f5f192bdfc9b,68982fe16bc922a8bbed66b6,2850d217-45bb-4a84-8175-f159c386f1ae,didnt-feel,dont-know,-99.2155215,19.3887443,2026-03-19T14:55:26.885Z
69bc0e6886e0f5f192bdfcf8,6969e65ff7b2fee48fbe5d41,2850d217-45bb-4a84-8175-f159c386f1ae,weak,correct,-98.41067522764206,19.159115988033367,2026-03-19T14:55:36.833Z
69bc0e73733b895823a06e5a,62289db7e3d317d07813d906,2850d217-45bb-4a84-8175-f159c386f1ae,didnt-feel,correct,-99.1760801,19.3061621,2026-03-19T14:55:47.242Z
69bc0e7a733b895823a06edd,68bd15eeb6700629a684a2d4,2850d217-45bb-4a84-8175-f159c386f1ae,didnt-feel,weaker,-98.1829205,19.0003127,2026-03-19T14:55:54.007Z
69bc0e7c86e0f5f192bdfe33,59f7f7d196400cec1693e104,2850d217-45bb-4a84-8175-f159c386f1ae,didnt-feel,correct,-99.0806088,19.3579802,2026-03-19T14:55:56.767Z
69bc0e7f733b895823a06f17,696a42a84cacff361f0af282,2850d217-45bb-4a84-8175-f159c386f1ae,didnt-feel,dont-know,-98.68269145488739,19.91954766846996,2026-03-19T14:55:59.825Z
69bc0e8a86e0f5f192bdfe9b,5a8265874b23ae79f1493666,2850d217-45bb-4a84-8175-f159c386f1ae,weak,correct,-99.1968277,19.3757002,2026-03-19T14:56:10.944Z
69bc0e8e86e0f5f192bdfec1,5aa294e0fd94ea1424734ef7,2850d217-45bb-4a84-8175-f159c386f1ae,weak,correct,-99.1373136,19.4302678,2026-03-19T14:56:14.202Z
69bc0e9386e0f5f192bdfef3,696ad9c62c7eb4d361efb3cc,2850d217-45bb-4a84-8175-f159c386f1ae,didnt-feel,weaker,-98.9645594,18.7923707,2026-03-19T14:56:19.646Z
69bc0ea286e0f5f192bdff9e,6138555ef6f56880a4dc757c,2850d217-45bb-4a84-8175-f159c386f1ae,didnt-feel,correct,-99.24114589999999,19.3145421,2026-03-19T14:56:34.775Z
69bc0eb086e0f5f192be0020,5a8c4a9e302901557dca5e60,2850d217-45bb-4a84-8175-f159c386f1ae,didnt-feel,dont-know,-98.9521664,19.2711913,2026-03-19T14:56:48.774Z
69bc0ece733b895823a07270,59fdce5261c0127ef0343d1c,2850d217-45bb-4a84-8175-f159c386f1ae,didnt-feel,dont-know,-99.11737494379695,19.307391751326367,2026-03-19T14:57:18.273Z
69bc0ed0733b895823a0727a,6558faf561f9bb9ed89239ef,2850d217-45bb-4a84-8175-f159c386f1ae,didnt-feel,correct,-99.2114503,19.4844783,2026-03-19T14:57:20.268Z
69bc0ed086e0f5f192be0198,5b50a20f49933c9942f2ea95,2850d217-45bb-4a84-8175-f159c386f1ae,didnt-feel,correct,-98.1690352,19.0507667,2026-03-19T14:57:20.923Z
69bc0ed686e0f5f192be01e8,6395ec063ba1f7b3c0a620be,2850d217-45bb-4a84-8175-f159c386f1ae,didnt-feel,correct,-102.2087548,17.9587157,2026-03-19T14:57:26.055Z
69bc0eda733b895823a07346,59fdce5261c0127ef0343d1c,2850d217-45bb-4a84-8175-f159c386f1ae,didnt-feel,dont-know,-99.11737494379695,19.307391751326367,2026-03-19T14:57:30.964Z
69bc0f1286e0f5f192be04c3,65e560209898120a7013c134,2850d217-45bb-4a84-8175-f159c386f1ae,didnt-feel,correct,-99.16360510000001,18.8621268,2026-03-19T14:58:26.673Z
69bc0f1486e0f5f192be04ca,632a0866854a5f09dfc0481d,2850d217-45bb-4a84-8175-f159c386f1ae,didnt-feel,dont-know,-99.51103789999999,19.2866552,2026-03-19T14:58:28.867Z
69bc0f15733b895823a075a2,643f7c01672731271d373520,2850d217-45bb-4a84-8175-f159c386f1ae,didnt-feel,correct,-99.1177937,19.3235456,2026-03-19T14:58:29.590Z
69bc0f1a733b895823a075ef,5afc5afcf445bc7513d89d88,2850d217-45bb-4a84-8175-f159c386f1ae,didnt-feel,correct,-99.1864442,19.344558799999998,2026-03-19T14:58:34.282Z
69bc0f1d86e0f5f192be054f,69593b65708d1c24202275e6,2850d217-45bb-4a84-8175-f159c386f1ae,didnt-feel,dont-know,-99.185752,19.482325300000003,2026-03-19T14:58:37.946Z
69bc0f22733b895823a0763b,61388c96ac2a77560c77d9e0,2850d217-45bb-4a84-8175-f159c386f1ae,didnt-feel,dont-know,-99.5211152,17.5746343,2026-03-19T14:58:42.553Z
69bc0f2586e0f5f192be05a7,645197e16f4845272508610e,2850d217-45bb-4a84-8175-f159c386f1ae,didnt-feel,correct,-99.16802390000001,19.3813647,2026-03-19T14:58:45.975Z
69bc0f36733b895823a07719,645197e16f4845272508610e,2850d217-45bb-4a84-8175-f159c386f1ae,didnt-feel,correct,-99.16802390000001,19.3813647,2026-03-19T14:59:02.787Z
69bc0f3e86e0f5f192be068b,5bd0ab3735ccee88e52a6f23,2850d217-45bb-4a84-8175-f159c386f1ae,didnt-feel,dont-know,-99.2534886,18.9781695,2026-03-19T14:59:10.843Z
69bc0f3e733b895823a0775d,5bd0ab3735ccee88e52a6f23,2850d217-45bb-4a84-8175-f159c386f1ae,didnt-feel,dont-know,-99.2534886,18.9781695,2026-03-19T14:59:10.984Z
69bc0f44733b895823a077c3,69aaead3b31f5def6d614d7a,2850d217-45bb-4a84-8175-f159c386f1ae,didnt-feel,dont-know,-99.1635266,19.4384979,2026-03-19T14:59:16.006Z
69bc0f4a733b895823a07824,6147653c8289a3428dc1caa9,2850d217-45bb-4a84-8175-f159c386f1ae,didnt-feel,correct,-99.6059527,18.5565878,2026-03-19T14:59:22.134Z
69bc0f5c86e0f5f192be0862,5b9028e9e5d668b6ab711ee5,2850d217-45bb-4a84-8175-f159c386f1ae,weak,correct,-99.1549556,19.501201,2026-03-19T14:59:40.375Z
69bc0f5d733b895823a0792a,6147653c8289a3428dc1caa9,2850d217-45bb-4a84-8175-f159c386f1ae,didnt-feel,correct,-99.6059527,18.5565878,2026-03-19T14:59:41.515Z
69bc0f5e733b895823a07930,6147653c8289a3428dc1caa9,2850d217-45bb-4a84-8175-f159c386f1ae,didnt-feel,correct,-99.6059527,18.5565878,2026-03-19T14:59:42.640Z
69bc0f6c86e0f5f192be0948,5b172d703281ddbdf36fec93,2850d217-45bb-4a84-8175-f159c386f1ae,didnt-feel,dont-know,-98.1867868,19.0201991,2026-03-19T14:59:56.993Z
69bc0f7586e0f5f192be09a4,5a00d5dadd313346a249df68,2850d217-45bb-4a84-8175-f159c386f1ae,didnt-feel,dont-know,-99.2201233,19.3282821,2026-03-19T15:00:05.720Z
69bc0f79733b895823a07afa,68542049c6c0ea1b07ba11c2,2850d217-45bb-4a84-8175-f159c386f1ae,didnt-feel,dont-know,-98.8772121,19.5310183,2026-03-19T15:00:09.196Z
69bc0f80733b895823a07bae,64342622e3c1142fc0411d98,2850d217-45bb-4a84-8175-f159c386f1ae,didnt-feel,dont-know,-99.04467059999999,19.4806013,2026-03-19T15:00:16.929Z
69bc0f81733b895823a07bb8,664ad6b664a2e0c61251b692,2850d217-45bb-4a84-8175-f159c386f1ae,didnt-feel,correct,-99.04190679999999,19.5161099,2026-03-19T15:00:17.581Z
69bc0f82733b895823a07bc0,5a376aae665c8f1fffc294e8,2850d217-45bb-4a84-8175-f159c386f1ae,didnt-feel,dont-know,-99.2162139,19.2863543,2026-03-19T15:00:18.014Z
69bc0fab733b895823a07e67,59ff6507dd313346a249adc5,2850d217-45bb-4a84-8175-f159c386f1ae,didnt-feel,dont-know,-100.33168053254485,19.438513554745377,2026-03-19T15:00:59.383Z
69bc0fc786e0f5f192be0daa,59f72cda0a25adc0efc5bfb0,2850d217-45bb-4a84-8175-f159c386f1ae,didnt-feel,dont-know,-99.1251318,19.4316849,2026-03-19T15:01:27.175Z
69bc0fcc733b895823a08051,59f680ae92c50710c3ecdc03,2850d217-45bb-4a84-8175-f159c386f1ae,didnt-feel,correct,-99.3169078,19.6259113,2026-03-19T15:01:32.124Z
69bc0fcd86e0f5f192be0dfb,642b8a771a7366694449c4f9,2850d217-45bb-4a84-8175-f159c386f1ae,didnt-feel,dont-know,-99.19276867031196,19.4100000668032,2026-03-19T15:01:33.209Z
69bc0fce86e0f5f192be0e47,67d3820b6c01768126011b25,2850d217-45bb-4a84-8175-f159c386f1ae,didnt-feel,correct,-99.0955568,19.4984629,2026-03-19T15:01:34.972Z
69bc0fd7733b895823a080d5,6969f5c7ff628db669806b5c,2850d217-45bb-4a84-8175-f159c386f1ae,weak,weaker,-99.7827167,16.7792844,2026-03-19T15:01:43.227Z
69bc0fd886e0f5f192be0ebe,668347b0573408e1bfa4cfef,2850d217-45bb-4a84-8175-f159c386f1ae,weak,correct,-99.18504925444722,19.455368365826576,2026-03-19T15:01:44.307Z
69bc0fdd733b895823a08109,59fab40bb326dead12166a83,2850d217-45bb-4a84-8175-f159c386f1ae,didnt-feel,dont-know,-99.0197998,19.2637748,2026-03-19T15:01:49.882Z
69bc0ff0733b895823a081b4,66f7103603c86c98c0a492d8,2850d217-45bb-4a84-8175-f159c386f1ae,didnt-feel,correct,-99.11379699999999,19.365157099999998,2026-03-19T15:02:08.109Z
69bc0ff486e0f5f192be0fee,66f7103603c86c98c0a492d8,2850d217-45bb-4a84-8175-f159c386f1ae,didnt-feel,correct,-99.11379699999999,19.365157099999998,2026-03-19T15:02:12.883Z
69bc0ffc733b895823a0826d,613828cff2240826974a7400,2850d217-45bb-4a84-8175-f159c386f1ae,didnt-feel,dont-know,-99.1634999,19.4251356,2026-03-19T15:02:20.961Z
69bc100f733b895823a0836b,67edf6121c8fc91f27732ce1,2850d217-45bb-4a84-8175-f159c386f1ae,didnt-feel,correct,-101.2708014,19.701564599999998,2026-03-19T15:02:39.636Z
69bc101e733b895823a08465,63f832aad5f8df8fc1e475d8,2850d217-45bb-4a84-8175-f159c386f1ae,didnt-feel,correct,-99.6362578,19.2938327,2026-03-19T15:02:54.402Z
69bc102086e0f5f192be12dc,613887dd04350da7a6fed2a2,2850d217-45bb-4a84-8175-f159c386f1ae,moderate,stronger,-99.8669115,16.8758213,2026-03-19T15:02:56.116Z
69bc1025733b895823a084cf,68fbee68dc29f3b93f2746a0,2850d217-45bb-4a84-8175-f159c386f1ae,didnt-feel,weaker,-99.13108799999999,19.418059,2026-03-19T15:03:01.851Z
69bc1025733b895823a084d1,59f891d3879b74cfcf2b74bc,2850d217-45bb-4a84-8175-f159c386f1ae,didnt-feel,weaker,-99.1746778,19.4445835,2026-03-19T15:03:01.882Z
69bc1029733b895823a084f3,59fc0da97a0315157e80461e,2850d217-45bb-4a84-8175-f159c386f1ae,didnt-feel,dont-know,-99.08337399999999,19.334271299999997,2026-03-19T15:03:05.888Z
69bc1034733b895823a085bc,66cdd92ea41622583afdab52,2850d217-45bb-4a84-8175-f159c386f1ae,didnt-feel,dont-know,-98.20926798507571,19.035228334201207,2026-03-19T15:03:16.834Z
69bc1040733b895823a08647,5a1d066b5ca2e1ec1826874d,2850d217-45bb-4a84-8175-f159c386f1ae,didnt-feel,correct,-99.1499789,19.3625435,2026-03-19T15:03:28.684Z
69bc104b86e0f5f192be14eb,6149f33a7db3cb8a18e61677,2850d217-45bb-4a84-8175-f159c386f1ae,didnt-feel,dont-know,-99.1913439,19.4412906,2026-03-19T15:03:39.504Z
69bc104d733b895823a086e4,5a4587f3c8ba9f2af39adaa2,2850d217-45bb-4a84-8175-f159c386f1ae,didnt-feel,correct,-99.1758649,19.4750926,2026-03-19T15:03:41.657Z
69bc1067733b895823a08853,64fb4f05420529351b133c28,2850d217-45bb-4a84-8175-f159c386f1ae,didnt-feel,dont-know,-98.6652205,19.8455975,2026-03-19T15:04:07.782Z
69bc1072733b895823a08911,5a8c2c1fdca5f1fd3f91b74d,2850d217-45bb-4a84-8175-f159c386f1ae,didnt-feel,correct,-98.2418072,19.0409762,2026-03-19T15:04:18.470Z
69bc1090733b895823a08a29,69706f59bd30ac319e2ed1f9,2850d217-45bb-4a84-8175-f159c386f1ae,didnt-feel,correct,-99.16498910000001,19.405299,2026-03-19T15:04:48.955Z
69bc109186e0f5f192be17d7,69706f59bd30ac319e2ed1f9,2850d217-45bb-4a84-8175-f159c386f1ae,didnt-feel,correct,-99.16498910000001,19.405299,2026-03-19T15:04:49.212Z
69bc109e733b895823a08ae8,5b517235c75f582e37795c35,2850d217-45bb-4a84-8175-f159c386f1ae,didnt-feel,weaker,-99.2633141,19.313414899999998,2026-03-19T15:05:02.341Z
69bc10a3733b895823a08b47,633c76c30642b2c3eddc2bb4,2850d217-45bb-4a84-8175-f159c386f1ae,didnt-feel,dont-know,-100.44176329999999,19.8910047,2026-03-19T15:05:07.336Z
69bc10b7733b895823a08bd2,605609bf9f7876000a0ac111,2850d217-45bb-4a84-8175-f159c386f1ae,didnt-feel,correct,-99.16291310000001,19.4739084,2026-03-19T15:05:27.262Z
69bc10c9733b895823a08d50,692991d68539f78c967c19c9,2850d217-45bb-4a84-8175-f159c386f1ae,didnt-feel,dont-know,-99.05503569999999,19.2833881,2026-03-19T15:05:45.545Z
69bc10cb733b895823a08d61,6578d69bacd1f66da3669439,2850d217-45bb-4a84-8175-f159c386f1ae,didnt-feel,weaker,-99.1581936,19.3887725,2026-03-19T15:05:47.453Z
69bc10d3733b895823a08daf,5ef5a5dfd6c7ac000ab50de5,2850d217-45bb-4a84-8175-f159c386f1ae,didnt-feel,correct,-99.6536246,19.326967099999997,2026-03-19T15:05:55.978Z
69bc10d7733b895823a08df1,6328bc45102af87cc1f4884b,2850d217-45bb-4a84-8175-f159c386f1ae,didnt-feel,weaker,-98.0206104,18.411008,2026-03-19T15:05:59.234Z
69bc10e1733b895823a08e41,67837f17c04301132a8772e7,2850d217-45bb-4a84-8175-f159c386f1ae,didnt-feel,dont-know,-99.16498910000001,19.3287038,2026-03-19T15:06:09.463Z
69bc10ff86e0f5f192be1d49,5a17205e49297f5a37e7d06c,2850d217-45bb-4a84-8175-f159c386f1ae,didnt-feel,correct,-99.19267409999999,19.5983736,2026-03-19T15:06:39.690Z
69bc110b86e0f5f192be1df2,66ec25222b130f38d3dfc595,2850d217-45bb-4a84-8175-f159c386f1ae,didnt-feel,correct,-99.5432441,19.2642396,2026-03-19T15:06:51.923Z
69bc1113733b895823a09054,5a4284c2c8ba9f2af39a8742,2850d217-45bb-4a84-8175-f159c386f1ae,didnt-feel,correct,-98.19669429999999,19.0090687,2026-03-19T15:06:59.141Z
69bc111886e0f5f192be1e82,632c151ebbf15e8ca4e33e41,2850d217-45bb-4a84-8175-f159c386f1ae,didnt-feel,dont-know,-99.2695201,19.3566598,2026-03-19T15:07:04.849Z
69bc1134733b895823a092e8,66e75f3af721d27c1a7f4d78,2850d217-45bb-4a84-8175-f159c386f1ae,didnt-feel,correct,-99.10522369667888,19.305095437927605,2026-03-19T15:07:32.292Z
69bc114286e0f5f192be2121,5e3286007b7ab5000a21a59a,2850d217-45bb-4a84-8175-f159c386f1ae,didnt-feel,correct,-99.10549859999999,19.3744124,2026-03-19T15:07:46.378Z
69bc114386e0f5f192be2139,655127cf61f9bb7f9666fe79,2850d217-45bb-4a84-8175-f159c386f1ae,didnt-feel,dont-know,-99.1400764114086,19.33238125108461,2026-03-19T15:07:47.813Z
69bc1146733b895823a09448,66f58bfdad132fb8ac9f0085,2850d217-45bb-4a84-8175-f159c386f1ae,didnt-feel,correct,-99.11725489999999,19.3922371,2026-03-19T15:07:50.029Z
69bc1158733b895823a09543,632cbfa220d9100946d577cc,2850d217-45bb-4a84-8175-f159c386f1ae,didnt-feel,dont-know,-99.011168,19.2491449,2026-03-19T15:08:08.647Z
69bc115c86e0f5f192be2327,6958a9c66e3fc3fc96b3ed02,2850d217-45bb-4a84-8175-f159c386f1ae,didnt-feel,dont-know,-98.31812929362059,19.06961314838442,2026-03-19T15:08:12.224Z
69bc1168733b895823a09633,5a43175edc03ee73775501f5,2850d217-45bb-4a84-8175-f159c386f1ae,didnt-feel,dont-know,-99.0654022,19.4103067,2026-03-19T15:08:24.541Z
69bc117186e0f5f192be24e2,5b78f619cec3223f344cd752,2850d217-45bb-4a84-8175-f159c386f1ae,didnt-feel,correct,-99.2187428,19.6518252,2026-03-19T15:08:33.595Z
69bc1175733b895823a0971b,5a4162fc7b8b9db590cac516,2850d217-45bb-4a84-8175-f159c386f1ae,didnt-feel,correct,-99.2321418,19.377589399999998,2026-03-19T15:08:37.761Z
69bc117f86e0f5f192be25ab,5a8b2b0e7bab68e8d71d39f2,2850d217-45bb-4a84-8175-f159c386f1ae,didnt-feel,correct,-99.132101,19.434037,2026-03-19T15:08:47.648Z
69bc1181733b895823a097f7,59fd5de861c0127ef034344a,2850d217-45bb-4a84-8175-f159c386f1ae,didnt-feel,correct,-99.22452369999999,19.3418937,2026-03-19T15:08:49.535Z
69bc118986e0f5f192be25de,5a417c907b8b9db590cb2478,2850d217-45bb-4a84-8175-f159c386f1ae,didnt-feel,correct,-99.2219915,19.2834184,2026-03-19T15:08:57.181Z
69bc1189733b895823a09832,5a417c907b8b9db590cb2478,2850d217-45bb-4a84-8175-f159c386f1ae,didnt-feel,correct,-99.2219915,19.2834184,2026-03-19T15:08:57.716Z
69bc119586e0f5f192be267b,68bf748fb6700629a6918648,2850d217-45bb-4a84-8175-f159c386f1ae,moderate,correct,-100.47297259792686,17.126464302811215,2026-03-19T15:09:09.452Z
69bc11a686e0f5f192be26ef,657bd433c4f91e5b15795619,2850d217-45bb-4a84-8175-f159c386f1ae,didnt-feel,dont-know,-99.13000781089067,19.35142940906009,2026-03-19T15:09:26.260Z
69bc11b486e0f5f192be27a8,68bf5b8e07246f67822d7714,2850d217-45bb-4a84-8175-f159c386f1ae,didnt-feel,correct,-99.08268269999999,19.4396467,2026-03-19T15:09:40.405Z
69bc11c686e0f5f192be2960,63fe1ace906b72e49777a05d,2850d217-45bb-4a84-8175-f159c386f1ae,didnt-feel,correct,-98.9341937,18.840925199999997,2026-03-19T15:09:58.817Z
69bc11d686e0f5f192be2a5b,59f88a87879b74cfcf2b6a28,2850d217-45bb-4a84-8175-f159c386f1ae,didnt-feel,correct,-99.1248628,19.2909523,2026-03-19T15:10:14.136Z
69bc11dd733b895823a09cc2,68cd5e04c9cc65129397c92f,2850d217-45bb-4a84-8175-f159c386f1ae,didnt-feel,correct,-99.0591821,19.337687799999998,2026-03-19T15:10:21.970Z
69bc11e2733b895823a09cf6,613d0f070371a763e349467f,2850d217-45bb-4a84-8175-f159c386f1ae,didnt-feel,dont-know,-99.11379699999999,19.270886,2026-03-19T15:10:26.864Z
69bc11e5733b895823a09d0f,6783826a4114dc5d731db0b3,2850d217-45bb-4a84-8175-f159c386f1ae,didnt-feel,dont-know,-99.17057471349835,18.601412730168242,2026-03-19T15:10:30.000Z
69bc11e9733b895823a09d3f,632cbabee7182de2a0c4f413,2850d217-45bb-4a84-8175-f159c386f1ae,didnt-feel,dont-know,-99.1689155,19.2660808,2026-03-19T15:10:33.483Z
69bc11e9733b895823a09d43,6322596394b4bc06f1f8bbcf,2850d217-45bb-4a84-8175-f159c386f1ae,didnt-feel,correct,-99.1442316,19.4431779,2026-03-19T15:10:33.585Z
69bc11ec733b895823a09d72,6995f5be23db74e4cdb5d5a0,2850d217-45bb-4a84-8175-f159c386f1ae,didnt-feel,correct,-99.132101,19.434037,2026-03-19T15:10:36.397Z
69bc11ef733b895823a09da7,685b1f968c1ccd2da8b9b461,2850d217-45bb-4a84-8175-f159c386f1ae,didnt-feel,correct,-99.6317555,19.3047231,2026-03-19T15:10:39.153Z
69bc11ef86e0f5f192be2b80,5ef2eda9cce9a5000a198470,2850d217-45bb-4a84-8175-f159c386f1ae,didnt-feel,dont-know,-99.2993504,19.355750699999998,2026-03-19T15:10:39.595Z
69bc11f286e0f5f192be2ba6,66f5bad115819d601fd4181f,2850d217-45bb-4a84-8175-f159c386f1ae,didnt-feel,correct,-99.1770595,19.4310383,2026-03-19T15:10:42.271Z
69bc11fd86e0f5f192be2c10,6984bd7bcc40031131d20e1c,2850d217-45bb-4a84-8175-f159c386f1ae,didnt-feel,weaker,-99.132101,19.434037,2026-03-19T15:10:53.194Z
69bc11fe86e0f5f192be2c27,673bc982813ebe4a296fdc65,2850d217-45bb-4a84-8175-f159c386f1ae,didnt-feel,dont-know,-98.17888861522079,19.002442506284886,2026-03-19T15:10:54.285Z
69bc1207733b895823a09ef4,5b8054dc88d5e344b1c54188,2850d217-45bb-4a84-8175-f159c386f1ae,didnt-feel,dont-know,-99.2081133,18.9328604,2026-03-19T15:11:03.209Z
69bc122586e0f5f192be2de1,6957f80baef16d54ed32cb09,2850d217-45bb-4a84-8175-f159c386f1ae,didnt-feel,correct,-99.1954432,19.6601261,2026-03-19T15:11:33.717Z
69bc122986e0f5f192be2e1c,5ed962918e5c72001e81dc9e,2850d217-45bb-4a84-8175-f159c386f1ae,didnt-feel,correct,-99.26469980000002,19.5652097,2026-03-19T15:11:37.665Z
69bc123386e0f5f192be2e74,5a8f68c5fa1deaace6262bcb,2850d217-45bb-4a84-8175-f159c386f1ae,didnt-feel,correct,-99.0101299,19.3835914,2026-03-19T15:11:47.766Z
69bc1234733b895823a0a0cb,632e82770642b2d9a3caea87,2850d217-45bb-4a84-8175-f159c386f1ae,didnt-feel,correct,-99.1354814,19.4514314,2026-03-19T15:11:48.418Z
69bc123a86e0f5f192be2ea1,66ec26a22b130f38d3dfd8af,2850d217-45bb-4a84-8175-f159c386f1ae,didnt-feel,dont-know,-98.9536103233695,18.804311603090316,2026-03-19T15:11:54.961Z
69bc1245733b895823a0a1c4,69915b94db948d54118103ff,2850d217-45bb-4a84-8175-f159c386f1ae,didnt-feel,correct,-99.11011772230268,19.470466332688027,2026-03-19T15:12:05.999Z
69bc125986e0f5f192be304c,59f64c90178b28f9fbf360ad,2850d217-45bb-4a84-8175-f159c386f1ae,didnt-feel,correct,-98.6233058385551,19.027349349744142,2026-03-19T15:12:25.870Z
69bc126086e0f5f192be30ab,6568b1a985025463512140fd,2850d217-45bb-4a84-8175-f159c386f1ae,didnt-feel,dont-know,-96.644732,17.0747172,2026-03-19T15:12:32.821Z
69bc126b733b895823a0a386,6783d8a7bae2e55aac17523c,2850d217-45bb-4a84-8175-f159c386f1ae,didnt-feel,dont-know,-99.1162016,19.3536229,2026-03-19T15:12:43.022Z
69bc1278733b895823a0a45b,6867d6c4b5baecb4c291642a,2850d217-45bb-4a84-8175-f159c386f1ae,weak,correct,-99.146999,19.2957335,2026-03-19T15:12:56.225Z
69bc129786e0f5f192be32e8,632cc8df148ae3c9fa98ce7d,2850d217-45bb-4a84-8175-f159c386f1ae,didnt-feel,dont-know,-102.29375397796025,19.978489461373517,2026-03-19T15:13:27.703Z
69bc129b733b895823a0a5ae,5b022e19d63194e7402f5e18,2850d217-45bb-4a84-8175-f159c386f1ae,didnt-feel,weaker,-98.8796107,19.4075834,2026-03-19T15:13:31.543Z
69bc129c733b895823a0a5c7,5f02daf976efbb000a2ab7ec,2850d217-45bb-4a84-8175-f159c386f1ae,didnt-feel,dont-know,-98.9217747,19.2818556,2026-03-19T15:13:32.710Z
69bc12a386e0f5f192be33dc,642cd28325098d3b04fabf43,2850d217-45bb-4a84-8175-f159c386f1ae,didnt-feel,dont-know,-99.1601925,19.4180436,2026-03-19T15:13:39.851Z
69bc12a686e0f5f192be33f6,67a5462b7bbb0930a7d54919,2850d217-45bb-4a84-8175-f159c386f1ae,didnt-feel,dont-know,-99.2023662,19.3017806,2026-03-19T15:13:42.241Z
69bc12a686e0f5f192be3408,642cd28325098d3b04fabf43,2850d217-45bb-4a84-8175-f159c386f1ae,didnt-feel,dont-know,-99.1601925,19.4180436,2026-03-19T15:13:42.967Z
69bc12ab733b895823a0a69f,6441cdd9a74e6418b9957b42,2850d217-45bb-4a84-8175-f159c386f1ae,didnt-feel,correct,-99.12783286048418,19.506078370644868,2026-03-19T15:13:47.247Z
69bc12b386e0f5f192be3525,6520eb22cef1b206dc4873de,2850d217-45bb-4a84-8175-f159c386f1ae,didnt-feel,dont-know,-98.860255,19.1575433,2026-03-19T15:13:55.703Z
69bc12b5733b895823a0a7b5,5a1af9ff7a124b6c66f24b68,2850d217-45bb-4a84-8175-f159c386f1ae,didnt-feel,correct,-98.19669429999999,19.0444606,2026-03-19T15:13:57.190Z
69bc12b6733b895823a0a7c9,6542668aa7196c6f09c10d30,2850d217-45bb-4a84-8175-f159c386f1ae,didnt-feel,correct,-99.06125540000001,19.317696599999998,2026-03-19T15:13:58.191Z
69bc12b886e0f5f192be3586,6520eb22cef1b206dc4873de,2850d217-45bb-4a84-8175-f159c386f1ae,didnt-feel,dont-know,-98.860255,19.1575433,2026-03-19T15:14:00.062Z
69bc12b9733b895823a0a7fe,653daf8c80de04b39c937d6f,2850d217-45bb-4a84-8175-f159c386f1ae,didnt-feel,correct,-99.19959689999999,19.6407547,2026-03-19T15:14:01.392Z
69bc12ba733b895823a0a815,65765999ec2152da4ab10c0a,2850d217-45bb-4a84-8175-f159c386f1ae,didnt-feel,dont-know,-99.0654022,19.4103067,2026-03-19T15:14:02.797Z
69bc12cb86e0f5f192be383c,59f867d27c1642f6b3de4166,2850d217-45bb-4a84-8175-f159c386f1ae,didnt-feel,correct,-98.8932734,19.3009554,2026-03-19T15:14:19.749Z
69bc12f686e0f5f192be3a89,6969e6e0d39130615af39349,2850d217-45bb-4a84-8175-f159c386f1ae,didnt-feel,dont-know,-98.98250829999999,19.390855,2026-03-19T15:15:02.816Z
69bc12fa733b895823a0aab2,69612aeafaf43476f5a39eb0,2850d217-45bb-4a84-8175-f159c386f1ae,weak,correct,-98.94799479999999,19.405824,2026-03-19T15:15:06.335Z
69bc130386e0f5f192be3b13,689eef2100362b0ee15206a9,2850d217-45bb-4a84-8175-f159c386f1ae,didnt-feel,weaker,-99.0723139,19.305360999999998,2026-03-19T15:15:15.006Z
69bc131f733b895823a0ac1b,632e00491c5347d588a3d123,2850d217-45bb-4a84-8175-f159c386f1ae,didnt-feel,correct,-99.1386972,19.4139923,2026-03-19T15:15:43.233Z
69bc132c86e0f5f192be3ce1,6640e1caee34ff54e5622b1e,2850d217-45bb-4a84-8175-f159c386f1ae,didnt-feel,correct,-99.21105398891012,19.654754632765925,2026-03-19T15:15:56.697Z
69bc132d733b895823a0acfb,6330e4b9c562796a9e9a4437,2850d217-45bb-4a84-8175-f159c386f1ae,didnt-feel,correct,-99.132101,19.434037,2026-03-19T15:15:57.010Z
69bc134986e0f5f192be3e8a,643f7bda10273ae4dce3f627,2850d217-45bb-4a84-8175-f159c386f1ae,didnt-feel,dont-know,-99.2456483,19.353706199999998,2026-03-19T15:16:25.322Z
69bc1367733b895823a0b064,698bcde0798e601a33fd2bb3,2850d217-45bb-4a84-8175-f159c386f1ae,didnt-feel,correct,-99.1690525598824,19.33048410440204,2026-03-19T15:16:55.709Z
69bc136f86e0f5f192be4101,5ab89ea51e8c06f66208cc9b,2850d217-45bb-4a84-8175-f159c386f1ae,didnt-feel,weaker,-99.04467059999999,19.4806013,2026-03-19T15:17:03.423Z
69bc1370733b895823a0b11b,698bcde0798e601a33fd2bb3,2850d217-45bb-4a84-8175-f159c386f1ae,didnt-feel,correct,-99.1690525598824,19.33048410440204,2026-03-19T15:17:04.566Z
69bc1377733b895823a0b13e,68785a64257820cc46d8c9b8,2850d217-45bb-4a84-8175-f159c386f1ae,didnt-feel,dont-know,-99.1411019,19.358374,2026-03-19T15:17:11.420Z
69bc137886e0f5f192be4179,65ab52ece49c483e13fb7b55,2850d217-45bb-4a84-8175-f159c386f1ae,didnt-feel,correct,-99.2023662,19.281163799999998,2026-03-19T15:17:12.704Z
69bc138386e0f5f192be4240,66f5cc1c5ce90cfb47ea22a4,2850d217-45bb-4a84-8175-f159c386f1ae,weak,correct,-99.132101,19.434037,2026-03-19T15:17:23.883Z
69bc1384733b895823a0b34c,5ef93630201f1f000a02e980,2850d217-45bb-4a84-8175-f159c386f1ae,didnt-feel,dont-know,-99.1483827,19.417923200000004,2026-03-19T15:17:24.672Z
69bc138c733b895823a0b3c2,68802fb05ca6affb64837433,2850d217-45bb-4a84-8175-f159c386f1ae,didnt-feel,dont-know,-99.28548839999999,19.324064399999997,2026-03-19T15:17:32.211Z
69bc138e86e0f5f192be42bd,59fa94b96defd566533b54cf,2850d217-45bb-4a84-8175-f159c386f1ae,didnt-feel,dont-know,-99.10549859999999,19.3037047,2026-03-19T15:17:34.002Z
69bc138e733b895823a0b3f2,68802fb05ca6affb64837433,2850d217-45bb-4a84-8175-f159c386f1ae,didnt-feel,dont-know,-99.28548839999999,19.324064399999997,2026-03-19T15:17:34.617Z
69bc13b7733b895823a0b590,613f57219dcca325f0b035e9,2850d217-45bb-4a84-8175-f159c386f1ae,didnt-feel,dont-know,-99.1783506,19.3697174,2026-03-19T15:18:15.644Z
69bc13c1733b895823a0b601,5b022bd0dec78c3bb27b8e6a,2850d217-45bb-4a84-8175-f159c386f1ae,didnt-feel,dont-know,-99.24141258078406,19.549943420173765,2026-03-19T15:18:25.394Z
69bc13cb733b895823a0b6ae,5a2f656f14840f98fb7c3cc5,2850d217-45bb-4a84-8175-f159c386f1ae,didnt-feel,dont-know,-98.21890549999999,19.3182165,2026-03-19T15:18:35.865Z
69bc13d486e0f5f192be465f,5a415fb07b8b9db590ca815a,2850d217-45bb-4a84-8175-f159c386f1ae,didnt-feel,correct,-99.16083719999999,19.4276061,2026-03-19T15:18:44.918Z
69bc13e786e0f5f192be477e,5a06058824d403e624c2057c,2850d217-45bb-4a84-8175-f159c386f1ae,didnt-feel,correct,-99.1373136,19.4302678,2026-03-19T15:19:03.601Z
69bc13ea733b895823a0b8bd,5cd831af4c47354cb5a0f3d9,2850d217-45bb-4a84-8175-f159c386f1ae,didnt-feel,correct,-99.2051355,19.490178099999998,2026-03-19T15:19:06.261Z
69bc13eb733b895823a0b8c5,69b4c9bc4f526f4e026a3e85,2850d217-45bb-4a84-8175-f159c386f1ae,didnt-feel,dont-know,-99.78728454290521,17.006031411513998,2026-03-19T15:19:07.504Z
69bc13fd733b895823a0b9c4,59f829fb7c1642f6b3de38a1,2850d217-45bb-4a84-8175-f159c386f1ae,didnt-feel,correct,-99.18426199999999,19.380796,2026-03-19T15:19:25.271Z
69bc140286e0f5f192be48f8,6995f5c7db9f70d603b49c5a,2850d217-45bb-4a84-8175-f159c386f1ae,didnt-feel,correct,-99.0654022,19.4103067,2026-03-19T15:19:30.425Z
69bc1416733b895823a0bad5,5a3b3bf17b8b9db590ca1d72,2850d217-45bb-4a84-8175-f159c386f1ae,didnt-feel,correct,-98.997699,19.3650524,2026-03-19T15:19:50.145Z
